wavelength_nm,polarization,low,high,dR_pp,dP_sub_pp,dA_relief_pp,max_abs_pp,pass
400,TE,32,40,4.6554947537996716e-05,2.3486233144272582e-11,-4.6554971022683134e-05,4.6554971022683134e-05,True
400,TM,32,40,-8.214175943734936e-05,0.005680937606118708,-0.0055987958466841015,0.005680937606118708,True
400,TE,40,48,2.281102810322566e-05,1.0853754417605805e-11,-2.2811038946635165e-05,2.2811038946635165e-05,True
400,TM,40,48,0.0003623082788775851,0.0015076260902944366,-0.0018699343691697123,0.0018699343691697123,True
400,TE,48,56,1.086807552494462e-05,5.394666891041294e-12,-1.0868080924097967e-05,1.0868080924097967e-05,True
400,TM,48,56,1.700936376761381e-05,-0.0037255303262980627,0.0037085209625309368,0.0037255303262980627,True
450,TE,32,40,4.4082164400716106e-05,7.998471957495604e-11,-4.4082244399223924e-05,4.4082244399223924e-05,True
450,TM,32,40,-0.00027946380004438987,0.004317662851065565,-0.004038199051037417,0.004317662851065565,True
450,TE,40,48,2.1528445863505663e-05,3.688017191841642e-11,-2.1528482740951205e-05,2.1528482740951205e-05,True
450,TM,40,48,0.0003470631602419229,0.002256297425191553,-0.002603360585418102,0.002603360585418102,True
450,TE,48,56,1.0283559132018283e-05,1.8347446799565064e-11,-1.0283577478453765e-05,1.0283577478453765e-05,True
450,TM,48,56,-0.0001234247867229585,-0.004519861953918014,0.004643286740624308,0.004643286740624308,True
500,TE,32,40,3.810057039727033e-05,1.5523425407138939e-09,-3.810212272359337e-05,3.810212272359337e-05,True
500,TM,32,40,-0.0008736795761471764,-0.0003763514078117258,0.001250030983956929,0.001250030983956929,True
500,TE,40,48,1.8554326428055212e-05,7.032565024859958e-10,-1.855502969050349e-05,1.855502969050349e-05,True
500,TM,40,48,0.0005079111574807834,0.008153523843806854,-0.008661435001289242,0.008661435001289242,True
500,TE,48,56,8.883008220661459e-06,3.5407150945725423e-10,-8.883362290212915e-06,8.883362290212915e-06,True
500,TM,48,56,-0.00023861488614223755,-0.009100893111485889,0.009339507997629948,0.009339507997629948,True
550,TE,32,40,8.072761316091359e-05,2.570001419500167e-10,-8.072787016089045e-05,8.072787016089045e-05,True
550,TM,32,40,-0.12079515659729548,0.1573805312032106,-0.036585374605913046,0.1573805312032106,True
550,TE,40,48,4.023665265417975e-05,1.1590923694413942e-10,-4.023676856146352e-05,4.023676856146352e-05,True
550,TM,40,48,0.05482984381716821,0.0371767081787544,-0.09200655199592678,0.09200655199592678,True
550,TE,48,56,1.898397933297602e-05,5.853471703545679e-11,-1.8984037869484993e-05,1.8984037869484993e-05,True
550,TM,48,56,-0.08067885221614071,-0.120940931522448,0.20161978373859357,0.20161978373859357,True
600,TE,32,40,6.339307734304356e-05,2.0488067542717802e-11,-6.339309782943392e-05,6.339309782943392e-05,True
600,TM,32,40,-0.3721065625227671,0.17726499077878322,0.19484157174397554,0.3721065625227671,True
600,TE,40,48,3.21574403772118e-05,9.255742171977841e-12,-3.215744963369627e-05,3.215744963369627e-05,True
600,TM,40,48,0.2648756629471949,0.03905711901632247,-0.30393278196351736,0.30393278196351736,True
600,TE,48,56,1.50061442827365e-05,4.668576721604915e-12,-1.5006148951224318e-05,1.5006148951224318e-05,True
600,TM,48,56,-0.332738602381194,-0.006087581273567233,0.3388261836547668,0.3388261836547668,True
650,TE,32,40,3.9772432880447184e-05,3.1283283390833413e-12,-3.9772436009888334e-05,3.9772436009888334e-05,False
650,TM,32,40,-0.5710894165226299,0.18180006516322067,0.389289351359412,0.5710894165226299,False
650,TE,40,48,2.041778734973576e-05,1.4158471703587456e-12,-2.0417788765270117e-05,2.0417788765270117e-05,False
650,TM,40,48,1.1134456311854612,-0.05374940654360866,-1.059696224641854,1.1134456311854612,False
650,TE,48,56,9.45782860917177e-06,7.13232946439062e-13,-9.457829322490063e-06,9.457829322490063e-06,False
650,TM,48,56,-0.6498977492766178,-0.04028118503777295,0.6901789343143894,0.6901789343143894,False
700,TE,32,40,3.061076474519808e-05,1.0009306241165645e-12,-3.061076574717436e-05,3.061076574717436e-05,False
700,TM,32,40,0.4273462715622789,0.07593804433652443,-0.5032843158988054,0.5032843158988054,False
700,TE,40,48,1.5839828704233838e-05,4.5378641706062333e-13,-1.58398291580375e-05,1.58398291580375e-05,True
700,TM,40,48,0.35026614591139316,-0.020704289908332618,-0.32956185600306054,0.35026614591139316,True
700,TE,48,56,7.3013610046857025e-06,2.2832357943019965e-13,-7.3013612322814225e-06,7.3013612322814225e-06,False
700,TM,48,56,-0.5141539544430307,0.04514333903045328,0.4690106154125767,0.5141539544430307,False
