figure,method,modes,harmonics,eigen_dimension,quadrature_actual,wavelength,evaluation_wavelength,T0,T,R,A,max_boundary_condition,device,backend
9,fmm,19,39,39,0,1.16,1.16,0.993435987411848,0.993435987411848,0.006564012588150064,1.887379141862766e-15,1079.2007194302141,cpu,torch
9,fmm,19,39,39,0,1.17,1.17,0.2946857033184766,0.2946857033184766,0.7053142966815205,2.942091015256665e-15,1061.552032916491,cpu,torch
9,fmm,19,39,39,0,1.18,1.18,0.6554744907097746,0.6554744907097746,0.3445255092902292,-3.774758283725532e-15,1052.354505106435,cpu,torch
9,fmm,38,77,77,0,1.16,1.16,0.9974259848398546,0.9974259848398546,0.0025740151601430974,2.3314683517128287e-15,3052.6015387910925,cpu,torch
9,fmm,38,77,77,0,1.17,1.17,0.3396885387228399,0.3396885387228399,0.6603114612771601,0.0,3048.925453207628,cpu,torch
9,fmm,38,77,77,0,1.18,1.18,0.718817566046841,0.718817566046841,0.28118243395315945,-4.440892098500626e-16,3045.280675354729,cpu,torch
9,asr,19,39,117,312,1.16,1.16,0.997783359169317,0.997783359169317,0.0022166408305031742,1.7974510768681284e-13,520.6457998909992,cpu,torch
9,asr,19,39,117,312,1.17,1.17,0.34222010255391805,0.34222010255391805,0.6577798974461126,-3.069766663088558e-14,520.0964770222614,cpu,torch
9,asr,19,39,117,312,1.18,1.18,0.7018836073523226,0.7018836073523226,0.2981163926481529,-4.755085214469545e-13,519.669342905686,cpu,torch
9,asr,38,77,231,616,1.16,1.16,0.9977663204995608,0.9977663204995608,0.0022336794997407147,6.98441304791686e-13,1178.0401525254968,cpu,torch
9,asr,38,77,231,616,1.17,1.17,0.3405606628127898,0.3405606628127898,0.6594393371873967,-1.8646195698579504e-13,1176.6575848403909,cpu,torch
9,asr,38,77,231,616,1.18,1.18,0.7298390333803547,0.7298390333803547,0.27016096661777256,1.872724197937714e-12,1175.4214408392795,cpu,torch
