step,wavelength_nm,reflectance,gradient_norm,seconds
1,all,0.19623467786449197,0.1616572251325268,1060.5775014162064
2,all,0.19757835764864187,0.12142065317514793,1013.1845295042731
3,all,0.19550879278995814,0.22416244399647292,854.1248121438548
4,all,0.19595289502781255,0.10602394909189995,1484.136611145921
5,all,0.1947367075135715,0.31728668842047175,1048.0603145258501
6,all,0.19601088169786457,0.07318003184541483,1023.4242470213212
7,all,0.19629259717821404,0.10080251113778585,1023.3725472581573
8,all,0.1959637762829467,0.2476022857962796,1032.2911124117672
9,all,0.19573206878603955,0.1701536227017825,1020.2300622579642
10,all,0.1947214150223754,0.12921986373403224,1024.861688253004
11,all,0.19523033518047817,0.11261634538182978,1020.1141803730279
12,all,0.19496671457979342,0.17570567275997123,1065.0005838000216
