study,series,order,harmonics,slices,wavelength_nm,polarization,eigen_dimension,internal_ratio,G,quadrature_actual,total_finite_layers,device,backend,runtime_seconds_both_polarizations,passivity_ok,error,reflectance,power_into_substrate,relief_absorptance,absorptance_total,difference_from_finite_li_reference_reflectance,difference_from_finite_li_reference_power_into_substrate,difference_from_finite_li_reference_relief_absorptance,transmittance_far
gold_grating_1d,li,2,5,420,400,TE,5,1,,0,420,cuda:0,torch,10.306665511336178,True,,0.035755154487723775,4.9372264430426944e-08,0.9642447961400118,0.9642448455122762,0.002126416421460449,5.225902916576561e-10,0.002126416944050691,
gold_grating_1d,li,2,5,420,400,TM,5,1,,0,420,cuda:0,torch,10.306665511336178,True,,0.0006049257192917673,0.026729945321814358,0.9726651289588939,0.9993950742807083,0.0002516139010151308,0.00015511844575940084,9.649545525569625e-05,
gold_grating_1d,li,2,5,420,450,TE,5,1,,0,420,cuda:0,torch,0.8554663769900799,True,,0.05230607883879736,2.0874462886404503e-07,0.9476937124165737,0.9476939211612027,0.002176071313513911,3.0462439877833477e-09,0.0021760743597578625,
gold_grating_1d,li,2,5,420,450,TM,5,1,,0,420,cuda:0,torch,0.8554663769900799,True,,0.0008488379430298286,0.029484641653190685,0.9696665204037795,0.9991511620569702,7.577633720556496e-05,0.0006175198782139082,0.00069329621541947,
gold_grating_1d,li,2,5,420,500,TE,5,1,,0,420,cuda:0,torch,0.8468786417506635,True,,0.09154551411540061,2.5072221555072833e-06,0.9084519786624439,0.9084544858845994,0.0019911121310718927,6.776179200983523e-08,0.0019911798928639035,
gold_grating_1d,li,2,5,420,500,TM,5,1,,0,420,cuda:0,torch,0.8468786417506635,True,,0.0009258428681972557,0.025557812174909718,0.973516344956893,0.9990741571318027,9.35114485813523e-05,0.004848947671421459,0.004942459120002796,
gold_grating_1d,li,2,5,420,550,TE,5,1,,0,420,cuda:0,torch,0.8494266867637634,True,,0.5073561027055111,1.9041467581067023e-07,0.49264370687981307,0.4926438972944889,0.0037600767756459375,1.1440842113888965e-08,0.0037600882164880445,
gold_grating_1d,li,2,5,420,550,TM,5,1,,0,420,cuda:0,torch,0.8494266867637634,True,,0.04399009055470517,0.15262733519983473,0.8033825742454601,0.9560099094452948,0.0158511997569522,0.0027262105225624167,0.01857741027951465,
gold_grating_1d,li,2,5,420,600,TE,5,1,,0,420,cuda:0,torch,0.8400971251539886,True,,0.7791760365613822,1.0709082888154084e-08,0.22082395272953487,0.22082396343861777,0.002751876111572793,9.212040365675366e-10,0.0027518770327768227,
gold_grating_1d,li,2,5,420,600,TM,5,1,,0,420,cuda:0,torch,0.8400971251539886,True,,0.3418172856920578,0.17839620288848884,0.47978651141945333,0.6581827143079422,0.04847188726275048,0.036572675244414515,0.011899212018336047,
gold_grating_1d,li,2,5,420,650,TE,5,1,,0,420,cuda:0,torch,0.8393292278051376,True,,0.8939872660421915,1.3357696062141605e-09,0.10601273262203892,0.10601273395780852,0.0016587979721078838,1.4130460463693002e-10,0.0016587981134124907,
gold_grating_1d,li,2,5,420,650,TM,5,1,,0,420,cuda:0,torch,0.8393292278051376,True,,0.65539583138025,0.105184063820653,0.23942010479909698,0.34460416861974996,0.018887202323981445,0.025331552549936742,0.006444350225955298,
gold_grating_1d,li,2,5,420,700,TE,5,1,,0,420,cuda:0,torch,0.8294232250191271,True,,0.9287533045302698,3.800885369036254e-10,0.07124669508964164,0.07124669546973017,0.0012476002096544203,4.529478702884809e-11,0.001247600254949216,
gold_grating_1d,li,2,5,420,700,TM,5,1,,0,420,cuda:0,torch,0.8294232250191271,True,,0.756374016296145,0.0761062821260804,0.16751970157777463,0.24362598370385502,0.003437809812948611,0.01828300941272095,0.014845199599772346,
gold_grating_1d,li,4,9,420,400,TE,9,1,,0,420,cuda:0,torch,1.1165125449188054,True,,0.037414056573316416,4.9714925777370706e-08,0.9625858937117578,0.9625859434266836,0.000467514335867808,1.7992894471389433e-10,0.00046751451579674086,
gold_grating_1d,li,4,9,420,400,TM,9,1,,0,420,cuda:0,torch,1.1165125449188054,True,,0.0007639551712251514,0.02777588930263643,0.9714601555261384,0.9992360448287748,9.258444908174666e-05,0.0012010624265814743,0.0011084779774998,
gold_grating_1d,li,4,9,420,450,TE,9,1,,0,420,cuda:0,torch,0.9321555523201823,True,,0.054042472649192146,2.1113939428342254e-07,0.9459573162114135,0.9459575273508078,0.0004396775031191222,6.514785684058372e-10,0.0004396781545976669,
gold_grating_1d,li,4,9,420,450,TM,9,1,,0,420,cuda:0,torch,0.9321555523201823,True,,0.0009039997856663647,0.03130220171344725,0.9677937985008864,0.9990960002143336,2.0614494569028813e-05,0.0012000401820426547,0.0011794256874736453,
gold_grating_1d,li,4,9,420,500,TE,9,1,,0,420,cuda:0,torch,0.9006120259873569,True,,0.09316469654345554,2.5625726263532443e-06,0.9068327408839182,0.9068353034565445,0.00037192970301697104,1.2411321163874158e-08,0.00037194211433821955,
gold_grating_1d,li,4,9,420,500,TM,9,1,,0,420,cuda:0,torch,0.9006120259873569,True,,0.0010379113442911382,0.031219398685898354,0.9677426899698105,0.9989620886557089,1.8557027512530223e-05,0.0008126388395671771,0.0008311958670796926,
gold_grating_1d,li,4,9,420,550,TE,9,1,,0,420,cuda:0,torch,0.8931447439827025,True,,0.5103252528335426,1.9981404546415057e-07,0.48967454735241195,0.4896747471664574,0.0007909266476144872,2.041472460408626e-09,0.0007909286890869227,
gold_grating_1d,li,4,9,420,550,TM,9,1,,0,420,cuda:0,torch,0.8931447439827025,True,,0.06018939725866362,0.16542515664736235,0.7743854460939741,0.9398106027413364,0.00034810694700624506,0.010071610924965196,0.010419717871971379,
gold_grating_1d,li,4,9,420,600,TE,9,1,,0,420,cuda:0,torch,0.8902833918109536,True,,0.7813049103557274,1.1466403262809809e-08,0.21869507817786937,0.21869508964427264,0.0006230023172276722,1.638836619118119e-10,0.0006230024811113288,
gold_grating_1d,li,4,9,420,600,TM,9,1,,0,420,cuda:0,torch,0.8902833918109536,True,,0.3873165068516117,0.15716711376377906,0.45551637938460926,0.6126834931483883,0.0029726661031966306,0.015343586119704739,0.012370920016508025,
gold_grating_1d,li,4,9,420,650,TE,9,1,,0,420,cuda:0,torch,0.893792272079736,True,,0.8952550265790389,1.4518983924731306e-09,0.10474497196906273,0.10474497342096112,0.0003910374352604773,2.5175818377959928e-11,0.00039103746043629706,
gold_grating_1d,li,4,9,420,650,TM,9,1,,0,420,cuda:0,torch,0.893792272079736,True,,0.6755249884094603,0.0896100424193487,0.234864969171191,0.3244750115905397,0.0012419547052288094,0.00975753114863244,0.010999485853861263,
gold_grating_1d,li,4,9,420,700,TE,9,1,,0,420,cuda:0,torch,0.8964255042374134,True,,0.9296999006598845,4.172899082809102e-10,0.07030009892282559,0.0703000993401155,0.0003010040800397462,8.093415651563275e-12,0.00030100408813316104,
gold_grating_1d,li,4,9,420,700,TM,9,1,,0,420,cuda:0,torch,0.8964255042374134,True,,0.7642937579750244,0.0654313072683495,0.17027493475662608,0.2357062420249756,0.004481931865930822,0.0076080345549900605,0.012089966420920889,
gold_grating_1d,li,8,17,420,400,TE,17,1,,0,420,cuda:0,torch,2.087281320709735,True,,0.03783060419939694,4.9868340024853564e-08,0.962169345932263,0.962169395800603,5.0966709787284015e-05,2.6514697231036054e-11,5.096673630189397e-05,
gold_grating_1d,li,8,17,420,400,TM,17,1,,0,420,cuda:0,torch,2.087281320709735,True,,0.0008595365253624831,0.02673829679643073,0.9724021666782068,0.9991404634746375,2.996905055584957e-06,0.00016346992037577154,0.00016646682543142166,
gold_grating_1d,li,8,17,420,450,TE,17,1,,0,420,cuda:0,torch,1.0929543441161513,True,,0.054433127898256266,2.116996984242333e-07,0.9455666604020453,0.9455668721017437,4.902225405500199e-05,9.11744275950893e-11,4.902234522941029e-05,
gold_grating_1d,li,8,17,420,450,TM,17,1,,0,420,cuda:0,torch,1.0929543441161513,True,,0.0009403285169117335,0.030365862255725337,0.9686938092273629,0.9990596714830883,1.571423667633999e-05,0.0002637007243207444,0.0002794149609971486,
gold_grating_1d,li,8,17,420,500,TE,17,1,,0,420,cuda:0,torch,1.0915763592347503,True,,0.09349387364188966,2.573200177091623e-06,0.9065035531579333,0.9065061263581103,4.275260458284913e-05,1.7837704254954841e-09,4.275438835332768e-05,
gold_grating_1d,li,8,17,420,500,TM,17,1,,0,420,cuda:0,torch,1.0915763592347503,True,,0.0010592783376026063,0.030880992978671435,0.968059728683726,0.9989407216623974,3.9924020823998334e-05,0.0004742331323402578,0.0005141571531641631,
gold_grating_1d,li,8,17,420,550,TE,17,1,,0,420,cuda:0,torch,1.0869653937406838,True,,0.5110243730152628,2.0155993199353998e-07,0.4889754254248052,0.4889756269847372,9.180646589423969e-05,2.955859310192235e-10,9.18067614801843e-05,
gold_grating_1d,li,8,17,420,550,TM,17,1,,0,420,cuda:0,torch,1.0869653937406838,True,,0.06292045436583192,0.1536121131213783,0.7834674325127897,0.9370795456341681,0.003079164054174549,0.0017414326010188608,0.0013377314531557438,
gold_grating_1d,li,8,17,420,600,TE,17,1,,0,420,cuda:0,torch,1.1071921130642295,True,,0.7818552015774445,1.1606725775625642e-08,0.21814478681582974,0.21814479842255552,7.2711095510547e-05,2.3561149095978262e-11,7.271111907170003e-05,
gold_grating_1d,li,8,17,420,600,TM,17,1,,0,420,cuda:0,torch,1.1071921130642295,True,,0.39575045342321835,0.14047655327894407,0.4637729932978376,0.6042495465767816,0.005461280468410046,0.0013469743651302601,0.004114306103279675,
gold_grating_1d,li,8,17,420,650,TE,17,1,,0,420,cuda:0,torch,1.10929494490847,True,,0.8956001829314482,1.4734764101679732e-09,0.10439981559507543,0.10439981706855184,4.588108285119574e-05,3.597800683117379e-12,4.5881086448998354e-05,
gold_grating_1d,li,8,17,420,650,TM,17,1,,0,420,cuda:0,torch,1.10929494490847,True,,0.6791278193227448,0.07964743426698806,0.24122474641026714,0.3208721806772552,0.004844785618513314,0.00020507700372819626,0.004639708614785132,
gold_grating_1d,li,8,17,420,700,TE,17,1,,0,420,cuda:0,torch,1.1023759976960719,True,,0.929965450331557,4.2423200429765385e-10,0.07003454924421101,0.07003454966844302,3.545440836727476e-05,1.151319634819641e-12,3.545440951858991e-05,
gold_grating_1d,li,8,17,420,700,TM,17,1,,0,420,cuda:0,torch,1.1023759976960719,True,,0.766416108142009,0.05818717508576752,0.1753967167722235,0.233583891857991,0.0066042820329154095,0.0003639023724080759,0.006968184405323485,
gold_grating_1d,li,12,25,420,400,TE,25,1,,0,420,cuda:0,torch,1.2968702563084662,True,,0.037865843960090906,4.988656253339222e-08,0.9621341061533465,0.962134156039909,1.5726949093318454e-05,8.292188692381115e-12,1.5726957385386875e-05,
gold_grating_1d,li,12,25,420,400,TM,25,1,,0,420,cuda:0,torch,1.2968702563084662,True,,0.0008477289746626004,0.02620740467844974,0.9729448663468877,0.9991522710253374,8.810645644297729e-06,0.0003674221976052161,0.0003762328432495021,
gold_grating_1d,li,12,25,420,450,TE,25,1,,0,420,cuda:0,torch,1.277946918271482,True,,0.05446715217700507,2.1176247863854635e-07,0.9455326360605163,0.945532847822995,1.4997975306199618e-05,2.839421328202776e-11,1.499800370041715e-05,
gold_grating_1d,li,12,25,420,450,TM,25,1,,0,420,cuda:0,torch,1.277946918271482,True,,0.0009270960293865226,0.029788076301011237,0.9692848276696022,0.9990729039706134,2.4817491511290764e-06,0.00031408523039335584,0.00031160348124215087,
gold_grating_1d,li,12,25,420,500,TE,25,1,,0,420,cuda:0,torch,1.2716076481156051,True,,0.09352359681593599,2.574425304763756e-06,0.9064738287587593,0.906476403184064,1.3029430536520836e-05,5.58642753362694e-10,1.3029989179291768e-05,
gold_grating_1d,li,12,25,420,500,TM,25,1,,0,420,cuda:0,torch,1.2716076481156051,True,,0.0010432234527722507,0.03012313631622309,0.9688336402310046,0.9989567765472277,2.386913599364271e-05,0.0002836235301080861,0.0002597543941144087,
gold_grating_1d,li,12,25,420,550,TE,25,1,,0,420,cuda:0,torch,1.2716219588182867,True,,0.5110889312209853,2.0176274794115108e-07,0.48891086701626674,0.4889110687790147,2.7248260171752747e-05,9.276998340811916e-11,2.724835294171113e-05,
gold_grating_1d,li,12,25,420,550,TM,25,1,,0,420,cuda:0,torch,1.2716219588182867,True,,0.06255486688439862,0.14869859586509987,0.7887465372505016,0.9374451331156014,0.0027135765727412525,0.006654949857297282,0.003941373284556127,
gold_grating_1d,li,12,25,420,600,TE,25,1,,0,420,cuda:0,torch,1.2718433397822082,True,,0.7819067255133525,1.1622898382205256e-08,0.2180932628637491,0.2180932744866475,2.118715960253148e-05,7.388542516364924e-12,2.118716699106571e-05,
gold_grating_1d,li,12,25,420,600,TM,25,1,,0,420,cuda:0,torch,1.2718433397822082,True,,0.39615673772624616,0.13571300013218285,0.468130262141571,0.6038432622737538,0.00586756477143785,0.006110527511891478,0.00024296274045371158,
gold_grating_1d,li,12,25,420,650,TE,25,1,,0,420,cuda:0,torch,1.2842344609089196,True,,0.8956328564913444,1.4759472333307955e-09,0.10436714203270837,0.10436714350865561,1.3207522954972184e-05,1.1269775202950866e-12,1.3207524081945698e-05,
gold_grating_1d,li,12,25,420,650,TM,25,1,,0,420,cuda:0,torch,1.2842344609089196,True,,0.6788104625338759,0.07658681012807923,0.2446027273380449,0.3211895374661241,0.004527428829644409,0.003265701142637023,0.0012617276870073857,
gold_grating_1d,li,12,25,420,700,TE,25,1,,0,420,cuda:0,torch,1.2726587080396712,True,,0.929990780906167,4.25023089127234e-10,0.07000921866880987,0.07000921909383295,1.0123833757202938e-05,3.602348052394968e-13,1.0123834117442554e-05,
gold_grating_1d,li,12,25,420,700,TM,25,1,,0,420,cuda:0,torch,1.2726587080396712,True,,0.7652210029909554,0.05560027040504454,0.17917872660400005,0.2347789970090446,0.005409176881861821,0.002223002308314903,0.0031861745735469182,
gold_grating_1d,li,16,33,420,400,TE,33,1,,0,420,cuda:0,torch,2.1372078410349786,True,,0.037873939133513335,4.989111583439965e-08,0.9621260109753709,0.9621260608664867,7.631775670889629e-06,3.738887684950643e-12,7.631779409766892e-06,
gold_grating_1d,li,16,33,420,400,TM,33,1,,0,420,cuda:0,torch,2.1372078410349786,True,,0.0008370476098886515,0.026139133018194302,0.9730238193719171,0.9991629523901113,1.9492010418246638e-05,0.0004356938578606549,0.0004551858682788623,
gold_grating_1d,li,16,33,420,450,TE,33,1,,0,420,cuda:0,torch,1.5697906110435724,True,,0.054474938019970436,2.1177811358862238e-07,0.945524850201916,0.9455250619800296,7.2121323408322335e-06,1.2759263205999726e-11,7.212145100132794e-06,
gold_grating_1d,li,16,33,420,450,TM,33,1,,0,420,cuda:0,torch,1.5697906110435724,True,,0.0009134265809566133,0.029671370518980833,0.9694152029000626,0.9990865734190434,1.1187699278780239e-05,0.00043079101242375975,0.00044197871170248426,
gold_grating_1d,li,16,33,420,500,TE,33,1,,0,420,cuda:0,torch,1.5711749191395938,True,,0.0935304048500964,2.574737563405057e-06,0.9064670204123402,0.9064695951499036,6.221396376113186e-06,2.4638411206132503e-10,6.221642760206869e-06,
gold_grating_1d,li,16,33,420,500,TM,33,1,,0,420,cuda:0,torch,1.5711749191395938,True,,0.0010211436601178178,0.029835519616538724,0.9691433367233434,0.9989788563398821,1.789343339209798e-06,0.0005712402297924531,0.0005694508864532155,
gold_grating_1d,li,16,33,420,550,TE,33,1,,0,420,cuda:0,torch,1.5712658651173115,True,,0.5111029308105827,2.0181477991678521e-07,0.4888968673746374,0.48889706918941733,1.324867057439505e-05,4.073800777398504e-11,1.3248711312363604e-05,
gold_grating_1d,li,16,33,420,550,TM,33,1,,0,420,cuda:0,torch,1.5712658651173115,True,,0.060630835235807076,0.1459513113461451,0.7934178534180478,0.939369164764193,0.0007895449241497043,0.009402234376252039,0.008612689452102362,
gold_grating_1d,li,16,33,420,600,TE,33,1,,0,420,cuda:0,torch,1.5709821311756968,True,,0.7819174664659809,1.1627036849282679e-08,0.2180825219069822,0.21808253353401907,1.0446206974101813e-05,3.2500754389417245e-12,1.0446210224168695e-05,
gold_grating_1d,li,16,33,420,600,TM,33,1,,0,420,cuda:0,torch,1.5709821311756968,True,,0.37606528413821255,0.13257019443907267,0.4913645214227147,0.6239347158617874,0.014223888816595753,0.009253333205001657,0.02347722202159741,
gold_grating_1d,li,16,33,420,650,TE,33,1,,0,420,cuda:0,torch,1.5750139439478517,True,,0.8956394921345917,1.476577601277052e-09,0.1043605063888307,0.10436050786540829,6.5718797076508295e-06,4.966095740385286e-13,6.571880204267466e-06,
gold_grating_1d,li,16,33,420,650,TM,33,1,,0,420,cuda:0,torch,1.5750139439478517,True,,0.6348606141355423,0.0762613319683366,0.2888780538961211,0.3651393858644577,0.03942241956868919,0.003591179302379663,0.043013598871068814,
gold_grating_1d,li,16,33,420,700,TE,33,1,,0,420,cuda:0,torch,1.580803934019059,True,,0.9299958374912168,4.2522433253690934e-10,0.07000416208355884,0.07000416250878316,5.067248707413263e-06,1.5899139556414896e-13,5.067248866411078e-06,
gold_grating_1d,li,16,33,420,700,TM,33,1,,0,420,cuda:0,torch,1.580803934019059,True,,0.7186721999398341,0.05641378125988329,0.2249140188002826,0.2813278000601659,0.04113962616925948,0.0014094914534761513,0.04254911762273564,
gold_grating_1d,li,24,49,420,400,TE,49,1,,0,420,cuda:0,torch,2.581818135920912,True,,0.0378792300569651,4.989371936255904e-08,0.9621207200493155,0.9621207699430349,2.3408522191251113e-06,1.1353595255576016e-12,2.3408533543767263e-06,
gold_grating_1d,li,24,49,420,400,TM,49,1,,0,420,cuda:0,torch,2.581818135920912,True,,0.0008429009253850033,0.026588074465083412,0.9725690246095317,0.999157099074615,1.363869492189483e-05,1.3247589028455437e-05,3.911058934491507e-07,
gold_grating_1d,li,24,49,420,450,TE,49,1,,0,420,cuda:0,torch,2.3362158639356494,True,,0.05447993661321856,2.117870106260898e-07,0.9455198515997708,0.9455200633867814,2.2135390927088827e-06,3.862225738575415e-12,2.213542954931924e-06,
gold_grating_1d,li,24,49,420,450,TM,49,1,,0,420,cuda:0,torch,2.3362158639356494,True,,0.0009185178007596342,0.03012484987178468,0.9689566323274557,0.9990814821992403,6.096479475759366e-06,2.2688340380088573e-05,1.6591860904413558e-05,
gold_grating_1d,li,24,49,420,500,TE,49,1,,0,420,cuda:0,torch,2.3255804451182485,True,,0.09353471580936475,2.5749098795734287e-06,0.9064627092807557,0.9064652841906352,1.91043710776051e-06,7.406794368984494e-11,1.9105111757067306e-06,
gold_grating_1d,li,24,49,420,500,TM,49,1,,0,420,cuda:0,torch,2.3255804451182485,True,,0.0010151091091602342,0.03041585699287703,0.9685690338979627,0.9989848908908397,4.245207618373825e-06,9.09714654585142e-06,4.851938927519228e-06,
gold_grating_1d,li,24,49,420,550,TE,49,1,,0,420,cuda:0,torch,2.350754573009908,True,,0.5111120594619609,2.0184329312728626e-07,0.48888773869474594,0.4888879405380391,4.120019196141023e-06,1.2224797272943579e-11,4.120031420917769e-06,
gold_grating_1d,li,24,49,420,550,TM,49,1,,0,420,cuda:0,torch,2.350754573009908,True,,0.060252299408019655,0.15640799916072853,0.7833397014312518,0.9397477005919803,0.0004110090963622831,0.001054453438331382,0.0014654625346937067,
gold_grating_1d,li,24,49,420,600,TE,49,1,,0,420,cuda:0,torch,2.368978108279407,True,,0.7819246336555798,1.162931122307275e-08,0.21807535471510892,0.21807536634442015,3.2790173751795493e-06,9.757016488704054e-13,3.279018350871299e-06,
gold_grating_1d,li,24,49,420,600,TM,49,1,,0,420,cuda:0,torch,2.368978108279407,True,,0.3924324452353629,0.1424927910751109,0.46507476368952616,0.6075675547646371,0.002143272280554609,0.0006692634310365708,0.0028125357115911243,
gold_grating_1d,li,24,49,420,650,TE,49,1,,0,420,cuda:0,torch,2.3909440729767084,True,,0.8956439878297606,1.4769250378513996e-09,0.10435601069331434,0.10435601217023938,2.0761845387351485e-06,1.4917299969094623e-13,2.0761846879074897e-06,
gold_grating_1d,li,24,49,420,650,TM,49,1,,0,420,cuda:0,torch,2.3909440729767084,True,,0.6723574062772366,0.08028571202699658,0.2473568816957668,0.3276425937227634,0.0019256274269948692,0.00043320075628032473,0.0014924266707145306,
gold_grating_1d,li,24,49,420,700,TE,49,1,,0,420,cuda:0,torch,2.3939711460843682,True,,0.9299992969877844,4.253355367529235e-10,0.07000070258688008,0.07000070301221561,1.6077521398649708e-06,4.778717955000604e-14,1.607752187660072e-06,
gold_grating_1d,li,24,49,420,700,TM,49,1,,0,420,cuda:0,torch,2.3939711460843682,True,,0.7588620434995921,0.058081899559887136,0.1830560569405208,0.24113795650040792,0.0009497826095015149,0.0002586268465276931,0.0006911557629738219,
gold_grating_1d,asr_r4,2,5,420,400,TE,20,4,0.001,192,420,cuda:0,torch,3.8255152800120413,True,,0.038116460955755306,4.980871542666972e-08,0.9618834892355294,0.9618835390442447,0.0002348900465710818,8.613929541488292e-11,0.00023488996043175003,0.0
gold_grating_1d,asr_r4,2,5,420,400,TM,20,4,0.001,192,420,cuda:0,torch,3.8255152800120413,True,,0.0003932458739610068,0.027675313423085497,0.9719314407029535,0.9996067541260389,0.0004632937463458913,0.0011004865470305401,0.0006371928006847494,0.0
gold_grating_1d,asr_r4,2,5,420,450,TE,20,4,0.001,192,420,cuda:0,torch,2.0066735143773258,True,,0.05469860833038448,2.1171393745139357e-07,0.9453011799556781,0.9453013916696156,0.00021645817807321166,7.693540043480969e-11,0.0002164581011377953,0.0
gold_grating_1d,asr_r4,2,5,420,450,TM,20,4,0.001,192,420,cuda:0,torch,2.0066735143773258,True,,0.0005150435293936331,0.03085764710118659,0.9686273093694198,0.9994849564706063,0.00040957075084176045,0.0007554855697819961,0.0003459148189403072,0.0
gold_grating_1d,asr_r4,2,5,420,500,TE,20,4,0.001,192,420,cuda:0,torch,2.0227021919563413,True,,0.09371849834924526,2.5774521244962045e-06,0.9062789241986302,0.9062815016507547,0.00018187210277274823,2.468176979085962e-09,0.00018187457094975823,0.0
gold_grating_1d,asr_r4,2,5,420,500,TM,20,4,0.001,192,420,cuda:0,torch,2.0227021919563413,True,,0.0006162431987926962,0.028720974898930968,0.9706627819022763,0.9993837568012073,0.0004031111179859118,0.0016857849474002096,0.002088896065386092,0.0
gold_grating_1d,asr_r4,2,5,420,550,TE,20,4,0.001,192,420,cuda:0,torch,2.0196503531187773,True,,0.5116019444282646,2.024100228865935e-07,0.4883978531617125,0.48839805557173543,0.0004857649471075032,5.545049620343141e-10,0.00048576550161250065,0.0
gold_grating_1d,asr_r4,2,5,420,550,TM,20,4,0.001,192,420,cuda:0,torch,2.0196503531187773,True,,0.04830721001433721,0.15748687616659465,0.7942059138190681,0.9516927899856628,0.011534080297320164,0.002133330444197501,0.00940074985312267,0.0
gold_grating_1d,asr_r4,2,5,420,600,TE,20,4,0.001,192,420,cuda:0,torch,2.0121427862904966,True,,0.7823673074276242,1.1679481559772036e-08,0.21763268089289428,0.21763269257237583,0.00043939475466914235,4.91946350504154e-11,0.00043939480386376295,0.0
gold_grating_1d,asr_r4,2,5,420,600,TM,20,4,0.001,192,420,cuda:0,torch,2.0121427862904966,True,,0.38307908276475633,0.16258383367198384,0.45433708356325986,0.6169209172352437,0.0072100901900519765,0.020760306027909514,0.013550215837857427,0.0
gold_grating_1d,asr_r4,2,5,420,650,TE,20,4,0.001,192,420,cuda:0,torch,2.0226126587949693,True,,0.8959462300928772,1.4851060426938714e-09,0.10405376842201675,0.10405376990712278,0.00030016607857785704,8.031831842780878e-12,0.00030016608660968225,0.0
gold_grating_1d,asr_r4,2,5,420,650,TM,20,4,0.001,192,420,cuda:0,torch,2.0226126587949693,True,,0.656288046324643,0.08873725936015356,0.2549746943152035,0.343711953675357,0.01799498737958849,0.008884748089437303,0.0091102392901512,0.0
gold_grating_1d,asr_r4,2,5,420,700,TE,20,4,0.001,192,420,cuda:0,torch,2.017098380252719,True,,0.9302443914827796,4.280733691919542e-10,0.06975560808914703,0.0697556085172204,0.00024348674285534777,2.6900452594807285e-12,0.0002434867455453904,0.0
gold_grating_1d,asr_r4,2,5,420,700,TM,20,4,0.001,192,420,cuda:0,torch,2.017098380252719,True,,0.7086935606441309,0.06240263879651526,0.22890380055935383,0.2913064393558691,0.051118265464962676,0.004579366083155817,0.04653889938180686,0.0
gold_grating_1d,asr_r4,4,9,420,400,TE,36,4,0.001,192,420,cuda:0,torch,2.9422826999798417,True,,0.037927034032153646,4.989859071047688e-08,0.9620729160692556,0.9620729659678463,4.54631229694219e-05,3.7359883922801326e-12,4.546312670550279e-05,0.0
gold_grating_1d,asr_r4,4,9,420,400,TM,36,4,0.001,192,420,cuda:0,torch,2.9422826999798417,True,,0.0008416686599854329,0.027551493384886428,0.9716068379551281,0.9991583313400145,1.4870960321465196e-05,0.000976666508831471,0.0009617955485100582,0.0
gold_grating_1d,asr_r4,4,9,420,450,TE,36,4,0.001,192,420,cuda:0,torch,2.9111376754008234,True,,0.054524653101371306,2.118156986879252e-07,0.94547513508293,0.9454753468986287,4.250294906003871e-05,2.4825836096827804e-11,4.250297388586066e-05,0.0
gold_grating_1d,asr_r4,4,9,420,450,TM,36,4,0.001,192,420,cuda:0,torch,2.9111376754008234,True,,0.0010205807872485052,0.030938370672448076,0.9680410485403034,0.9989794192127515,9.596650701311168e-05,0.0008362091410434834,0.000932175648056699,0.0
gold_grating_1d,asr_r4,4,9,420,500,TE,36,4,0.001,192,420,cuda:0,torch,2.911236112937331,True,,0.0935729673435746,2.5755459650840273e-06,0.9064244571104604,0.9064270326564254,3.634109710209943e-05,5.620175669087862e-10,3.634165911958753e-05,0.0
gold_grating_1d,asr_r4,4,9,420,500,TM,36,4,0.001,192,420,cuda:0,torch,2.911236112937331,True,,0.0011736832803258086,0.030221507850443332,0.9686048088692308,0.9988263167196741,0.0001543289635472006,0.00018525199588784527,3.0923032340646195e-05,0.0
gold_grating_1d,asr_r4,4,9,420,550,TE,36,4,0.001,192,420,cuda:0,torch,2.8927891701459885,True,,0.5112102941360482,2.0195159888526696e-07,0.4887895039123529,0.48878970586395176,9.411465489117532e-05,9.608096070776187e-11,9.411475097215183e-05,0.0
gold_grating_1d,asr_r4,4,9,420,550,TM,36,4,0.001,192,420,cuda:0,torch,2.8927891701459885,True,,0.06025348934809023,0.1547073485288248,0.7850391621230849,0.9397465106519097,0.0004121990364328587,0.0006461971935723398,0.00023399815713942562,0.0
gold_grating_1d,asr_r4,4,9,420,600,TE,36,4,0.001,192,420,cuda:0,torch,2.9059567940421402,True,,0.7820123418769926,1.1638470908060267e-08,0.21798764648453645,0.21798765812300736,8.442920403761711e-05,8.183983338646757e-12,8.442921222159838e-05,0.0
gold_grating_1d,asr_r4,4,9,420,600,TM,36,4,0.001,192,420,cuda:0,torch,2.9059567940421402,True,,0.36573255280977973,0.1471370025093678,0.48713044468085254,0.6342674471902203,0.024556620145028574,0.0053134748652934605,0.019243145279735252,0.0
gold_grating_1d,asr_r4,4,9,420,650,TE,36,4,0.001,192,420,cuda:0,torch,2.9221601742319763,True,,0.8957036676617328,1.4783910392105e-09,0.10429633085987615,0.10429633233826718,5.760364743345736e-05,1.3168283594093616e-12,5.760364875027901e-05,0.0
gold_grating_1d,asr_r4,4,9,420,650,TM,36,4,0.001,192,420,cuda:0,torch,2.9221601742319763,True,,0.6444535215670333,0.08485466673105764,0.2706918117019091,0.3555464784329667,0.0298295121371982,0.005002155460341384,0.024827356676856815,0.0
gold_grating_1d,asr_r4,4,9,420,700,TE,36,4,0.001,192,420,cuda:0,torch,2.922131162136793,True,,0.9300476509718767,4.258223093644449e-10,0.069952348602301,0.0699523490281233,4.674623195244365e-05,4.389854319714254e-13,4.6746232391425835e-05,0.0
gold_grating_1d,asr_r4,4,9,420,700,TM,36,4,0.001,192,420,cuda:0,torch,2.922131162136793,True,,0.7337416066830881,0.062323921340446106,0.2039344719764658,0.2662583933169119,0.026070219426005514,0.004500648627086663,0.02156957079891883,0.0
gold_grating_1d,asr_r4,8,17,420,400,TE,68,4,0.001,192,420,cuda:0,torch,6.256866492796689,True,,0.03788705750522662,4.9896146795961565e-08,0.9621128925986266,0.9621129424947734,5.486596042394987e-06,1.2920738769645333e-12,5.486597334458665e-06,0.0
gold_grating_1d,asr_r4,8,17,420,400,TM,68,4,0.001,192,420,cuda:0,torch,6.256866492796689,True,,0.0008163861688933765,0.02694076322395271,0.972242850607154,0.9991836138311067,4.01534514135216e-05,0.000365936347897753,0.0003257828964842169,0.0
gold_grating_1d,asr_r4,8,17,420,450,TE,68,4,0.001,192,420,cuda:0,torch,6.2853362411260605,True,,0.05448723424559725,2.117956492160464e-07,0.9455125539587536,0.9455127657544028,5.084093285985525e-06,4.776364218013535e-12,5.084098062324571e-06,0.0
gold_grating_1d,asr_r4,8,17,420,450,TM,68,4,0.001,192,420,cuda:0,torch,6.2853362411260605,True,,0.0009371616313176433,0.030415466186116645,0.9686473721825657,0.9990628383686824,1.2547351082249766e-05,0.0003133046547120523,0.00032585200579438034,0.0
gold_grating_1d,asr_r4,8,17,420,500,TE,68,4,0.001,192,420,cuda:0,torch,6.272074876818806,True,,0.09354093679583247,2.575066109336835e-06,0.9064564881380582,0.9064590632041676,4.310549359967664e-06,8.216181971633526e-11,4.3106315217311675e-06,0.0
gold_grating_1d,asr_r4,8,17,420,500,TM,68,4,0.001,192,420,cuda:0,torch,6.272074876818806,True,,0.0010551828638113677,0.030215870403904548,0.9687289467322842,0.9989448171361887,3.5828547032759703e-05,0.0001908894424266297,0.00015506089539396584,0.0
gold_grating_1d,asr_r4,8,17,420,550,TE,68,4,0.001,192,420,cuda:0,torch,6.224578290246427,True,,0.5111269309657354,2.0186868304583495e-07,0.4888728671655816,0.48887306903426464,1.0751484578297443e-05,1.316512127574664e-11,1.0751497743433092e-05,0.0
gold_grating_1d,asr_r4,8,17,420,550,TM,68,4,0.001,192,420,cuda:0,torch,6.224578290246427,True,,0.05966072322899594,0.1525143408149866,0.7878249359560174,0.940339276771004,0.0001805670826614328,0.0028392049074105474,0.0030197719900719733,0.0
gold_grating_1d,asr_r4,8,17,420,600,TE,68,4,0.001,192,420,cuda:0,torch,6.141660408116877,True,,0.7819373488216158,1.1631374349762445e-08,0.21806263954700986,0.2180626511783842,9.436148660779686e-06,1.0874250408243095e-12,9.436149748187628e-06,0.0
gold_grating_1d,asr_r4,8,17,420,600,TM,68,4,0.001,192,420,cuda:0,torch,6.141660408116877,True,,0.38175893180438747,0.14365857475243937,0.47458249344317316,0.6182410681956125,0.008530241150420836,0.0018350471083650455,0.006695194042055874,0.0
gold_grating_1d,asr_r4,8,17,420,650,TE,68,4,0.001,192,420,cuda:0,torch,6.086973373312503,True,,0.8956524179436479,1.477245745285798e-09,0.10434758057910634,0.10434758205635208,6.3539293485570525e-06,1.715344347073788e-13,6.35392952008651e-06,0.0
gold_grating_1d,asr_r4,8,17,420,650,TM,68,4,0.001,192,420,cuda:0,torch,6.086973373312503,True,,0.6663576411788239,0.08206542760917604,0.2515769312120001,0.3336423588211761,0.007925392525407582,0.0022129163384597833,0.0057124761869478125,0.0
gold_grating_1d,asr_r4,8,17,420,700,TE,68,4,0.001,192,420,cuda:0,torch,6.22310905624181,True,,0.9300060198478445,4.254397493904094e-10,0.06999397972671577,0.06999398015215552,5.11510792022829e-06,5.6425457935919695e-14,5.115107976655375e-06,0.0
gold_grating_1d,asr_r4,8,17,420,700,TM,68,4,0.001,192,420,cuda:0,torch,6.22310905624181,True,,0.7552727718293233,0.05990441098912927,0.18482281718154744,0.2447272281706767,0.004539054279770305,0.002081138275769827,0.002457916004000471,0.0
gold_grating_1d,asr_r4,12,25,420,400,TE,100,4,0.001,250,420,cuda:0,torch,12.822686993982643,True,,0.0378826292930432,4.989521456092893e-08,0.9621173208117423,0.9621173707069568,1.0583838589775518e-06,3.598388443276622e-13,1.0583842188216508e-06,0.0
gold_grating_1d,asr_r4,12,25,420,400,TM,100,4,0.001,250,420,cuda:0,torch,12.822686993982643,True,,0.0008268418515688842,0.02658958563386805,0.9725835725145631,0.9991731581484311,2.9697768738013862e-05,1.475875781309366e-05,1.4939010924863716e-05,0.0
gold_grating_1d,asr_r4,12,25,420,450,TE,100,4,0.001,250,420,cuda:0,torch,12.389620312023908,True,,0.054483140243621865,2.11792146748372e-07,0.9455166479642314,0.9455168597563781,9.900913105972964e-07,1.273896543623266e-12,9.900925844741337e-07,0.0
gold_grating_1d,asr_r4,12,25,420,450,TM,100,4,0.001,250,420,cuda:0,torch,12.389620312023908,True,,0.0009409030579646351,0.030088779403255005,0.9689703175387803,0.9990590969420353,1.628877772924162e-05,1.3382128149587447e-05,2.9066495798035774e-06,0.0
gold_grating_1d,asr_r4,12,25,420,500,TE,100,4,0.001,250,420,cuda:0,torch,12.554833529982716,True,,0.09353747278867278,2.5750076355538577e-06,0.9064599522036917,0.9064625272113273,8.465422002695844e-07,2.368803673916128e-11,8.465658882794713e-07,0.0
gold_grating_1d,asr_r4,12,25,420,500,TM,100,4,0.001,250,420,cuda:0,torch,12.554833529982716,True,,0.0010657098139962846,0.030037776646463808,0.96889651353954,0.9989342901860038,4.635549721767663e-05,0.000368983199867369,0.00032262770264979146,0.0
gold_grating_1d,asr_r4,12,25,420,550,TE,100,4,0.001,250,420,cuda:0,torch,12.6076601697132,True,,0.5111181670404302,2.0185939640785644e-07,0.48888163110017335,0.4888818329595698,1.9875592731644076e-06,3.878483297238746e-12,1.987563151673033e-06,0.0
gold_grating_1d,asr_r4,12,25,420,550,TM,100,4,0.001,250,420,cuda:0,torch,12.6076601697132,True,,0.06140655851276211,0.15110405199123106,0.7874893894960069,0.9385934414872379,0.0015652682011047386,0.004249493731166093,0.0026842255300614237,0.0
gold_grating_1d,asr_r4,12,25,420,600,TE,100,4,0.001,250,420,cuda:0,torch,12.434203596320003,True,,0.7819295914915259,1.1630600668230278e-08,0.21807039687787347,0.21807040850847415,1.6788185708271897e-06,3.1374350865705523e-13,1.6788188845762164e-06,0.0
gold_grating_1d,asr_r4,12,25,420,600,TM,100,4,0.001,250,420,cuda:0,torch,12.434203596320003,True,,0.3906267939914174,0.1408238305680063,0.4685493754405763,0.6093732060085826,0.0003376210366091148,0.0009996970760680346,0.0006620760394590031,0.0
gold_grating_1d,asr_r4,12,25,420,650,TE,100,4,0.001,250,420,cuda:0,torch,12.596635553054512,True,,0.895647168673734,1.4771227702470589e-09,0.10435282984914328,0.10435283132626605,1.1046594345920369e-06,4.855939596832614e-14,1.1046594831504164e-06,0.0
gold_grating_1d,asr_r4,12,25,420,650,TM,100,4,0.001,250,420,cuda:0,torch,12.596635553054512,True,,0.6740026160719282,0.07991309686900279,0.24608428705906898,0.32599738392807176,0.00028041763230324257,6.0585598286533315e-05,0.00021983203401670925,0.0
gold_grating_1d,asr_r4,12,25,420,700,TE,100,4,0.001,250,420,cuda:0,torch,12.62074374500662,True,,0.9300017815071827,4.253990434656385e-10,0.06999821806741824,0.06999821849281729,8.767672584619746e-07,1.5719533165035593e-14,8.767672741855081e-07,0.0
gold_grating_1d,asr_r4,12,25,420,700,TM,100,4,0.001,250,420,cuda:0,torch,12.62074374500662,True,,0.7615634404759068,0.058194776551262775,0.1802417829728304,0.23843655952409315,0.0017516143668132589,0.00037150383790333225,0.002123118204716584,0.0
gold_grating_1d,asr_r4,16,33,420,400,TE,132,4,0.001,330,420,cuda:0,torch,21.657542565837502,True,,0.03788196979368554,4.989502182050045e-08,0.9621179803112927,0.9621180302063145,3.988845013180864e-07,1.6709841584853805e-13,3.988846684066516e-07,0.0
gold_grating_1d,asr_r4,16,33,420,400,TM,132,4,0.001,330,420,cuda:0,torch,21.657542565837502,True,,0.0008317881765336475,0.02646009455787183,0.9727081172655946,0.9991682118234664,2.4751443773250617e-05,0.00011473231818312848,0.00013948376195638268,0.0
gold_grating_1d,asr_r4,16,33,420,450,TE,132,4,0.001,330,420,cuda:0,torch,21.48739418713376,True,,0.054482526078494645,2.11791453668339e-07,0.9455172621300516,0.9455174739215053,3.7592618337689565e-07,5.808165106307596e-13,3.759267642733377e-07,0.0
gold_grating_1d,asr_r4,16,33,420,450,TM,132,4,0.001,330,420,cuda:0,torch,21.48739418713376,True,,0.0009314173723147418,0.029967245760399337,0.969101336867286,0.9990685826276853,6.803092079348265e-06,0.0001349157710052555,0.00012811267892587352,0.0
gold_grating_1d,asr_r4,16,33,420,500,TE,132,4,0.001,330,420,cuda:0,torch,21.549395146314055,True,,0.09353694989556434,2.5749951051835493e-06,0.9064604751093305,0.9064630501044356,3.2364909183235646e-07,1.1157666430831826e-11,3.236602494904872e-07,0.0
gold_grating_1d,asr_r4,16,33,420,500,TM,132,4,0.001,330,420,cuda:0,torch,21.549395146314055,True,,0.0010434700952103347,0.029994399781096748,0.9689621301236929,0.9989565299047897,2.4115778431726747e-05,0.0004123600652344295,0.00038824428680273027,0.0
gold_grating_1d,asr_r4,16,33,420,550,TE,132,4,0.001,330,420,cuda:0,torch,21.767865095753223,True,,0.5111169047126977,2.0185736008058877e-07,0.48888289342994223,0.48888309528730234,7.252315405992249e-07,1.8421560295683925e-12,7.252333827922897e-07,0.0
gold_grating_1d,asr_r4,16,33,420,550,TM,132,4,0.001,330,420,cuda:0,torch,21.767865095753223,True,,0.06140078174135036,0.15078139088282236,0.7878178273758273,0.9385992182586497,0.0015594914296929857,0.0045721548395747935,0.0030126634098818217,0.0
gold_grating_1d,asr_r4,16,33,420,600,TE,132,4,0.001,330,420,cuda:0,torch,21.79584289388731,True,,0.781928506311051,1.1630434700648215e-08,0.21807148205851426,0.21807149368894896,5.936380960136489e-07,1.4777592659485801e-13,5.936382437843335e-07,0.0
gold_grating_1d,asr_r4,16,33,420,600,TM,132,4,0.001,330,420,cuda:0,torch,21.79584289388731,True,,0.3917734220111468,0.1395013902642476,0.4687251877246056,0.6082265779888532,0.0014842490563384825,0.0023221373798267275,0.0008378883234883006,0.0
gold_grating_1d,asr_r4,16,33,420,650,TE,132,4,0.001,330,420,cuda:0,torch,21.145457915961742,True,,0.8956464469522156,1.4770969039289347e-09,0.10435355157068747,0.10435355304778438,3.8293791626564655e-07,2.2693077844094065e-14,3.829379389558296e-07,0.0
gold_grating_1d,asr_r4,16,33,420,650,TM,132,4,0.001,330,420,cuda:0,torch,21.145457915961742,True,,0.6747955642018049,0.07895896453174853,0.2462454712664466,0.32520443579819514,0.0005125304975733824,0.0008935467389677293,0.000381016241394333,0.0
gold_grating_1d,asr_r4,16,33,420,700,TE,132,4,0.001,330,420,cuda:0,torch,21.298710882663727,True,,0.9300012049058769,4.253906206306422e-10,0.06999879466873248,0.0699987950941231,3.0016595264914514e-07,7.296698168688658e-15,3.0016595994886153e-07,0.0
gold_grating_1d,asr_r4,16,33,420,700,TM,132,4,0.001,330,420,cuda:0,torch,21.298710882663727,True,,0.7619370770744417,0.05749764875134378,0.18056527417421453,0.2380629229255583,0.002125250965348102,0.0003256239620156656,0.0017996270033324435,0.0
gold_grating_1d,asr_r4,24,49,420,400,TE,196,4,0.001,490,420,cuda:0,torch,44.12874121777713,True,,0.037881769745203436,4.989493769828515e-08,0.9621181803598589,0.9621182302547966,1.988360192120564e-07,8.297620054800104e-14,1.9883610224979975e-07,0.0
gold_grating_1d,asr_r4,24,49,420,400,TM,196,4,0.001,490,420,cuda:0,torch,44.12874121777713,True,,0.0008353659122302345,0.02667788146731025,0.9724867526204596,0.9991646340877698,2.1173708076663582e-05,0.00010305459125529298,8.188088317861997e-05,0.0
gold_grating_1d,asr_r4,24,49,420,450,TE,196,4,0.001,490,420,cuda:0,torch,43.72379134921357,True,,0.05448233687982248,2.1179115555726446e-07,0.945517451329022,0.9455176631201775,1.8672751121023845e-07,2.8270543608121996e-13,1.867277938938372e-07,0.0
gold_grating_1d,asr_r4,24,49,420,450,TM,196,4,0.001,490,420,cuda:0,torch,43.72379134921357,True,,0.0009220245572981422,0.03018120776943106,0.9688967676732708,0.9990779754427018,2.589722937251294e-06,7.904623802646588e-05,7.645651508925155e-05,0.0
gold_grating_1d,asr_r4,24,49,420,500,TE,196,4,0.001,490,420,cuda:0,torch,44.57503022812307,True,,0.0935367865024625,2.5749891762008104e-06,0.9064606385083612,0.9064632134975374,1.6025598999214186e-07,5.228683691867035e-12,1.60261218740132e-07,0.0
gold_grating_1d,asr_r4,24,49,420,500,TM,196,4,0.001,490,420,cuda:0,torch,44.57503022812307,True,,0.0010197332714599677,0.030329965238062435,0.9686503014904776,0.99898026672854,3.7895468135967086e-07,7.679460826874249e-05,7.641565358740277e-05,0.0
gold_grating_1d,asr_r4,24,49,420,550,TE,196,4,0.001,490,420,cuda:0,torch,43.82263070438057,True,,0.511116542574296,2.0185637282336537e-07,0.4888832555693312,0.48888345742570405,3.6309313888871486e-07,8.548988061694745e-13,3.63093993815955e-07,0.0
gold_grating_1d,asr_r4,24,49,420,550,TM,196,4,0.001,490,420,cuda:0,torch,43.82263070438057,True,,0.05994808487138184,0.157439546847493,0.7826123682811252,0.9400519151286182,0.0001067945597244685,0.0020860011250958543,0.0021927956848202257,0.0
gold_grating_1d,asr_r4,24,49,420,600,TE,196,4,0.001,490,420,cuda:0,torch,44.28128648502752,True,,0.7819282121470914,1.1630355504631837e-08,0.21807177622255308,0.2180717878529086,2.994741363782083e-07,6.857991021684746e-14,2.9947420496223565e-07,0.0
gold_grating_1d,asr_r4,24,49,420,600,TM,196,4,0.001,490,420,cuda:0,torch,44.28128648502752,True,,0.3916216339867494,0.1446464722728069,0.46373189374044377,0.6083783660132507,0.001332461031941068,0.00282294462873256,0.004155405660673517,0.0
gold_grating_1d,asr_r4,24,49,420,650,TE,196,4,0.001,490,420,cuda:0,torch,43.66925732977688,True,,0.8956462581709611,1.477084750371219e-09,0.10435374035195415,0.10435374182903889,1.9415666174804613e-07,1.0539520128341393e-14,1.9415667228128708e-07,0.0
gold_grating_1d,asr_r4,24,49,420,650,TM,196,4,0.001,490,420,cuda:0,torch,43.66925732977688,True,,0.6769690814193023,0.0813839479951997,0.24164697058549794,0.32303091858069766,0.0026860477150708606,0.0015314367244834426,0.004217484439554331,0.0
gold_grating_1d,asr_r4,24,49,420,700,TE,196,4,0.001,490,420,cuda:0,torch,44.0909443218261,True,,0.9300010573511213,4.253867160839055e-10,0.06999894222349202,0.06999894264887874,1.526111970129307e-07,3.3921514319999685e-15,1.5261120039911091e-07,0.0
gold_grating_1d,asr_r4,24,49,420,700,TM,196,4,0.001,490,420,cuda:0,torch,44.0909443218261,True,,0.7646404984184806,0.059068971543356226,0.1762905300381632,0.23535950158151941,0.004828672309386994,0.001245698829996783,0.006074371139383777,0.0
