layer_top_to_bottom,z_midpoint_nm,radius_nm,diameter_nm
1,2.5,10.612658558850303,21.225317117700605
2,7.5,11.837777372936607,23.675554745873214
3,12.5,13.062896187022911,26.125792374045822
4,17.5,14.288015001109216,28.57603000221843
5,22.5,15.51313381519552,31.02626763039104
6,27.5,16.738252629281824,33.47650525856365
7,32.5,17.963371443368132,35.926742886736264
8,37.5,19.188490257454433,38.376980514908865
9,42.5,20.41360907154074,40.82721814308148
10,47.5,21.638727885627045,43.27745577125409
11,52.5,22.86384669971335,45.7276933994267
12,57.5,24.088965513799653,48.17793102759931
13,62.5,25.314084327885958,50.628168655771915
14,67.5,26.505440492820043,53.010880985640085
15,72.5,27.696796657754128,55.393593315508255
16,77.5,28.88815282268822,57.77630564537644
17,82.5,30.079508987622305,60.15901797524461
18,87.5,31.27086515255639,62.54173030511278
19,92.5,32.46222131749048,64.92444263498096
20,97.5,33.653577482424566,67.30715496484913
21,102.5,34.84493364735865,69.6898672947173
22,107.5,36.03628981229274,72.07257962458549
23,112.5,37.22764597722683,74.45529195445366
24,117.5,38.41900214216091,76.83800428432183
25,122.5,39.610358307095005,79.22071661419001
26,127.5,40.75665402916489,81.51330805832978
27,132.5,41.85788930837058,83.71577861674116
28,137.5,42.95912458757626,85.91824917515252
29,142.5,44.060359866781944,88.12071973356389
30,147.5,45.16159514598763,90.32319029197527
31,152.5,46.26283042519332,92.52566085038664
32,157.5,47.36406570439901,94.72813140879802
33,162.5,48.4653009836047,96.9306019672094
34,167.5,49.56653626281039,99.13307252562078
35,172.5,50.66777154201607,101.33554308403214
36,177.5,51.76900682122176,103.53801364244352
37,182.5,52.87024210042744,105.74048420085488
38,187.5,53.971477379633136,107.94295475926627
39,192.5,55.09003362327867,110.18006724655734
40,197.5,56.20858986692421,112.41717973384841
41,202.5,57.32714611056976,114.65429222113951
42,207.5,58.44570235421528,116.89140470843056
43,212.5,59.564258597860814,119.12851719572163
44,217.5,60.682814841506364,121.36562968301273
45,222.5,61.8013710851519,123.6027421703038
46,227.5,62.919927328797435,125.83985465759487
47,232.5,64.03848357244297,128.07696714488594
48,237.5,65.15703981608851,130.31407963217703
49,242.5,66.27559605973404,132.55119211946808
50,247.5,67.39415230337958,134.78830460675917
51,252.5,68.19576671115402,136.39153342230804
52,257.5,68.68043928305735,137.3608785661147
53,262.5,69.16511185496068,138.33022370992137
54,267.5,69.64978442686402,139.29956885372803
55,272.5,70.13445699876733,140.26891399753467
56,277.5,70.61912957067067,141.23825914134133
57,282.5,71.103802142574,142.207604285148
58,287.5,71.58847471447733,143.17694942895466
59,292.5,72.07314728638065,144.1462945727613
60,297.5,72.55781985828398,145.11563971656796
61,302.5,73.04249243018731,146.08498486037462
62,307.5,73.52716500209064,147.05433000418128
63,312.5,74.01183757399397,148.02367514798794
64,317.5,74.25302821818529,148.50605643637059
65,322.5,74.49421886237661,148.98843772475323
66,327.5,74.73540950656793,149.47081901313587
67,332.5,74.97660015075925,149.9532003015185
68,337.5,75.21779079495057,150.43558158990115
69,342.5,75.4589814391419,150.9179628782838
70,347.5,75.70017208333321,151.40034416666643
71,352.5,75.94136272752453,151.88272545504907
72,357.5,76.18255337171587,152.36510674343174
73,362.5,76.42374401590719,152.84748803181438
74,367.5,76.66493466009851,153.32986932019702
75,372.5,76.90612530428983,153.81225060857966
76,377.5,77.64614088257973,155.29228176515946
77,382.5,78.88498139496822,157.76996278993644
78,387.5,80.1238219073567,160.2476438147134
79,392.5,81.36266241974518,162.72532483949036
80,397.5,82.60150293213367,165.20300586426734
81,402.5,83.84034344452215,167.6806868890443
82,407.5,85.07918395691061,170.15836791382122
83,412.5,86.3180244692991,172.6360489385982
84,417.5,87.55686498168758,175.11372996337516
85,422.5,88.79570549407607,177.59141098815215
86,427.5,90.03454600646455,180.0690920129291
87,432.5,91.27338651885303,182.54677303770606
88,437.5,92.51222703124151,185.02445406248302
89,442.5,92.90149879416626,185.80299758833252
90,447.5,93.290770557091,186.581541114182
91,452.5,93.68004232001574,187.3600846400315
92,457.5,94.06931408294048,188.13862816588096
93,462.5,94.45858584586523,188.91717169173046
94,467.5,94.84785760878997,189.69571521757993
95,472.5,95.2371293717147,190.4742587434294
96,477.5,95.62640113463944,191.25280226927887
97,482.5,96.01567289756419,192.03134579512837
98,487.5,96.40494466048892,192.80988932097785
99,492.5,96.79421642341367,193.58843284682735
100,497.5,97.18348818633841,194.36697637267682
