label,order,step,wavelength_nm,reflectance,band_mean_reflectance
cone,8,0,400.0,0.00022499274665656132,0.25222884136165935
cone,8,0,450.0,0.00019456338321525285,0.25222884136165935
cone,8,0,500.0,0.00028654247087559463,0.25222884136165935
cone,8,0,550.0,0.07453381383353175,0.25222884136165935
cone,8,0,600.0,0.40920486974654835,0.25222884136165935
cone,8,0,650.0,0.6517724237089133,0.25222884136165935
cone,8,0,700.0,0.754536677307087,0.25222884136165935
candidate,8,4,400.0,0.0004084105994551704,0.24713811499325952
candidate,8,4,450.0,0.00012716019927902847,0.24713811499325952
candidate,8,4,500.0,0.0002278209099105901,0.24713811499325952
candidate,8,4,550.0,0.0717579184198964,0.24713811499325952
candidate,8,4,600.0,0.3834358380126526,0.24713811499325952
candidate,8,4,650.0,0.6504165168343449,0.24713811499325952
candidate,8,4,700.0,0.7533184605674921,0.24713811499325952
candidate,8,8,400.0,0.0009177976353186049,0.22901094420410884
candidate,8,8,450.0,0.000588057297227277,0.22901094420410884
candidate,8,8,500.0,0.0008062755697742126,0.22901094420410884
candidate,8,8,550.0,0.06914414446759767,0.22901094420410884
candidate,8,8,600.0,0.33703101648866624,0.22901094420410884
candidate,8,8,650.0,0.6015932765047526,0.22901094420410884
candidate,8,8,700.0,0.7288879921579515,0.22901094420410884
candidate,8,12,400.0,0.0011631087035199835,0.21222060130649872
candidate,8,12,450.0,0.0010201999811996368,0.21222060130649872
candidate,8,12,500.0,0.0011341761462450117,0.21222060130649872
candidate,8,12,550.0,0.06948919675774785,0.21222060130649872
candidate,8,12,600.0,0.31282296087108047,0.21222060130649872
candidate,8,12,650.0,0.5458500194736763,0.21222060130649872
candidate,8,12,700.0,0.6848510005145663,0.21222060130649872
candidate,8,16,400.0,0.001170811157623384,0.19891427841082707
candidate,8,16,450.0,0.0011672604919192489,0.19891427841082707
candidate,8,16,500.0,0.001066342419680336,0.19891427841082707
candidate,8,16,550.0,0.06864858752244823,0.19891427841082707
candidate,8,16,600.0,0.30906480057617314,0.19891427841082707
candidate,8,16,650.0,0.49935617372878244,0.19891427841082707
candidate,8,16,700.0,0.627194200294295,0.19891427841082707
candidate,8,20,400.0,0.001190544342573662,0.19458098315581124
candidate,8,20,450.0,0.0013558645081862659,0.19458098315581124
candidate,8,20,500.0,0.0011296597186320283,0.19458098315581124
candidate,8,20,550.0,0.0664258010881902,0.19458098315581124
candidate,8,20,600.0,0.3167374686403574,0.19458098315581124
candidate,8,20,650.0,0.4939785053076982,0.19458098315581124
candidate,8,20,700.0,0.5745266550010333,0.19458098315581124
candidate,8,24,400.0,0.0012706613104011561,0.1979597200993145
candidate,8,24,450.0,0.0014672253233829087,0.1979597200993145
candidate,8,24,500.0,0.001184994764463038,0.1979597200993145
candidate,8,24,550.0,0.0649146438681969,0.1979597200993145
candidate,8,24,600.0,0.33173401633508875,0.1979597200993145
candidate,8,24,650.0,0.5096768978987556,0.1979597200993145
candidate,8,24,700.0,0.5562904235015985,0.1979597200993145
candidate,8,28,400.0,0.0014776928324827707,0.19280996473015538
candidate,8,28,450.0,0.001664773652201822,0.19280996473015538
candidate,8,28,500.0,0.001422854472851862,0.19280996473015538
candidate,8,28,550.0,0.06453888787848006,0.19280996473015538
candidate,8,28,600.0,0.3210563363819489,0.19280996473015538
candidate,8,28,650.0,0.495612951306864,0.19280996473015538
candidate,8,28,700.0,0.5436502765446888,0.19280996473015538
verify_cone,16,28,400.0,0.0002795305605421465,0.2552592840119223
verify_cone,16,28,450.0,0.0002362472840405149,0.2552592840119223
verify_cone,16,28,500.0,0.0002388904207920118,0.2552592840119223
verify_cone,16,28,550.0,0.07029973382042666,0.2552592840119223
verify_cone,16,28,600.0,0.4104588586475633,0.2552592840119223
verify_cone,16,28,650.0,0.6666750950278881,0.2552592840119223
verify_cone,16,28,700.0,0.7670142271811047,0.2552592840119223
verify_best,16,28,400.0,0.0012716447915834463,0.19860642773180004
verify_best,16,28,450.0,0.0016578779716209732,0.19860642773180004
verify_best,16,28,500.0,0.0015021497275565178,0.19860642773180004
verify_best,16,28,550.0,0.06296953344703984,0.19860642773180004
verify_best,16,28,600.0,0.33305720143432904,0.19860642773180004
verify_best,16,28,650.0,0.520594229490072,0.19860642773180004
verify_best,16,28,700.0,0.5424435038487806,0.19860642773180004
verify_cone,18,28,400.0,0.00028978646248705857,0.25721002581615143
verify_cone,18,28,450.0,0.00024777800333459333,0.25721002581615143
verify_cone,18,28,500.0,0.0002446329028435576,0.25721002581615143
verify_cone,18,28,550.0,0.07073642082593798,0.25721002581615143
verify_cone,18,28,600.0,0.4168627557307049,0.25721002581615143
verify_cone,18,28,650.0,0.6717821592041288,0.25721002581615143
verify_cone,18,28,700.0,0.7664830299974303,0.25721002581615143
verify_best,18,28,400.0,0.0012680388356993396,0.1981942928076776
verify_best,18,28,450.0,0.0016559138957987331,0.1981942928076776
verify_best,18,28,500.0,0.0014916676300864194,0.1981942928076776
verify_best,18,28,550.0,0.0622834562203901,0.1981942928076776
verify_best,18,28,600.0,0.3326074869878523,0.1981942928076776
verify_best,18,28,650.0,0.5179180954318143,0.1981942928076776
verify_best,18,28,700.0,0.5451502345245485,0.1981942928076776
