wavelength_nm,polarization,order,slices,total_finite_layers,reflectance,transmittance,absorptance,runtime_seconds,peak_cuda_allocated_bytes,peak_cuda_reserved_bytes,coefficient_method,grid_used,pmma_index_source,epsilon_pmma,epsilon_gold_real,epsilon_gold_imag,maximum_selected_reciprocal_epsilon_condition,maximum_selected_eigen_residual
400,TE,16,300,301,0.1759674460472344,3.4893135092592e-05,0.8239976608176729,16.000135905109346,173445632,182452224,analytic,,short edge extrapolation,2.267550011883899,-1.6580401754677423,5.735377420196986,6.77679275881058,3.472324421199868e-15
400,TM,16,300,301,0.03294648297541813,0.031064253280092,0.9359892637444899,16.000135905109346,173445632,182452224,analytic,,short edge extrapolation,2.267550011883899,-1.6580401754677423,5.735377420196986,6.77679275881058,3.472324421199868e-15
450,TE,16,300,301,0.17468565050618692,9.673381087423554e-05,0.8252176156829388,3.4856407842598855,173445632,182452224,analytic,,interpolation within original CSV,2.2492671448377757,-1.7562071833910033,5.298611029411765,6.407982935267325,4.0398291198354525e-15
450,TM,16,300,301,0.045131573866755655,0.05712915774531551,0.8977392683879288,3.4856407842598855,173445632,182452224,analytic,,interpolation within original CSV,2.2492671448377757,-1.7562071833910033,5.298611029411765,6.407982935267325,4.0398291198354525e-15
500,TE,16,300,301,0.18507769857054868,0.0011594510406439434,0.8137628503888074,5.827347078360617,173445632,182452224,analytic,,interpolation within original CSV,2.2365037332941116,-2.5675727091839984,3.639120705280001,6.397232365733533,4.646747292966722e-15
500,TM,16,300,301,0.0535686424560905,0.08645755795571658,0.8599737995881929,5.827347078360617,173445632,182452224,analytic,,interpolation within original CSV,2.2365037332941116,-2.5675727091839984,3.639120705280001,6.397232365733533,4.646747292966722e-15
550,TE,16,300,301,0.5637924176753226,0.000674095758591877,0.4355334865660855,3.6466797390021384,173445632,182452224,analytic,,interpolation within original CSV,2.2272625135734425,-5.931132302686566,2.097036958431722,20.63918921721174,4.910106952191802e-15
550,TM,16,300,301,0.07561228135012375,0.19954910753876692,0.7248386111111094,3.6466797390021384,173445632,182452224,analytic,,interpolation within original CSV,2.2272625135734425,-5.931132302686566,2.097036958431722,20.63918921721174,4.910106952191802e-15
600,TE,16,300,301,0.8226325038040729,3.4427142092647626e-05,0.17733306905383442,2.8336706631816924,173445632,182452224,analytic,,interpolation within original CSV,2.220321330396491,-9.38750209273393,1.5291956634470842,17.113718830034525,5.1269386287180915e-15
600,TM,16,300,301,0.026666479557041264,0.29741701866104553,0.6759165017819132,2.8336706631816924,173445632,182452224,analytic,,interpolation within original CSV,2.220321330396491,-9.38750209273393,1.5291956634470842,17.113718830034525,5.1269386287180915e-15
650,TE,16,300,301,0.9194573846743559,3.875364663152368e-06,0.08053873996098096,3.3787316707894206,173445632,182452224,analytic,,interpolation within original CSV,2.214963148413023,-12.953406526860784,1.1208918923484472,66.53297345864165,5.769371071182796e-15
650,TM,16,300,301,0.20196850104718178,0.3598889402899924,0.4381425586628258,3.3787316707894206,173445632,182452224,analytic,,interpolation within original CSV,2.214963148413023,-12.953406526860784,1.1208918923484472,66.53297345864165,5.769371071182796e-15
700,TE,16,300,301,0.9475114718764526,8.771094063552776e-07,0.052487651014141073,3.3750975457951427,173445632,182452224,analytic,,interpolation within original CSV,2.21072721927654,-16.48593276,1.0643488,58.5080792598911,7.246669854442974e-15
700,TM,16,300,301,0.5063049491349777,0.22952010781792612,0.2641749430470962,3.3750975457951427,173445632,182452224,analytic,,interpolation within original CSV,2.21072721927654,-16.48593276,1.0643488,58.5080792598911,7.246669854442974e-15
400,TE,24,300,301,0.17596513966410385,3.491155240828093e-05,0.8239999487834878,7.007811896968633,340024832,354418688,analytic,,short edge extrapolation,2.267550011883899,-1.6580401754677423,5.735377420196986,6.8484857789396205,3.77905421448808e-15
400,TM,24,300,301,0.03289756280882641,0.03094435704016248,0.9361580801510111,7.007811896968633,340024832,354418688,analytic,,short edge extrapolation,2.267550011883899,-1.6580401754677423,5.735377420196986,6.8484857789396205,3.77905421448808e-15
450,TE,24,300,301,0.17468304562139042,9.676731503360683e-05,0.825220187063576,5.994428283069283,340024832,354418688,analytic,,interpolation within original CSV,2.2492671448377757,-1.7562071833910033,5.298611029411765,6.5985964148866225,3.6932569390076044e-15
450,TM,24,300,301,0.04504602988804067,0.0569584197008268,0.8979955504111325,5.994428283069283,340024832,354418688,analytic,,interpolation within original CSV,2.2492671448377757,-1.7562071833910033,5.298611029411765,6.5985964148866225,3.6932569390076044e-15
500,TE,24,300,301,0.18507306560175024,0.0011597788326870905,0.8137671555655626,8.412330124992877,340024832,354418688,analytic,,interpolation within original CSV,2.2365037332941116,-2.5675727091839984,3.639120705280001,7.108028339262116,5.03587625913584e-15
500,TM,24,300,301,0.05339106779081024,0.08635748658833757,0.8602514456208522,8.412330124992877,340024832,354418688,analytic,,interpolation within original CSV,2.2365037332941116,-2.5675727091839984,3.639120705280001,7.108028339262116,5.03587625913584e-15
550,TE,24,300,301,0.5637844232999213,0.0006744223714929348,0.43554115432858576,6.338243211153895,340024832,354418688,analytic,,interpolation within original CSV,2.2272625135734425,-5.931132302686566,2.097036958431722,23.852413012483805,7.275324129609745e-15
550,TM,24,300,301,0.07347587078892509,0.20184185428734622,0.7246822749237286,6.338243211153895,340024832,354418688,analytic,,interpolation within original CSV,2.2272625135734425,-5.931132302686566,2.097036958431722,23.852413012483805,7.275324129609745e-15
600,TE,24,300,301,0.8226312758593686,3.444576148573725e-05,0.1773342783791457,6.118918540887535,340024832,354418688,analytic,,interpolation within original CSV,2.220321330396491,-9.38750209273393,1.5291956634470842,42.03792202414362,6.6317289464361595e-15
600,TM,24,300,301,0.024271706122590154,0.3010310299122555,0.6746972639651544,6.118918540887535,340024832,354418688,analytic,,interpolation within original CSV,2.220321330396491,-9.38750209273393,1.5291956634470842,42.03792202414362,6.6317289464361595e-15
650,TE,24,300,301,0.9194574654783008,3.87754983212414e-06,0.08053865697186711,5.934585663024336,340024832,354418688,analytic,,interpolation within original CSV,2.214963148413023,-12.953406526860784,1.1208918923484472,144.75859029309882,6.010633818847897e-15
650,TM,24,300,301,0.18857298732143257,0.37779409830038346,0.43363291437818396,5.934585663024336,340024832,354418688,analytic,,interpolation within original CSV,2.214963148413023,-12.953406526860784,1.1208918923484472,144.75859029309882,6.010633818847897e-15
700,TE,24,300,301,0.9475117636385723,8.776154202228363e-07,0.05248735874600752,5.220234525855631,340024832,354418688,analytic,,interpolation within original CSV,2.21072721927654,-16.48593276,1.0643488,124.38676975379168,9.73769742545382e-15
700,TM,24,300,301,0.5194781925076979,0.2079857646469408,0.2725360428453613,5.220234525855631,340024832,354418688,analytic,,interpolation within original CSV,2.21072721927654,-16.48593276,1.0643488,124.38676975379168,9.73769742545382e-15
400,TE,32,300,301,0.17596506700937165,3.4915138612744465e-05,0.8240000178520156,11.449517810717225,571553792,601882624,analytic,,short edge extrapolation,2.267550011883899,-1.6580401754677423,5.735377420196986,7.087308654122401,4.023959855672713e-15
400,TM,32,300,301,0.032835038875562814,0.030894566234072274,0.9362703948903649,11.449517810717225,571553792,601882624,analytic,,short edge extrapolation,2.267550011883899,-1.6580401754677423,5.735377420196986,7.087308654122401,4.023959855672713e-15
450,TE,32,300,301,0.17468277111912234,9.67738731347374e-05,0.8252204550077429,9.268861539196223,571553792,601882624,analytic,,interpolation within original CSV,2.2492671448377757,-1.7562071833910033,5.298611029411765,6.793825260389366,3.993700892545006e-15
450,TM,32,300,301,0.04501075899361293,0.0568771297607595,0.8981121112456275,9.268861539196223,571553792,601882624,analytic,,interpolation within original CSV,2.2492671448377757,-1.7562071833910033,5.298611029411765,6.793825260389366,3.993700892545006e-15
500,TE,32,300,301,0.18507228892454614,0.0011598431068923839,0.8137678679685614,9.33842771500349,571553792,601882624,analytic,,interpolation within original CSV,2.2365037332941116,-2.5675727091839984,3.639120705280001,6.456080838824313,4.624452817761252e-15
500,TM,32,300,301,0.053333437432765037,0.08630588978036327,0.8603606727868717,9.33842771500349,571553792,601882624,analytic,,interpolation within original CSV,2.2365037332941116,-2.5675727091839984,3.639120705280001,6.456080838824313,4.624452817761252e-15
550,TE,32,300,301,0.5637830241526343,0.0006744863392052566,0.4355424895081605,12.642847654875368,571553792,601882624,analytic,,interpolation within original CSV,2.2272625135734425,-5.931132302686566,2.097036958431722,21.702497994511923,5.104321058003352e-15
550,TM,32,300,301,0.07289424717348911,0.1997445063057945,0.7273612465207164,12.642847654875368,571553792,601882624,analytic,,interpolation within original CSV,2.2272625135734425,-5.931132302686566,2.097036958431722,21.702497994511923,5.104321058003352e-15
600,TE,32,300,301,0.8226311545649012,3.4449421022449585e-05,0.17733439601407633,9.874359467998147,571553792,601882624,analytic,,interpolation within original CSV,2.220321330396491,-9.38750209273393,1.5291956634470842,64.66993066633671,7.011366748530391e-15
600,TM,32,300,301,0.025083198889851756,0.3002161737542602,0.674700627355888,9.874359467998147,571553792,601882624,analytic,,interpolation within original CSV,2.220321330396491,-9.38750209273393,1.5291956634470842,64.66993066633671,7.011366748530391e-15
650,TE,32,300,301,0.9194575541835868,3.877980341537042e-06,0.08053856783607169,9.019607303198427,571553792,601882624,analytic,,interpolation within original CSV,2.214963148413023,-12.953406526860784,1.1208918923484472,104.49493454487191,7.061892879628267e-15
650,TM,32,300,301,0.1919114642169193,0.37184972911971326,0.43623880666336745,9.019607303198427,571553792,601882624,analytic,,interpolation within original CSV,2.214963148413023,-12.953406526860784,1.1208918923484472,104.49493454487191,7.061892879628267e-15
700,TE,32,300,301,0.9475118763380792,8.777152680659491e-07,0.05248724594665273,8.609014785848558,571553792,601882624,analytic,,interpolation within original CSV,2.21072721927654,-16.48593276,1.0643488,158.8121410886648,1.81982788257237e-14
700,TM,32,300,301,0.5124811087062627,0.21430444703200024,0.273214444261737,8.609014785848558,571553792,601882624,analytic,,interpolation within original CSV,2.21072721927654,-16.48593276,1.0643488,158.8121410886648,1.81982788257237e-14
400,TE,40,300,301,0.17596515805861182,3.491634648325373e-05,0.823999925594905,16.623343461193144,868025344,1015021568,analytic,,short edge extrapolation,2.267550011883899,-1.6580401754677423,5.735377420196986,6.777431680989065,4.604954456630264e-15
400,TM,40,300,301,0.03281900467884018,0.030882185492901643,0.9362988098282582,16.623343461193144,868025344,1015021568,analytic,,short edge extrapolation,2.267550011883899,-1.6580401754677423,5.735377420196986,6.777431680989065,4.604954456630264e-15
450,TE,40,300,301,0.17468274983663015,9.677608183080164e-05,0.8252204740815391,14.956652222201228,868025344,1015021568,analytic,,interpolation within original CSV,2.2492671448377757,-1.7562071833910033,5.298611029411765,6.406601128795525,5.221274297887055e-15
450,TM,40,300,301,0.044988195215855876,0.05685674776035697,0.8981550570237872,14.956652222201228,868025344,1015021568,analytic,,interpolation within original CSV,2.2492671448377757,-1.7562071833910033,5.298611029411765,6.406601128795525,5.221274297887055e-15
500,TE,40,300,301,0.1850720648495263,0.0011598648662938203,0.8137680702841799,17.35326659027487,868025344,1015021568,analytic,,interpolation within original CSV,2.2365037332941116,-2.5675727091839984,3.639120705280001,7.210140071380125,5.333776817182084e-15
500,TM,40,300,301,0.053309969821962844,0.08630643124180254,0.8603835989362347,17.35326659027487,868025344,1015021568,analytic,,interpolation within original CSV,2.2365037332941116,-2.5675727091839984,3.639120705280001,7.210140071380125,5.333776817182084e-15
550,TE,40,300,301,0.5637825974436428,0.0006745080667310656,0.43554289448962613,13.77540561882779,868025344,1015021568,analytic,,interpolation within original CSV,2.2272625135734425,-5.931132302686566,2.097036958431722,17.97316370021047,8.807244968298408e-15
550,TM,40,300,301,0.0734502651897793,0.19961858476882768,0.7269311500413931,13.77540561882779,868025344,1015021568,analytic,,interpolation within original CSV,2.2272625135734425,-5.931132302686566,2.097036958431722,17.97316370021047,8.807244968298408e-15
600,TE,40,300,301,0.8226311484040085,3.4450667683341365e-05,0.17733440092830813,16.066466100979596,868025344,1015021568,analytic,,interpolation within original CSV,2.220321330396491,-9.38750209273393,1.5291956634470842,26.345402506561964,5.788154406139424e-15
600,TM,40,300,301,0.02505228950559176,0.3018263862854583,0.6731213242089499,16.066466100979596,868025344,1015021568,analytic,,interpolation within original CSV,2.220321330396491,-9.38750209273393,1.5291956634470842,26.345402506561964,5.788154406139424e-15
650,TE,40,300,301,0.9194576056603341,3.878127326953756e-06,0.08053851621233897,15.532678657677025,868025344,1015021568,analytic,,interpolation within original CSV,2.214963148413023,-12.953406526860784,1.1208918923484472,63.80253882823569,7.793554430495894e-15
650,TM,40,300,301,0.19256219804410094,0.3746328083107616,0.43280499364513747,15.532678657677025,868025344,1015021568,analytic,,interpolation within original CSV,2.214963148413023,-12.953406526860784,1.1208918923484472,63.80253882823569,7.793554430495894e-15
700,TE,40,300,301,0.9475119308316212,8.777494088114097e-07,0.05248719141896997,19.32695504417643,868025344,1015021568,analytic,,interpolation within original CSV,2.21072721927654,-16.48593276,1.0643488,264.212890033249,1.493111360645069e-14
700,TM,40,300,301,0.5179110532260002,0.2117088658471461,0.2703800809268537,19.32695504417643,868025344,1015021568,analytic,,interpolation within original CSV,2.21072721927654,-16.48593276,1.0643488,264.212890033249,1.493111360645069e-14
400,TE,48,300,301,0.17596515471728852,3.491699390480127e-05,0.8239999282888067,16.81012479402125,1229445632,1335885824,analytic,,short edge extrapolation,2.267550011883899,-1.6580401754677423,5.735377420196986,7.025022280124188,5.453508990026931e-15
400,TM,48,300,301,0.03281426224499279,0.03087288703315222,0.936312850721855,16.81012479402125,1229445632,1335885824,analytic,,short edge extrapolation,2.267550011883899,-1.6580401754677423,5.735377420196986,7.025022280124188,5.453508990026931e-15
450,TE,48,300,301,0.17468270763926813,9.677726228049245e-05,0.8252205150984514,20.099098450969905,1229445632,1335885824,analytic,,interpolation within original CSV,2.2492671448377757,-1.7562071833910033,5.298611029411765,6.869306170495717,5.489698089962009e-15
450,TM,48,300,301,0.04497225321444742,0.05684389889780264,0.89818384788775,20.099098450969905,1229445632,1335885824,analytic,,interpolation within original CSV,2.2492671448377757,-1.7562071833910033,5.298611029411765,6.869306170495717,5.489698089962009e-15
500,TE,48,300,301,0.18507192776629955,0.0011598764914025595,0.8137681957422979,16.648559558205307,1229445632,1335885824,analytic,,interpolation within original CSV,2.2365037332941116,-2.5675727091839984,3.639120705280001,7.026131204155179,5.253873695098394e-15
500,TM,48,300,301,0.05329259906909808,0.08630473133157354,0.8604026695993283,16.648559558205307,1229445632,1335885824,analytic,,interpolation within original CSV,2.2365037332941116,-2.5675727091839984,3.639120705280001,7.026131204155179,5.253873695098394e-15
550,TE,48,300,301,0.5637823493349853,0.0006745196869166649,0.43554313097809805,19.056290708016604,1229445632,1335885824,analytic,,interpolation within original CSV,2.2272625135734425,-5.931132302686566,2.097036958431722,23.635628893214307,7.31451264815608e-15
550,TM,48,300,301,0.07364806132246252,0.20056391142474655,0.725788027252791,19.056290708016604,1229445632,1335885824,analytic,,interpolation within original CSV,2.2272625135734425,-5.931132302686566,2.097036958431722,23.635628893214307,7.31451264815608e-15
600,TE,48,300,301,0.8226311318589105,3.4451333545273404e-05,0.17733441680754428,17.3298555072397,1229445632,1335885824,analytic,,interpolation within original CSV,2.220321330396491,-9.38750209273393,1.5291956634470842,65.74304438183313,2.1556419605475464e-14
600,TM,48,300,301,0.0246193638442741,0.3007297101942685,0.6746509259614575,17.3298555072397,1229445632,1335885824,analytic,,interpolation within original CSV,2.220321330396491,-9.38750209273393,1.5291956634470842,65.74304438183313,2.1556419605475464e-14
650,TE,48,300,301,0.919457625339733,3.8782057669932846e-06,0.08053849645450004,17.54161377577111,1229445632,1335885824,analytic,,interpolation within original CSV,2.214963148413023,-12.953406526860784,1.1208918923484472,38.41117487051278,1.0291732490049234e-14
650,TM,48,300,301,0.1890066516228479,0.378609968589461,0.4323833797876911,17.54161377577111,1229445632,1335885824,analytic,,interpolation within original CSV,2.214963148413023,-12.953406526860784,1.1208918923484472,38.41117487051278,1.0291732490049234e-14
700,TE,48,300,301,0.9475119540933609,8.777676174440889e-07,0.05248716813902169,17.667435153387487,1229445632,1335885824,analytic,,interpolation within original CSV,2.21072721927654,-16.48593276,1.0643488,39.998969460278204,3.6864735921305186e-14
700,TM,48,300,301,0.5208664104948574,0.2098562231660466,0.26927736633909605,17.667435153387487,1229445632,1335885824,analytic,,interpolation within original CSV,2.21072721927654,-16.48593276,1.0643488,39.998969460278204,3.6864735921305186e-14
400,TE,56,100,101,0.17596321728394293,3.490213457026125e-05,0.8240018805814868,7.795236658770591,591771136,715128832,analytic,,short edge extrapolation,2.267550011883899,-1.6580401754677423,5.735377420196986,6.961140652210502,6.454773475181423e-15
400,TM,56,100,101,0.03287417065767615,0.030710150860303546,0.9364156784820202,7.795236658770591,591771136,715128832,analytic,,short edge extrapolation,2.267550011883899,-1.6580401754677423,5.735377420196986,6.961140652210502,6.454773475181423e-15
450,TE,56,100,101,0.1746776625084422,9.675073889087497e-05,0.8252255867526669,7.479145430959761,591771136,715128832,analytic,,interpolation within original CSV,2.2492671448377757,-1.7562071833910033,5.298611029411765,6.7457294166353625,5.790131441206399e-15
450,TM,56,100,101,0.04479523651425666,0.056546678672193935,0.8986580848135494,7.479145430959761,591771136,715128832,analytic,,interpolation within original CSV,2.2492671448377757,-1.7562071833910033,5.298611029411765,6.7457294166353625,5.790131441206399e-15
500,TE,56,100,101,0.18506522925774888,0.0011596527913280467,0.8137751179509232,6.847270717844367,591771136,715128832,analytic,,interpolation within original CSV,2.2365037332941116,-2.5675727091839984,3.639120705280001,6.9746219452869935,6.780973702580245e-15
500,TM,56,100,101,0.0530818964819258,0.0856977718167707,0.8612203317013034,6.847270717844367,591771136,715128832,analytic,,interpolation within original CSV,2.2365037332941116,-2.5675727091839984,3.639120705280001,6.9746219452869935,6.780973702580245e-15
550,TE,56,100,101,0.5637783620689835,0.0006743362287427873,0.43554730170227374,6.600955601781607,591771136,715128832,analytic,,interpolation within original CSV,2.2272625135734425,-5.931132302686566,2.097036958431722,16.326002938515884,1.606645980638143e-14
550,TM,56,100,101,0.07375436959469685,0.20117208735394573,0.7250735430513574,6.600955601781607,591771136,715128832,analytic,,interpolation within original CSV,2.2272625135734425,-5.931132302686566,2.097036958431722,16.326002938515884,1.606645980638143e-14
600,TE,56,100,101,0.8226286477206756,3.4439385027297385e-05,0.17733691289429715,7.611443243920803,591771136,715128832,analytic,,interpolation within original CSV,2.220321330396491,-9.38750209273393,1.5291956634470842,65.88852679983236,1.711471603647394e-14
600,TM,56,100,101,0.022303718247677552,0.301235881146719,0.6764604006056034,7.611443243920803,591771136,715128832,analytic,,interpolation within original CSV,2.220321330396491,-9.38750209273393,1.5291956634470842,65.88852679983236,1.711471603647394e-14
650,TE,56,100,101,0.9194564387847817,3.8766483953817965e-06,0.08053968456682295,7.091248055920005,591771136,715128832,analytic,,interpolation within original CSV,2.214963148413023,-12.953406526860784,1.1208918923484472,146.03723803832813,2.4777362286264406e-14
650,TM,56,100,101,0.1741760020231058,0.3734129598586356,0.4524110381182586,7.091248055920005,591771136,715128832,analytic,,interpolation within original CSV,2.214963148413023,-12.953406526860784,1.1208918923484472,146.03723803832813,2.4777362286264406e-14
700,TE,56,100,101,0.9475112074751303,8.773835926992261e-07,0.05248791514127701,7.725006538908929,591771136,715128832,analytic,,interpolation within original CSV,2.21072721927654,-16.48593276,1.0643488,282.06230152590496,1.902879339844468e-14
700,TM,56,100,101,0.5056238759882428,0.19420847529342214,0.3001676487183351,7.725006538908929,591771136,715128832,analytic,,interpolation within original CSV,2.21072721927654,-16.48593276,1.0643488,282.06230152590496,1.902879339844468e-14
400,TE,56,140,141,0.17596428501452838,3.491053531726571e-05,0.8240008044501543,9.825284293852746,804578816,966787072,analytic,,short edge extrapolation,2.267550011883899,-1.6580401754677423,5.735377420196986,7.068926026055662,5.5780078588464815e-15
400,TM,56,140,141,0.032842284663051696,0.030779687446281623,0.9363780278906666,9.825284293852746,804578816,966787072,analytic,,short edge extrapolation,2.267550011883899,-1.6580401754677423,5.735377420196986,7.068926026055662,5.5780078588464815e-15
450,TE,56,140,141,0.1746804444744941,9.676574434491058e-05,0.825222789781161,9.707893027924001,804578816,966787072,analytic,,interpolation within original CSV,2.2492671448377757,-1.7562071833910033,5.298611029411765,6.8324179131915574,5.422113746733828e-15
450,TM,56,140,141,0.04488234865696693,0.0566797231825518,0.8984379281604813,9.707893027924001,804578816,966787072,analytic,,interpolation within original CSV,2.2492671448377757,-1.7562071833910033,5.298611029411765,6.8324179131915574,5.422113746733828e-15
500,TE,56,140,141,0.1850689043231587,0.00115978041608576,0.8137713152607555,9.611495348159224,804578816,966787072,analytic,,interpolation within original CSV,2.2365037332941116,-2.5675727091839984,3.639120705280001,6.837410708640015,6.7625717387785785e-15
500,TM,56,140,141,0.05318520288637248,0.08599448146619923,0.8608203156474282,9.611495348159224,804578816,966787072,analytic,,interpolation within original CSV,2.2365037332941116,-2.5675727091839984,3.639120705280001,6.837410708640015,6.7625717387785785e-15
550,TE,56,140,141,0.5637805016364441,0.0006744430671954145,0.43554505529636045,10.577644722070545,804578816,966787072,analytic,,interpolation within original CSV,2.2272625135734425,-5.931132302686566,2.097036958431722,16.359537651369763,7.153377124991726e-15
550,TM,56,140,141,0.07369717787068496,0.20156336856757534,0.7247394535617397,10.577644722070545,804578816,966787072,analytic,,interpolation within original CSV,2.2272625135734425,-5.931132302686566,2.097036958431722,16.359537651369763,7.153377124991726e-15
600,TE,56,140,141,0.8226300181074728,3.444626819645706e-05,0.17733553562433071,9.682013729121536,804578816,966787072,analytic,,interpolation within original CSV,2.220321330396491,-9.38750209273393,1.5291956634470842,65.73411683581621,1.0337800909079185e-14
600,TM,56,140,141,0.02327861344954474,0.29984821540729134,0.6768731711431639,9.682013729121536,804578816,966787072,analytic,,interpolation within original CSV,2.220321330396491,-9.38750209273393,1.5291956634470842,65.73411683581621,1.0337800909079185e-14
650,TE,56,140,141,0.9194571011477106,3.877534647976203e-06,0.0805390213176414,9.50519104860723,804578816,966787072,analytic,,interpolation within original CSV,2.214963148413023,-12.953406526860784,1.1208918923484472,148.54074578953487,2.1314888525511834e-14
650,TM,56,140,141,0.18026350813083572,0.3787647242665085,0.44097176760265583,9.50519104860723,804578816,966787072,analytic,,interpolation within original CSV,2.214963148413023,-12.953406526860784,1.1208918923484472,148.54074578953487,2.1314888525511834e-14
700,TE,56,140,141,0.9475116272406621,8.776004436837124e-07,0.05248749515889425,10.393394105136395,804578816,966787072,analytic,,interpolation within original CSV,2.21072721927654,-16.48593276,1.0643488,278.90190253075707,2.457009579778105e-14
700,TM,56,140,141,0.5113574521480883,0.20307288965760192,0.2855696581943098,10.393394105136395,804578816,966787072,analytic,,interpolation within original CSV,2.21072721927654,-16.48593276,1.0643488,278.90190253075707,2.457009579778105e-14
400,TE,56,180,181,0.1759647080238198,3.4913966193292544e-05,0.8240003780099869,12.881259332876652,1017386496,1218445312,analytic,,short edge extrapolation,2.267550011883899,-1.6580401754677423,5.735377420196986,7.107360223707738,5.80276856242306e-15
400,TM,56,180,181,0.032825742053888246,0.030814307459506765,0.936359950486605,12.881259332876652,1017386496,1218445312,analytic,,short edge extrapolation,2.267550011883899,-1.6580401754677423,5.735377420196986,7.107360223707738,5.80276856242306e-15
450,TE,56,180,181,0.17468155618618886,9.67718668185293e-05,0.8252216719469926,12.567525336984545,1017386496,1218445312,analytic,,interpolation within original CSV,2.2492671448377757,-1.7562071833910033,5.298611029411765,6.853905090022456,5.3483912003894534e-15
450,TM,56,180,181,0.044922753014208214,0.056743876926720394,0.8983333700590714,12.567525336984545,1017386496,1218445312,analytic,,interpolation within original CSV,2.2492671448377757,-1.7562071833910033,5.298611029411765,6.853905090022456,5.3483912003894534e-15
500,TE,56,180,181,0.18507036989149098,0.0011598315873058975,0.8137697985212031,13.615771928802133,1017386496,1218445312,analytic,,interpolation within original CSV,2.2365037332941116,-2.5675727091839984,3.639120705280001,6.721879695557086,6.6208082568613906e-15
500,TM,56,180,181,0.05323337157560848,0.08612511179299046,0.8606415166314011,13.615771928802133,1017386496,1218445312,analytic,,interpolation within original CSV,2.2365037332941116,-2.5675727091839984,3.639120705280001,6.721879695557086,6.6208082568613906e-15
550,TE,56,180,181,0.5637813458508757,0.0006744834428813277,0.43554417070624296,12.983023199718446,1017386496,1218445312,analytic,,interpolation within original CSV,2.2272625135734425,-5.931132302686566,2.097036958431722,15.789350055974516,7.153377124991726e-15
550,TM,56,180,181,0.07356714661741688,0.20158029789199974,0.7248525554905834,12.983023199718446,1017386496,1218445312,analytic,,interpolation within original CSV,2.2272625135734425,-5.931132302686566,2.097036958431722,15.789350055974516,7.153377124991726e-15
600,TE,56,180,181,0.8226305660995815,3.4448943202943964e-05,0.17733498495721553,12.167254169937223,1017386496,1218445312,analytic,,interpolation within original CSV,2.220321330396491,-9.38750209273393,1.5291956634470842,61.75876827735446,9.774610797912974e-15
600,TM,56,180,181,0.023968841696979635,0.30055359748083543,0.6754775608221849,12.167254169937223,1017386496,1218445312,analytic,,interpolation within original CSV,2.220321330396491,-9.38750209273393,1.5291956634470842,61.75876827735446,9.774610797912974e-15
650,TE,56,180,181,0.9194573663456351,3.877892329686302e-06,0.08053875576203519,12.46881953207776,1017386496,1218445312,analytic,,interpolation within original CSV,2.214963148413023,-12.953406526860784,1.1208918923484472,111.26966245237415,1.9357961662463234e-14
650,TM,56,180,181,0.18621084904143465,0.37706991518106076,0.43671923577750454,12.46881953207776,1017386496,1218445312,analytic,,interpolation within original CSV,2.214963148413023,-12.953406526860784,1.1208918923484472,111.26966245237415,1.9357961662463234e-14
700,TE,56,180,181,0.9475117954277626,8.776901148878649e-07,0.052487326882122466,12.870972029864788,1017386496,1218445312,analytic,,interpolation within original CSV,2.21072721927654,-16.48593276,1.0643488,226.7435090759191,1.7434473784821162e-14
700,TM,56,180,181,0.5127925432740146,0.20604338902588892,0.2811640677000965,12.870972029864788,1017386496,1218445312,analytic,,interpolation within original CSV,2.21072721927654,-16.48593276,1.0643488,226.7435090759191,1.7434473784821162e-14
400,TE,56,220,221,0.17596492698552357,3.491573581611308e-05,0.8240001572786603,15.264583297073841,1230194176,1470103552,analytic,,short edge extrapolation,2.267550011883899,-1.6580401754677423,5.735377420196986,7.123303311780321,5.623823959862345e-15
400,TM,56,220,221,0.032816091871993254,0.03083364143727598,0.9363502666907307,15.264583297073841,1230194176,1470103552,analytic,,short edge extrapolation,2.267550011883899,-1.6580401754677423,5.735377420196986,7.123303311780321,5.623823959862345e-15
450,TE,56,220,221,0.1746821347803554,9.677502860703267e-05,0.8252210901910375,14.877516723237932,1230194176,1470103552,analytic,,interpolation within original CSV,2.2492671448377757,-1.7562071833910033,5.298611029411765,6.857811287263775,5.572361830805236e-15
450,TM,56,220,221,0.04494488999138058,0.05677973133393986,0.8982753786746795,14.877516723237932,1230194176,1470103552,analytic,,interpolation within original CSV,2.2492671448377757,-1.7562071833910033,5.298611029411765,6.857811287263775,5.572361830805236e-15
500,TE,56,220,221,0.18507113483340085,0.0011598585818235634,0.8137690065847756,16.096998085267842,1230194176,1470103552,analytic,,interpolation within original CSV,2.2365037332941116,-2.5675727091839984,3.639120705280001,6.634935565999291,6.947656650155821e-15
500,TM,56,220,221,0.053261183163935216,0.08619962177636921,0.8605391950596956,16.096998085267842,1230194176,1470103552,analytic,,interpolation within original CSV,2.2365037332941116,-2.5675727091839984,3.639120705280001,6.634935565999291,6.947656650155821e-15
550,TE,56,220,221,0.563781786908783,0.0006745062754317609,0.43554370681578525,16.76020511519164,1230194176,1470103552,analytic,,interpolation within original CSV,2.2272625135734425,-5.931132302686566,2.097036958431722,15.275067813310677,7.153377124991726e-15
550,TM,56,220,221,0.07359296843215152,0.20159079314595776,0.7248162384218908,16.76020511519164,1230194176,1470103552,analytic,,interpolation within original CSV,2.2272625135734425,-5.931132302686566,2.097036958431722,15.275067813310677,7.153377124991726e-15
600,TE,56,220,221,0.8226308511213235,3.445040650061473e-05,0.1773346984721759,16.142142947297543,1230194176,1470103552,analytic,,interpolation within original CSV,2.220321330396491,-9.38750209273393,1.5291956634470842,57.41258868776203,1.2607805576167438e-14
600,TM,56,220,221,0.024507152088121684,0.30090163531309017,0.6745912125987881,16.142142947297543,1230194176,1470103552,analytic,,interpolation within original CSV,2.220321330396491,-9.38750209273393,1.5291956634470842,57.41258868776203,1.2607805576167438e-14
650,TE,56,220,221,0.9194575045114547,3.878079532288541e-06,0.08053861740901302,15.518504532054067,1230194176,1470103552,analytic,,interpolation within original CSV,2.214963148413023,-12.953406526860784,1.1208918923484472,96.11470098747458,1.451323945849376e-14
650,TM,56,220,221,0.18911222214911966,0.3756099729624128,0.4352778048884675,15.518504532054067,1230194176,1470103552,analytic,,interpolation within original CSV,2.214963148413023,-12.953406526860784,1.1208918923484472,96.11470098747458,1.451323945849376e-14
700,TE,56,220,221,0.947511883099604,8.777357299077184e-07,0.0524872391646661,15.297954660840333,1230194176,1470103552,analytic,,interpolation within original CSV,2.21072721927654,-16.48593276,1.0643488,178.08162409337314,1.4129978136752095e-14
700,TM,56,220,221,0.5116079999711052,0.208633168763126,0.27975883126576884,15.297954660840333,1230194176,1470103552,analytic,,interpolation within original CSV,2.21072721927654,-16.48593276,1.0643488,178.08162409337314,1.4129978136752095e-14
400,TE,56,260,261,0.17596504922063422,3.4916740825951774e-05,0.8240000340385399,18.2763780397363,1443001856,1721761792,analytic,,short edge extrapolation,2.267550011883899,-1.6580401754677423,5.735377420196986,7.129821692512995,5.618031094479553e-15
400,TM,56,260,261,0.0328100473971528,0.030845066069171378,0.9363448865336759,18.2763780397363,1443001856,1721761792,analytic,,short edge extrapolation,2.267550011883899,-1.6580401754677423,5.735377420196986,7.129821692512995,5.618031094479553e-15
450,TE,56,260,261,0.17468245858044565,9.677682256465708e-05,0.8252207645969897,17.966581146232784,1443001856,1721761792,analytic,,interpolation within original CSV,2.2492671448377757,-1.7562071833910033,5.298611029411765,6.856049296463533,5.309310533067516e-15
450,TM,56,260,261,0.04495828640418237,0.05680093848940536,0.8982407751064122,17.966581146232784,1443001856,1721761792,analytic,,interpolation within original CSV,2.2492671448377757,-1.7562071833910033,5.298611029411765,6.856049296463533,5.309310533067516e-15
500,TE,56,260,261,0.1850715620041221,0.0011598736379793916,0.8137685643578985,17.90519654424861,1443001856,1721761792,analytic,,interpolation within original CSV,2.2365037332941116,-2.5675727091839984,3.639120705280001,6.572412640402494,7.735146046056491e-15
500,TM,56,260,261,0.053278358037606305,0.08624305561619375,0.8604785863462,17.90519654424861,1443001856,1721761792,analytic,,interpolation within original CSV,2.2365037332941116,-2.5675727091839984,3.639120705280001,6.572412640402494,7.735146046056491e-15
550,TE,56,260,261,0.5637820317546907,0.0006745183126171571,0.4355434499326922,17.819377060979605,1443001856,1721761792,analytic,,interpolation within original CSV,2.2272625135734425,-5.931132302686566,2.097036958431722,14.894791602040856,7.153377124991726e-15
550,TM,56,260,261,0.07360510031774534,0.20156622015416192,0.7248286795280927,17.819377060979605,1443001856,1721761792,analytic,,interpolation within original CSV,2.2272625135734425,-5.931132302686566,2.097036958431722,14.894791602040856,7.153377124991726e-15
600,TE,56,260,261,0.822631010720905,3.445119876370956e-05,0.17733453808033123,17.656894073821604,1443001856,1721761792,analytic,,interpolation within original CSV,2.220321330396491,-9.38750209273393,1.5291956634470842,53.974459184355496,8.156775323353266e-15
600,TM,56,260,261,0.024949652663590536,0.30085474985544913,0.6741955974809604,17.656894073821604,1443001856,1721761792,analytic,,interpolation within original CSV,2.220321330396491,-9.38750209273393,1.5291956634470842,53.974459184355496,8.156775323353266e-15
650,TE,56,260,261,0.9194575818767552,3.878184613413104e-06,0.0805385399386314,18.41471439599991,1443001856,1721761792,analytic,,interpolation within original CSV,2.214963148413023,-12.953406526860784,1.1208918923484472,148.0785858268259,2.2047755007215084e-14
650,TM,56,260,261,0.190647155161416,0.3745499383377023,0.43480290650088177,18.41471439599991,1443001856,1721761792,analytic,,interpolation within original CSV,2.214963148413023,-12.953406526860784,1.1208918923484472,148.0785858268259,2.2047755007215084e-14
700,TE,56,260,261,0.9475119321980501,8.777619422764119e-07,0.052487190040007646,17.925299726892263,1443001856,1721761792,analytic,,interpolation within original CSV,2.21072721927654,-16.48593276,1.0643488,271.94839848216134,2.1733861567294197e-14
700,TM,56,260,261,0.5123224209677731,0.2100634627149015,0.27761411631732535,17.925299726892263,1443001856,1721761792,analytic,,interpolation within original CSV,2.21072721927654,-16.48593276,1.0643488,271.94839848216134,2.1733861567294197e-14
400,TE,56,300,301,0.17596512784428892,3.491738197688529e-05,0.8239999547737342,20.889990149997175,1655809536,1973420032,analytic,,short edge extrapolation,2.267550011883899,-1.6580401754677423,5.735377420196986,7.132500523368278,5.877207748525636e-15
400,TM,56,300,301,0.03280602395661232,0.03085245607220229,0.9363415199711853,20.889990149997175,1655809536,1973420032,analytic,,short edge extrapolation,2.267550011883899,-1.6580401754677423,5.735377420196986,7.132500523368278,5.877207748525636e-15
450,TE,56,300,301,0.1746826673538068,9.677796823272357e-05,0.8252205546779605,19.981233187951148,1655809536,1973420032,analytic,,interpolation within original CSV,2.2492671448377757,-1.7562071833910033,5.298611029411765,6.852478057254673,5.510757842975156e-15
450,TM,56,300,301,0.0449670179687471,0.05681477082046774,0.8982182112107852,19.981233187951148,1655809536,1973420032,analytic,,interpolation within original CSV,2.2492671448377757,-1.7562071833910033,5.298611029411765,6.852478057254673,5.510757842975156e-15
500,TE,56,300,301,0.18507183810461902,0.001159883433868491,0.8137682784615125,21.144040829036385,1655809536,1973420032,analytic,,interpolation within original CSV,2.2365037332941116,-2.5675727091839984,3.639120705280001,6.523611806076919,7.095887720717358e-15
500,TM,56,300,301,0.053289936080069066,0.08627247348612534,0.8604375904338056,21.144040829036385,1655809536,1973420032,analytic,,interpolation within original CSV,2.2365037332941116,-2.5675727091839984,3.639120705280001,6.523611806076919,7.095887720717358e-15
550,TE,56,300,301,0.5637821904347919,0.0006745266316934733,0.4355432829335146,21.375965808983892,1655809536,1973420032,analytic,,interpolation within original CSV,2.2272625135734425,-5.931132302686566,2.097036958431722,14.59960669453882,7.153377124991726e-15
550,TM,56,300,301,0.07362504442204822,0.20156411533699353,0.7248108402409583,21.375965808983892,1655809536,1973420032,analytic,,interpolation within original CSV,2.2272625135734425,-5.931132302686566,2.097036958431722,14.59960669453882,7.153377124991726e-15
600,TE,56,300,301,0.8226311135636347,3.445173084269378e-05,0.1773344347055226,21.693608230911195,1655809536,1973420032,analytic,,interpolation within original CSV,2.220321330396491,-9.38750209273393,1.5291956634470842,51.262628061897736,8.365354478362194e-15
600,TM,56,300,301,0.025224370960392765,0.30065478679306973,0.6741208422465375,21.693608230911195,1655809536,1973420032,analytic,,interpolation within original CSV,2.220321330396491,-9.38750209273393,1.5291956634470842,51.262628061897736,8.365354478362194e-15
650,TE,56,300,301,0.919457631778882,3.878252510923882e-06,0.08053848996860712,20.158670381177217,1655809536,1973420032,analytic,,interpolation within original CSV,2.214963148413023,-12.953406526860784,1.1208918923484472,128.19562144371994,1.6606107296616893e-14
650,TM,56,300,301,0.1910986207460534,0.3739120182465966,0.43498936100735,20.158670381177217,1655809536,1973420032,analytic,,interpolation within original CSV,2.214963148413023,-12.953406526860784,1.1208918923484472,128.19562144371994,1.6606107296616893e-14
700,TE,56,300,301,0.9475119638759866,8.777784591050117e-07,0.05248715834555432,20.78797662584111,1655809536,1973420032,analytic,,interpolation within original CSV,2.21072721927654,-16.48593276,1.0643488,267.4301985672832,2.287758173353948e-14
700,TM,56,300,301,0.513073588710101,0.21108933923286596,0.275837072057033,20.78797662584111,1655809536,1973420032,analytic,,interpolation within original CSV,2.21072721927654,-16.48593276,1.0643488,267.4301985672832,2.287758173353948e-14
400,TE,64,260,261,0.17596502978129144,3.4916953088435365e-05,0.8240000532656201,23.040799610316753,1930251776,1956642816,analytic,,short edge extrapolation,2.267550011883899,-1.6580401754677423,5.735377420196986,7.045232265127602,5.968001124452994e-15
400,TM,64,260,261,0.03280084139838331,0.03082016458108683,0.9363789940205298,23.040799610316753,1930251776,1956642816,analytic,,short edge extrapolation,2.267550011883899,-1.6580401754677423,5.735377420196986,7.045232265127602,5.968001124452994e-15
450,TE,64,260,261,0.1746824335080335,9.677720896596347e-05,0.8252207892830006,23.30664241220802,1930251776,1956642816,analytic,,interpolation within original CSV,2.2492671448377757,-1.7562071833910033,5.298611029411765,6.7759476156249745,5.987547106714777e-15
450,TM,64,260,261,0.044943160949258064,0.056765100073789,0.8982917389769529,23.30664241220802,1930251776,1956642816,analytic,,interpolation within original CSV,2.2492671448377757,-1.7562071833910033,5.298611029411765,6.7759476156249745,5.987547106714777e-15
500,TE,64,260,261,0.18507151133556574,0.0011598774319582378,0.813768611232476,23.49361007893458,1930251776,1956642816,analytic,,interpolation within original CSV,2.2365037332941116,-2.5675727091839984,3.639120705280001,7.13553624922488,7.110681319309636e-15
500,TM,64,260,261,0.053254848427652914,0.08620828641160587,0.8605368651607412,23.49361007893458,1930251776,1956642816,analytic,,interpolation within original CSV,2.2365037332941116,-2.5675727091839984,3.639120705280001,7.13553624922488,7.110681319309636e-15
550,TE,64,260,261,0.5637819429991441,0.0006745221024115073,0.4355435348984444,23.44191662594676,1930251776,1956642816,analytic,,interpolation within original CSV,2.2272625135734425,-5.931132302686566,2.097036958431722,21.323791610240562,8.070626157931515e-15
550,TM,64,260,261,0.07367331053333669,0.20175920638681813,0.7245674830798452,23.44191662594676,1930251776,1956642816,analytic,,interpolation within original CSV,2.2272625135734425,-5.931132302686566,2.097036958431722,21.323791610240562,8.070626157931515e-15
600,TE,64,260,261,0.8226309992547741,3.4451415450772545e-05,0.1773345493297751,22.204152856953442,1930251776,1956642816,analytic,,interpolation within original CSV,2.220321330396491,-9.38750209273393,1.5291956634470842,64.43128121415398,7.124084011743602e-15
600,TM,64,260,261,0.02468020031785414,0.3006153820418164,0.6747044176403294,22.204152856953442,1930251776,1956642816,analytic,,interpolation within original CSV,2.220321330396491,-9.38750209273393,1.5291956634470842,64.43128121415398,7.124084011743602e-15
650,TE,64,260,261,0.9194575844889782,3.87821009553825e-06,0.08053853730092628,23.277180786710232,1930251776,1956642816,analytic,,interpolation within original CSV,2.214963148413023,-12.953406526860784,1.1208918923484472,43.193371272261594,8.557707851248094e-15
650,TM,64,260,261,0.18886928081133755,0.3797848111186164,0.431345908070046,23.277180786710232,1930251776,1956642816,analytic,,interpolation within original CSV,2.214963148413023,-12.953406526860784,1.1208918923484472,43.193371272261594,8.557707851248094e-15
700,TE,64,260,261,0.9475119368526657,8.777678506086865e-07,0.052487185379483735,23.673284290358424,1930251776,1956642816,analytic,,interpolation within original CSV,2.21072721927654,-16.48593276,1.0643488,111.26243553543257,8.268329844392142e-15
700,TM,64,260,261,0.5213587676492146,0.20839439579679506,0.2702468365539903,23.673284290358424,1930251776,1956642816,analytic,,interpolation within original CSV,2.21072721927654,-16.48593276,1.0643488,111.26243553543257,8.268329844392142e-15
400,TE,64,300,301,0.17596510820159894,3.491759482928464e-05,0.8239999742035717,27.473501968663186,2216968192,2254438400,analytic,,short edge extrapolation,2.267550011883899,-1.6580401754677423,5.735377420196986,7.032572576167512,6.013352020839482e-15
400,TM,64,300,301,0.03279657257990334,0.030829671076114513,0.9363737563439821,27.473501968663186,2216968192,2254438400,analytic,,short edge extrapolation,2.267550011883899,-1.6580401754677423,5.735377420196986,7.032572576167512,6.013352020839482e-15
450,TE,64,300,301,0.17468264211532789,9.677835570456938e-05,0.8252205795289675,26.569576371926814,2216968192,2254438400,analytic,,interpolation within original CSV,2.2492671448377757,-1.7562071833910033,5.298611029411765,6.756820741287397,5.69092920665316e-15
450,TM,64,300,301,0.0449529574638391,0.05678263707908563,0.8982644054570753,26.569576371926814,2216968192,2254438400,analytic,,interpolation within original CSV,2.2492671448377757,-1.7562071833910033,5.298611029411765,6.756820741287397,5.69092920665316e-15
500,TE,64,300,301,0.18507178724441326,0.0011598872383954953,0.8137683255171914,27.144719479605556,2216968192,2254438400,analytic,,interpolation within original CSV,2.2365037332941116,-2.5675727091839984,3.639120705280001,7.149353690347475,7.059666873654278e-15
500,TM,64,300,301,0.05326719226131568,0.08624677188694903,0.8604860358517352,27.144719479605556,2216968192,2254438400,analytic,,interpolation within original CSV,2.2365037332941116,-2.5675727091839984,3.639120705280001,7.149353690347475,7.059666873654278e-15
550,TE,64,300,301,0.5637821013652021,0.0006745304321039998,0.43554336820269385,26.734996194019914,2216968192,2254438400,analytic,,interpolation within original CSV,2.2272625135734425,-5.931132302686566,2.097036958431722,20.642633061344778,9.416284339973741e-15
550,TM,64,300,301,0.0736777169837893,0.20176801972048394,0.7245542632957267,26.734996194019914,2216968192,2254438400,analytic,,interpolation within original CSV,2.2272625135734425,-5.931132302686566,2.097036958431722,20.642633061344778,9.416284339973741e-15
600,TE,64,300,301,0.8226311020126214,3.4451948132595574e-05,0.17733444603924606,26.548756684176624,2216968192,2254438400,analytic,,interpolation within original CSV,2.220321330396491,-9.38750209273393,1.5291956634470842,64.43128121415398,7.309076244279449e-15
600,TM,64,300,301,0.024942069225715322,0.30061224085177474,0.67444568992251,26.548756684176624,2216968192,2254438400,analytic,,interpolation within original CSV,2.220321330396491,-9.38750209273393,1.5291956634470842,64.43128121415398,7.309076244279449e-15
650,TE,64,300,301,0.9194576343650556,3.8782780636241595e-06,0.08053848735688081,29.799361729994416,2216968192,2254438400,analytic,,interpolation within original CSV,2.214963148413023,-12.953406526860784,1.1208918923484472,43.193371272261594,7.551514196309267e-15
650,TM,64,300,301,0.18952429442567295,0.37991409545058746,0.43056161012373956,29.799361729994416,2216968192,2254438400,analytic,,interpolation within original CSV,2.214963148413023,-12.953406526860784,1.1208918923484472,43.193371272261594,7.551514196309267e-15
700,TE,64,300,301,0.9475119685178428,8.777843837509578e-07,0.052487153697773445,27.195920031052083,2216968192,2254438400,analytic,,interpolation within original CSV,2.21072721927654,-16.48593276,1.0643488,109.78568814727986,7.375752219044057e-15
700,TM,64,300,301,0.5212515728148825,0.20960006232642459,0.26914836485869287,27.195920031052083,2216968192,2254438400,analytic,,interpolation within original CSV,2.21072721927654,-16.48593276,1.0643488,109.78568814727986,7.375752219044057e-15
400,TE,72,100,101,0.17596319841790112,3.490244256192274e-05,0.824001899139537,11.013398432638496,984249856,991952896,analytic,,short edge extrapolation,2.267550011883899,-1.6580401754677423,5.735377420196986,7.169351890453214,8.106700196323615e-15
400,TM,72,100,101,0.03285899590854541,0.03062130391501407,0.9365197001764405,11.013398432638496,984249856,991952896,analytic,,short edge extrapolation,2.267550011883899,-1.6580401754677423,5.735377420196986,7.169351890453214,8.106700196323615e-15
450,TE,72,100,101,0.17467763177456339,9.675130016615504e-05,0.8252256169252704,10.541793460026383,984249856,991952896,analytic,,interpolation within original CSV,2.2492671448377757,-1.7562071833910033,5.298611029411765,6.903460300577097,7.592441716552163e-15
450,TM,72,100,101,0.04472502847696918,0.05639814002865362,0.8988768314943772,10.541793460026383,984249856,991952896,analytic,,interpolation within original CSV,2.2492671448377757,-1.7562071833910033,5.298611029411765,6.903460300577097,7.592441716552163e-15
500,TE,72,100,101,0.18506515868898357,0.001159658303173675,0.8137751830078428,11.336924083065242,984249856,991952896,analytic,,interpolation within original CSV,2.2365037332941116,-2.5675727091839984,3.639120705280001,6.469567230550323,7.563201326066843e-15
500,TM,72,100,101,0.05296455329253598,0.08540509510346739,0.8616303516039966,11.336924083065242,984249856,991952896,analytic,,interpolation within original CSV,2.2365037332941116,-2.5675727091839984,3.639120705280001,6.469567230550323,7.563201326066843e-15
550,TE,72,100,101,0.5637782370740281,0.0006743417307425909,0.4355474211952293,10.613274094182998,984249856,991952896,analytic,,interpolation within original CSV,2.2272625135734425,-5.931132302686566,2.097036958431722,18.877430528192217,1.3429803434923383e-14
550,TM,72,100,101,0.07380931591024668,0.2011639836949226,0.7250267003948307,10.613274094182998,984249856,991952896,analytic,,interpolation within original CSV,2.2272625135734425,-5.931132302686566,2.097036958431722,18.877430528192217,1.3429803434923383e-14
600,TE,72,100,101,0.8226286340167588,3.443969978378096e-05,0.17733692628345743,11.062697863206267,984249856,991952896,analytic,,interpolation within original CSV,2.220321330396491,-9.38750209273393,1.5291956634470842,66.33320762982251,1.7744404655000096e-14
600,TM,72,100,101,0.022601397100324473,0.2998280122046428,0.6775705906950327,11.062697863206267,984249856,991952896,analytic,,interpolation within original CSV,2.220321330396491,-9.38750209273393,1.5291956634470842,66.33320762982251,1.7744404655000096e-14
650,TE,72,100,101,0.9194564444172039,3.876685425818698e-06,0.08053967889737032,10.677537612151355,984249856,991952896,analytic,,interpolation within original CSV,2.214963148413023,-12.953406526860784,1.1208918923484472,105.43995224778784,1.479079505607594e-14
650,TM,72,100,101,0.1803117743780038,0.37738959888402723,0.44229862673796894,10.677537612151355,984249856,991952896,analytic,,interpolation within original CSV,2.214963148413023,-12.953406526860784,1.1208918923484472,105.43995224778784,1.479079505607594e-14
700,TE,72,100,101,0.9475112156485329,8.773921812072707e-07,0.05248790695928588,11.358902500011027,984249856,991952896,analytic,,interpolation within original CSV,2.21072721927654,-16.48593276,1.0643488,58.1815622200263,1.2597676256440835e-14
700,TM,72,100,101,0.5117413490739455,0.1987127826618837,0.2895458682641708,11.358902500011027,984249856,991952896,analytic,,interpolation within original CSV,2.21072721927654,-16.48593276,1.0643488,58.1815622200263,1.2597676256440835e-14
400,TE,72,140,141,0.17596426458691164,3.491084817414088e-05,0.8240008245649143,14.824940222781152,1346971136,1354760192,analytic,,short edge extrapolation,2.267550011883899,-1.6580401754677423,5.735377420196986,7.1226012464438,6.741037353128025e-15
400,TM,72,140,141,0.03282814894023918,0.030706277775350448,0.9364655732844104,14.824940222781152,1346971136,1354760192,analytic,,short edge extrapolation,2.267550011883899,-1.6580401754677423,5.735377420196986,7.1226012464438,6.741037353128025e-15
450,TE,72,140,141,0.17468041243558718,9.676631442148145e-05,0.8252228212499914,14.571651586797088,1346971136,1354760192,analytic,,interpolation within original CSV,2.2492671448377757,-1.7562071833910033,5.298611029411765,6.813751799564605,7.938398237553086e-15
450,TM,72,140,141,0.04482833310624109,0.05656298233382143,0.8986086845599375,14.571651586797088,1346971136,1354760192,analytic,,interpolation within original CSV,2.2492671448377757,-1.7562071833910033,5.298611029411765,6.813751799564605,7.938398237553086e-15
500,TE,72,140,141,0.18506883221222406,0.0011597860147003858,0.8137713817730756,15.173283477779478,1346971136,1354760192,analytic,,interpolation within original CSV,2.2365037332941116,-2.5675727091839984,3.639120705280001,6.470024085028051,7.563201326066843e-15
500,TM,72,140,141,0.05309290319459446,0.08579913947423484,0.8611079573311706,15.173283477779478,1346971136,1354760192,analytic,,interpolation within original CSV,2.2365037332941116,-2.5675727091839984,3.639120705280001,6.470024085028051,7.563201326066843e-15
550,TE,72,140,141,0.5637803740842954,0.0006744486568746629,0.43554517725882996,14.645464525092393,1346971136,1354760192,analytic,,interpolation within original CSV,2.2272625135734425,-5.931132302686566,2.097036958431722,18.96146354709649,1.2101004247394284e-14
550,TM,72,140,141,0.07365222120999784,0.2016354348308082,0.724712343959194,14.645464525092393,1346971136,1354760192,analytic,,interpolation within original CSV,2.2272625135734425,-5.931132302686566,2.097036958431722,18.96146354709649,1.2101004247394284e-14
600,TE,72,140,141,0.8226300037180326,3.444658793753342e-05,0.17733554969402984,14.790159789379686,1346971136,1354760192,analytic,,interpolation within original CSV,2.220321330396491,-9.38750209273393,1.5291956634470842,62.555676423729246,1.2194611891592315e-14
600,TM,72,140,141,0.024271667001238367,0.29865945436838504,0.6770688786303766,14.790159789379686,1346971136,1354760192,analytic,,interpolation within original CSV,2.220321330396491,-9.38750209273393,1.5291956634470842,62.555676423729246,1.2194611891592315e-14
650,TE,72,140,141,0.9194571065716252,3.877572261991159e-06,0.08053901585611285,15.255286437924951,1346971136,1354760192,analytic,,interpolation within original CSV,2.214963148413023,-12.953406526860784,1.1208918923484472,141.96641714343647,1.3903046277476169e-14
650,TM,72,140,141,0.18423809956048975,0.37217360391684984,0.4435882965226604,15.255286437924951,1346971136,1354760192,analytic,,interpolation within original CSV,2.214963148413023,-12.953406526860784,1.1208918923484472,141.96641714343647,1.3903046277476169e-14
700,TE,72,140,141,0.947511635312752,8.776091670861557e-07,0.05248748707808096,14.612908857874572,1346971136,1354760192,analytic,,interpolation within original CSV,2.21072721927654,-16.48593276,1.0643488,60.89440192998223,1.7556306821332385e-14
700,TM,72,140,141,0.5098080691691669,0.20596637877322654,0.2842255520576066,14.612908857874572,1346971136,1354760192,analytic,,interpolation within original CSV,2.21072721927654,-16.48593276,1.0643488,60.89440192998223,1.7556306821332385e-14
400,TE,72,180,181,0.17596468661898318,3.4914282060654955e-05,0.8240003990989561,19.181098544970155,1709692416,1717567488,analytic,,short edge extrapolation,2.267550011883899,-1.6580401754677423,5.735377420196986,7.105899294636868,6.741037353128025e-15
400,TM,72,180,181,0.03281121830258065,0.03075288066367918,0.9364359010337402,19.181098544970155,1709692416,1717567488,analytic,,short edge extrapolation,2.267550011883899,-1.6580401754677423,5.735377420196986,7.105899294636868,6.741037353128025e-15
450,TE,72,180,181,0.174681523338186,9.67724423594549e-05,0.8252217042194545,18.557313293218613,1709692416,1717567488,analytic,,interpolation within original CSV,2.2492671448377757,-1.7562071833910033,5.298611029411765,6.850942484835426,8.15101824807675e-15
450,TM,72,180,181,0.044876923836780526,0.056648717849445175,0.8984743583137743,18.557313293218613,1709692416,1717567488,analytic,,interpolation within original CSV,2.2492671448377757,-1.7562071833910033,5.298611029411765,6.850942484835426,8.15101824807675e-15
500,TE,72,180,181,0.1850702968296622,0.001159837239611136,0.8137698659307266,18.8641117089428,1709692416,1717567488,analytic,,interpolation within original CSV,2.2365037332941116,-2.5675727091839984,3.639120705280001,6.462958323050301,7.563201326066843e-15
500,TM,72,180,181,0.05315262148846675,0.085983165301939,0.8608642132095943,18.8641117089428,1709692416,1717567488,analytic,,interpolation within original CSV,2.2365037332941116,-2.5675727091839984,3.639120705280001,6.462958323050301,7.563201326066843e-15
550,TE,72,180,181,0.5637812167303943,0.0006744890864913322,0.4355442941831144,19.05685202497989,1709692416,1717567488,analytic,,interpolation within original CSV,2.2272625135734425,-5.931132302686566,2.097036958431722,18.426591714135725,1.2176798018846907e-14
550,TM,72,180,181,0.0734864865825663,0.2015887540729142,0.7249247593445195,19.05685202497989,1709692416,1717567488,analytic,,interpolation within original CSV,2.2272625135734425,-5.931132302686566,2.097036958431722,18.426591714135725,1.2176798018846907e-14
600,TE,72,180,181,0.8226305512896847,3.444926602075742e-05,0.1773349994442946,19.291624241042882,1709692416,1717567488,analytic,,interpolation within original CSV,2.220321330396491,-9.38750209273393,1.5291956634470842,69.29992265092967,1.6510563211524595e-14
600,TM,72,180,181,0.024496114631993055,0.2986424805710546,0.6768614047969523,19.291624241042882,1709692416,1717567488,analytic,,interpolation within original CSV,2.220321330396491,-9.38750209273393,1.5291956634470842,69.29992265092967,1.6510563211524595e-14
650,TE,72,180,181,0.9194573716419097,3.877930304763665e-06,0.08053875042778558,18.554455897770822,1709692416,1717567488,analytic,,interpolation within original CSV,2.214963148413023,-12.953406526860784,1.1208918923484472,163.49521204634718,2.6752235655535402e-14
650,TM,72,180,181,0.1872518814915196,0.37416363137953607,0.4385844871289443,18.554455897770822,1709692416,1717567488,analytic,,interpolation within original CSV,2.214963148413023,-12.953406526860784,1.1208918923484472,163.49521204634718,2.6752235655535402e-14
700,TE,72,180,181,0.9475118034380577,8.776989218955351e-07,0.05248731886302036,18.50475861504674,1709692416,1717567488,analytic,,interpolation within original CSV,2.21072721927654,-16.48593276,1.0643488,131.40768219624005,2.0958749983929102e-14
700,TM,72,180,181,0.5123610289676884,0.20923874047421126,0.2784002305581003,18.50475861504674,1709692416,1717567488,analytic,,interpolation within original CSV,2.21072721927654,-16.48593276,1.0643488,131.40768219624005,2.0958749983929102e-14
400,TE,72,220,221,0.17596490491989192,3.491605367298744e-05,0.8240001790264351,22.52380452863872,2072413696,2082471936,analytic,,short edge extrapolation,2.267550011883899,-1.6580401754677423,5.735377420196986,7.104172372871393,6.741037353128025e-15
400,TM,72,220,221,0.03280077138582786,0.03078164461393909,0.9364175840002331,22.52380452863872,2072413696,2082471936,analytic,,short edge extrapolation,2.267550011883899,-1.6580401754677423,5.735377420196986,7.104172372871393,6.741037353128025e-15
450,TE,72,220,221,0.17468210138773105,9.677560775961955e-05,0.8252211230045092,22.9990482958965,2072413696,2082471936,analytic,,interpolation within original CSV,2.2492671448377757,-1.7562071833910033,5.298611029411765,6.839396184548641,8.042686170924695e-15
450,TM,72,220,221,0.04490422954300524,0.05670062149021122,0.8983951489667835,22.9990482958965,2072413696,2082471936,analytic,,interpolation within original CSV,2.2492671448377757,-1.7562071833910033,5.298611029411765,6.839396184548641,8.042686170924695e-15
500,TE,72,220,221,0.1850710611329671,0.0011598642697118776,0.813769074597321,22.059449521824718,2072413696,2082471936,analytic,,interpolation within original CSV,2.2365037332941116,-2.5675727091839984,3.639120705280001,6.401322746100258,7.563201326066843e-15
500,TM,72,220,221,0.05318761106222465,0.0860926370738812,0.860719751863894,22.059449521824718,2072413696,2082471936,analytic,,interpolation within original CSV,2.2365037332941116,-2.5675727091839984,3.639120705280001,6.401322746100258,7.563201326066843e-15
550,TE,72,220,221,0.5637816567365883,0.0006745119548692496,0.43554383130854246,22.5651996829547,2072413696,2082471936,analytic,,interpolation within original CSV,2.2272625135734425,-5.931132302686566,2.097036958431722,19.365063987681236,8.739480685163258e-15
550,TM,72,220,221,0.07342561978276824,0.20153764013322287,0.7250367400840089,22.5651996829547,2072413696,2082471936,analytic,,interpolation within original CSV,2.2272625135734425,-5.931132302686566,2.097036958431722,19.365063987681236,8.739480685163258e-15
600,TE,72,220,221,0.8226308360298176,3.445073135475111e-05,0.17733471323882768,22.909307249821723,2072413696,2082471936,analytic,,interpolation within original CSV,2.220321330396491,-9.38750209273393,1.5291956634470842,67.02537618015192,1.2316055578401452e-14
600,TM,72,220,221,0.024792591203267052,0.2992849885069625,0.6759224202897705,22.909307249821723,2072413696,2082471936,analytic,,interpolation within original CSV,2.220321330396491,-9.38750209273393,1.5291956634470842,67.02537618015192,1.2316055578401452e-14
650,TE,72,220,221,0.9194575097223951,3.8781177457875396e-06,0.08053861215985907,23.389238317962736,2072413696,2082471936,analytic,,interpolation within original CSV,2.214963148413023,-12.953406526860784,1.1208918923484472,122.93181188148147,1.9406287785040208e-14
650,TM,72,220,221,0.19035527621047055,0.37484757890456194,0.4347971448849675,23.389238317962736,2072413696,2082471936,analytic,,interpolation within original CSV,2.214963148413023,-12.953406526860784,1.1208918923484472,122.93181188148147,1.9406287785040208e-14
700,TE,72,220,221,0.9475118910686219,8.777445920197475e-07,0.0524872311867861,23.326434600632638,2072413696,2082471936,analytic,,interpolation within original CSV,2.21072721927654,-16.48593276,1.0643488,107.57217353162159,2.9081885000969765e-14
700,TM,72,220,221,0.5152580129541495,0.2095521150239097,0.2751898720219408,23.326434600632638,2072413696,2082471936,analytic,,interpolation within original CSV,2.21072721927654,-16.48593276,1.0643488,107.57217353162159,2.9081885000969765e-14
400,TE,72,260,261,0.17596502671672934,3.4917060012484285e-05,0.8240000562232582,27.772984304931015,2435134976,2445279232,analytic,,short edge extrapolation,2.267550011883899,-1.6580401754677423,5.735377420196986,7.093711512048722,6.741037353128025e-15
400,TM,72,260,261,0.032793938782568754,0.030800155961820744,0.9364059052556105,27.772984304931015,2435134976,2445279232,analytic,,short edge extrapolation,2.267550011883899,-1.6580401754677423,5.735377420196986,7.093711512048722,6.741037353128025e-15
450,TE,72,260,261,0.17468242482703386,9.6777404134315e-05,0.8252207977688318,26.50375875039026,2435134976,2445279232,analytic,,interpolation within original CSV,2.2492671448377757,-1.7562071833910033,5.298611029411765,6.858888034099332,7.896333856645833e-15
450,TM,72,260,261,0.04492109968292242,0.05673361739873526,0.8983452829183423,26.50375875039026,2435134976,2445279232,analytic,,interpolation within original CSV,2.2492671448377757,-1.7562071833910033,5.298611029411765,6.858888034099332,7.896333856645833e-15
500,TE,72,260,261,0.18507148788085276,0.0011598793496097439,0.8137686327695375,27.537049295846373,2435134976,2445279232,analytic,,interpolation within original CSV,2.2365037332941116,-2.5675727091839984,3.639120705280001,6.574334393617747,7.563201326066843e-15
500,TM,72,260,261,0.0532094777716493,0.08616036820356249,0.8606301540247883,27.537049295846373,2435134976,2445279232,analytic,,interpolation within original CSV,2.2365037332941116,-2.5675727091839984,3.639120705280001,6.574334393617747,7.563201326066843e-15
550,TE,72,260,261,0.5637819008879756,0.0006745240158644361,0.43554357509615993,26.965455390978605,2435134976,2445279232,analytic,,interpolation within original CSV,2.2272625135734425,-5.931132302686566,2.097036958431722,20.02240801657986,7.874329575608655e-15
550,TM,72,260,261,0.07337871689842491,0.20141056592766926,0.7252107171739058,26.965455390978605,2435134976,2445279232,analytic,,interpolation within original CSV,2.2272625135734425,-5.931132302686566,2.097036958431722,20.02240801657986,7.874329575608655e-15
600,TE,72,260,261,0.822630995443659,3.445152497612413e-05,0.17733455303136483,27.120684469118714,2435134976,2445279232,analytic,,interpolation within original CSV,2.220321330396491,-9.38750209273393,1.5291956634470842,70.22510354181881,1.181361014976238e-14
600,TM,72,260,261,0.025214548776649134,0.2997782562165441,0.6750071950068068,27.120684469118714,2435134976,2445279232,analytic,,interpolation within original CSV,2.220321330396491,-9.38750209273393,1.5291956634470842,70.22510354181881,1.181361014976238e-14
650,TE,72,260,261,0.919457587031401,3.878222986319066e-06,0.08053853474561266,27.830870288889855,2435134976,2445279232,analytic,,interpolation within original CSV,2.214963148413023,-12.953406526860784,1.1208918923484472,101.64624336404107,1.8934001124804116e-14
650,TM,72,260,261,0.1918427949134409,0.3744754325032274,0.4336817725833317,27.830870288889855,2435134976,2445279232,analytic,,interpolation within original CSV,2.214963148413023,-12.953406526860784,1.1208918923484472,101.64624336404107,1.8934001124804116e-14
700,TE,72,260,261,0.9475119401398624,8.777708412891128e-07,0.052487182089296314,27.83103098999709,2435134976,2445279232,analytic,,interpolation within original CSV,2.21072721927654,-16.48593276,1.0643488,135.8501703728817,2.823263286032651e-14
700,TM,72,260,261,0.5165204756421944,0.2100081492912758,0.27347137506652985,27.83103098999709,2435134976,2445279232,analytic,,interpolation within original CSV,2.21072721927654,-16.48593276,1.0643488,135.8501703728817,2.823263286032651e-14
400,TE,72,300,301,0.1759651050232284,3.491770211036506e-05,0.8239999772746612,31.745406019035727,2797856256,2808086528,analytic,,short edge extrapolation,2.267550011883899,-1.6580401754677423,5.735377420196986,7.102644612717485,6.741037353128025e-15
400,TM,72,300,301,0.03278921404903688,0.030813003058030825,0.9363977828929323,31.745406019035727,2797856256,2808086528,analytic,,short edge extrapolation,2.267550011883899,-1.6580401754677423,5.735377420196986,7.102644612717485,6.741037353128025e-15
450,TE,72,300,301,0.17468263333977205,9.67785515230881e-05,0.8252205881087048,30.35341283492744,2797856256,2808086528,analytic,,interpolation within original CSV,2.2492671448377757,-1.7562071833910033,5.298611029411765,6.857251988078952,7.588206419665711e-15
450,TM,72,300,301,0.04493240672756602,0.056756506203228925,0.898311087069205,30.35341283492744,2797856256,2808086528,analytic,,interpolation within original CSV,2.2492671448377757,-1.7562071833910033,5.298611029411765,6.857251988078952,7.588206419665711e-15
500,TE,72,300,301,0.18507176367661413,0.0011598891624497129,0.8137683471609362,30.36682670004666,2797856256,2808086528,analytic,,interpolation within original CSV,2.2365037332941116,-2.5675727091839984,3.639120705280001,6.518281877009352,7.563201326066843e-15
500,TM,72,300,301,0.053224625420809045,0.08620842279834312,0.8605669517808479,30.36682670004666,2797856256,2808086528,analytic,,interpolation within original CSV,2.2365037332941116,-2.5675727091839984,3.639120705280001,6.518281877009352,7.563201326066843e-15
550,TE,72,300,301,0.5637820590666816,0.0006745323519943006,0.4355434085813241,31.613753212150186,2797856256,2808086528,analytic,,interpolation within original CSV,2.2272625135734425,-5.931132302686566,2.097036958431722,20.49027383422868,9.180094853720584e-15
550,TM,72,300,301,0.073386532870646,0.20139027631865483,0.7252231908106992,31.613753212150186,2797856256,2808086528,analytic,,interpolation within original CSV,2.2272625135734425,-5.931132302686566,2.097036958431722,20.49027383422868,9.180094853720584e-15
600,TE,72,300,301,0.8226310981522107,3.445205802383521e-05,0.17733444978976548,31.850208362098783,2797856256,2808086528,analytic,,interpolation within original CSV,2.220321330396491,-9.38750209273393,1.5291956634470842,71.19175503044815,1.1701120807691642e-14
600,TM,72,300,301,0.025469394732861958,0.2999419692592628,0.6745886360078752,31.850208362098783,2797856256,2808086528,analytic,,interpolation within original CSV,2.220321330396491,-9.38750209273393,1.5291956634470842,71.19175503044815,1.1701120807691642e-14
650,TE,72,300,301,0.9194576368928561,3.878290997246267e-06,0.08053848481614666,31.730879527982324,2797856256,2808086528,analytic,,interpolation within original CSV,2.214963148413023,-12.953406526860784,1.1208918923484472,89.88643515767681,1.6150157089632518e-14
650,TM,72,300,301,0.19200751202695834,0.3749768299410467,0.433015658031995,31.730879527982324,2797856256,2808086528,analytic,,interpolation within original CSV,2.214963148413023,-12.953406526860784,1.1208918923484472,89.88643515767681,1.6150157089632518e-14
700,TE,72,300,301,0.9475119717982309,8.777873843380481e-07,0.05248715041438479,31.726557763293386,2797856256,2808086528,analytic,,interpolation within original CSV,2.21072721927654,-16.48593276,1.0643488,163.77857115973757,2.6369812912522884e-14
700,TM,72,300,301,0.517049180991672,0.2108668768113122,0.2720839421970158,31.726557763293386,2797856256,2808086528,analytic,,interpolation within original CSV,2.21072721927654,-16.48593276,1.0643488,163.77857115973757,2.6369812912522884e-14
400,TE,80,100,101,0.17596320277987662,3.490250162221574e-05,0.8240018947185012,12.949254124891013,1165992448,1237319680,analytic,,short edge extrapolation,2.267550011883899,-1.6580401754677423,5.735377420196986,7.050557391954249,6.382833332010897e-15
400,TM,80,100,101,0.032857921679016244,0.030607909858052906,0.9365341684629308,12.949254124891013,1165992448,1237319680,analytic,,short edge extrapolation,2.267550011883899,-1.6580401754677423,5.735377420196986,7.050557391954249,6.382833332010897e-15
450,TE,80,100,101,0.17467763070844486,9.675140813321881e-05,0.8252256178834219,12.930739321745932,1165992448,1237319680,analytic,,interpolation within original CSV,2.2492671448377757,-1.7562071833910033,5.298611029411765,6.718950784362527,8.407070002440038e-15
450,TM,80,100,101,0.044703268752961545,0.05637068340450778,0.8989260478425306,12.930739321745932,1165992448,1237319680,analytic,,interpolation within original CSV,2.2492671448377757,-1.7562071833910033,5.298611029411765,6.718950784362527,8.407070002440038e-15
500,TE,80,100,101,0.18506514770820676,0.0011596593659632325,0.81377519292583,13.52470690291375,1165992448,1237319680,analytic,,interpolation within original CSV,2.2365037332941116,-2.5675727091839984,3.639120705280001,6.956783483657947,7.468663103113455e-15
500,TM,80,100,101,0.052925277134167795,0.08535265689690442,0.8617220659689278,13.52470690291375,1165992448,1237319680,analytic,,interpolation within original CSV,2.2365037332941116,-2.5675727091839984,3.639120705280001,6.956783483657947,7.468663103113455e-15
550,TE,80,100,101,0.5637782162626324,0.0006743427911454718,0.43554744094622216,12.097741360310465,1165992448,1237319680,analytic,,interpolation within original CSV,2.2272625135734425,-5.931132302686566,2.097036958431722,18.95038776990749,1.0832038017880778e-14
550,TM,80,100,101,0.07283447587697733,0.2006351679462892,0.7265303561767334,12.097741360310465,1165992448,1237319680,analytic,,interpolation within original CSV,2.2272625135734425,-5.931132302686566,2.097036958431722,18.95038776990749,1.0832038017880778e-14
600,TE,80,100,101,0.8226286337992411,3.443976061736562e-05,0.1773369264401415,12.62967440718785,1165992448,1237319680,analytic,,interpolation within original CSV,2.220321330396491,-9.38750209273393,1.5291956634470842,38.88027722036762,1.3163342777962843e-14
600,TM,80,100,101,0.021542732009038817,0.301397298124145,0.6770599698668163,12.62967440718785,1165992448,1237319680,analytic,,interpolation within original CSV,2.220321330396491,-9.38750209273393,1.5291956634470842,38.88027722036762,1.3163342777962843e-14
650,TE,80,100,101,0.9194564469990344,3.876692597898933e-06,0.08053967630836771,12.965238794218749,1165992448,1237319680,analytic,,interpolation within original CSV,2.214963148413023,-12.953406526860784,1.1208918923484472,129.79076085146212,2.621493093117449e-14
650,TM,80,100,101,0.17961697756323525,0.38116095353615265,0.4392220689006121,12.965238794218749,1165992448,1237319680,analytic,,interpolation within original CSV,2.214963148413023,-12.953406526860784,1.1208918923484472,129.79076085146212,2.621493093117449e-14
700,TE,80,100,101,0.9475112183684897,8.773938470794357e-07,0.0524879042376632,12.935134921222925,1165992448,1237319680,analytic,,interpolation within original CSV,2.21072721927654,-16.48593276,1.0643488,159.83173753224057,2.9168974580560806e-14
700,TM,80,100,101,0.5137523522731486,0.19560772865743797,0.2906399190694134,12.935134921222925,1165992448,1237319680,analytic,,interpolation within original CSV,2.21072721927654,-16.48593276,1.0643488,159.83173753224057,2.9168974580560806e-14
400,TE,80,140,141,0.17596426859586092,3.491090823464951e-05,0.8240008204959045,17.74053681595251,1597710848,1690304512,analytic,,short edge extrapolation,2.267550011883899,-1.6580401754677423,5.735377420196986,6.942207100661467,6.382833332010897e-15
400,TM,80,140,141,0.032827077095823776,0.03069115266093237,0.9364817702432439,17.74053681595251,1597710848,1690304512,analytic,,short edge extrapolation,2.267550011883899,-1.6580401754677423,5.735377420196986,6.942207100661467,6.382833332010897e-15
450,TE,80,140,141,0.17468041108011306,9.676642421149216e-05,0.8252228224956755,17.861288680229336,1597710848,1690304512,analytic,,interpolation within original CSV,2.2492671448377757,-1.7562071833910033,5.298611029411765,6.580536028302889,8.407070002440038e-15
450,TM,80,140,141,0.04481370221599682,0.05653534916325376,0.8986509486207495,17.861288680229336,1597710848,1690304512,analytic,,interpolation within original CSV,2.2492671448377757,-1.7562071833910033,5.298611029411765,6.580536028302889,8.407070002440038e-15
500,TE,80,140,141,0.18506882090016455,0.001159787095386072,0.8137713920044494,18.301912325900048,1597710848,1690304512,analytic,,interpolation within original CSV,2.2365037332941116,-2.5675727091839984,3.639120705280001,6.954237515266306,8.294586243219445e-15
500,TM,80,140,141,0.05306550150390852,0.08575464719858596,0.8611798512975055,18.301912325900048,1597710848,1690304512,analytic,,interpolation within original CSV,2.2365037332941116,-2.5675727091839984,3.639120705280001,6.954237515266306,8.294586243219445e-15
550,TE,80,140,141,0.5637803527399411,0.0006744497352459137,0.43554519752481297,17.56566095072776,1597710848,1690304512,analytic,,interpolation within original CSV,2.2272625135734425,-5.931132302686566,2.097036958431722,16.624034186486618,1.298357832976788e-14
550,TM,80,140,141,0.07312592339874324,0.20098132657611734,0.7258927500251394,17.56566095072776,1597710848,1690304512,analytic,,interpolation within original CSV,2.2272625135734425,-5.931132302686566,2.097036958431722,16.624034186486618,1.298357832976788e-14
600,TE,80,140,141,0.8226300033571633,3.444664979368789e-05,0.17733554999304302,16.72349283611402,1597710848,1690304512,analytic,,interpolation within original CSV,2.220321330396491,-9.38750209273393,1.5291956634470842,38.88027722036762,1.3276785868427729e-14
600,TM,80,140,141,0.023673367266290216,0.2999068868055836,0.6764197459281263,16.72349283611402,1597710848,1690304512,analytic,,interpolation within original CSV,2.220321330396491,-9.38750209273393,1.5291956634470842,38.88027722036762,1.3276785868427729e-14
650,TE,80,140,141,0.9194571091098649,3.877579553891953e-06,0.08053901331058122,17.461159511003643,1597710848,1690304512,analytic,,interpolation within original CSV,2.214963148413023,-12.953406526860784,1.1208918923484472,129.79076085146212,2.535990774394792e-14
650,TM,80,140,141,0.18214272032615766,0.3753996890360428,0.44245759063779955,17.461159511003643,1597710848,1690304512,analytic,,interpolation within original CSV,2.214963148413023,-12.953406526860784,1.1208918923484472,129.79076085146212,2.535990774394792e-14
700,TE,80,140,141,0.9475116380117695,8.776108606790087e-07,0.0524874843773698,17.76733106095344,1597710848,1690304512,analytic,,interpolation within original CSV,2.21072721927654,-16.48593276,1.0643488,181.16874811944402,2.203032693034446e-14
700,TM,80,140,141,0.5119092583615081,0.20142049873157714,0.28667024290691473,17.76733106095344,1597710848,1690304512,analytic,,interpolation within original CSV,2.21072721927654,-16.48593276,1.0643488,181.16874811944402,2.203032693034446e-14
400,TE,80,180,181,0.1759646904099815,3.491434279063918e-05,0.8240003952472278,22.021919544786215,2029429248,2143289344,analytic,,short edge extrapolation,2.267550011883899,-1.6580401754677423,5.735377420196986,6.885215827948077,6.382833332010897e-15
400,TM,80,180,181,0.03280974922358176,0.03073805142931306,0.9364521993471052,22.021919544786215,2029429248,2143289344,analytic,,short edge extrapolation,2.267550011883899,-1.6580401754677423,5.735377420196986,6.885215827948077,6.382833332010897e-15
450,TE,80,180,181,0.17468152180089294,9.677255337215784e-05,0.8252217056457349,23.302279345225543,2029429248,2143289344,analytic,,interpolation within original CSV,2.2492671448377757,-1.7562071833910033,5.298611029411765,6.521453122178427,8.407070002440038e-15
450,TM,80,180,181,0.04486569174760071,0.05662264402771187,0.8985116642246874,23.302279345225543,2029429248,2143289344,analytic,,interpolation within original CSV,2.2492671448377757,-1.7562071833910033,5.298611029411765,6.521453122178427,8.407070002440038e-15
500,TE,80,180,181,0.18507028530394282,0.0011598383322879067,0.8137698763637693,21.472390073351562,2029429248,2143289344,analytic,,interpolation within original CSV,2.2365037332941116,-2.5675727091839984,3.639120705280001,6.841038433355099,7.468663103113455e-15
500,TM,80,180,181,0.05313155699025394,0.08594388096477329,0.8609245620449728,21.472390073351562,2029429248,2143289344,analytic,,interpolation within original CSV,2.2365037332941116,-2.5675727091839984,3.639120705280001,6.841038433355099,7.468663103113455e-15
550,TE,80,180,181,0.56378119503794,0.0006744901768426725,0.4355443147852173,22.22561623994261,2029429248,2143289344,analytic,,interpolation within original CSV,2.2272625135734425,-5.931132302686566,2.097036958431722,13.081448583691897,7.645706418710802e-15
550,TM,80,180,181,0.07318877332207785,0.20099800428667763,0.7258132223912446,22.22561623994261,2029429248,2143289344,analytic,,interpolation within original CSV,2.2272625135734425,-5.931132302686566,2.097036958431722,13.081448583691897,7.645706418710802e-15
600,TE,80,180,181,0.8226305508364923,3.444932856153277e-05,0.1773349998349462,22.65769851813093,2029429248,2143289344,analytic,,interpolation within original CSV,2.220321330396491,-9.38750209273393,1.5291956634470842,38.88027722036762,1.1954240439195883e-14
600,TM,80,180,181,0.023926426381018665,0.299934250511462,0.6761393231075192,22.65769851813093,2029429248,2143289344,analytic,,interpolation within original CSV,2.220321330396491,-9.38750209273393,1.5291956634470842,38.88027722036762,1.1954240439195883e-14
650,TE,80,180,181,0.919457374152598,3.877937677171303e-06,0.08053874790972484,22.671635313425213,2029429248,2143289344,analytic,,interpolation within original CSV,2.214963148413023,-12.953406526860784,1.1208918923484472,129.79076085146212,1.679791226983871e-14
650,TM,80,180,181,0.18440230653964945,0.37655674265138644,0.43904095080896416,22.671635313425213,2029429248,2143289344,analytic,,interpolation within original CSV,2.214963148413023,-12.953406526860784,1.1208918923484472,129.79076085146212,1.679791226983871e-14
700,TE,80,180,181,0.9475118061238869,8.777006341326618e-07,0.05248731617547901,22.475979443173856,2029429248,2143289344,analytic,,interpolation within original CSV,2.21072721927654,-16.48593276,1.0643488,165.47223245521982,2.6771451183990775e-14
700,TM,80,180,181,0.5151811251614768,0.20561955743567906,0.2791993174028441,22.475979443173856,2029429248,2143289344,analytic,,interpolation within original CSV,2.21072721927654,-16.48593276,1.0643488,165.47223245521982,2.6771451183990775e-14
400,TE,80,220,221,0.17596490856135916,3.491611486373389e-05,0.8240001753237771,26.586367583833635,2461147648,2596274176,analytic,,short edge extrapolation,2.267550011883899,-1.6580401754677423,5.735377420196986,6.857724475408076,6.382833332010897e-15
400,TM,80,220,221,0.032798830812187645,0.030767646313823026,0.9364335228739894,26.586367583833635,2461147648,2596274176,analytic,,short edge extrapolation,2.267550011883899,-1.6580401754677423,5.735377420196986,6.857724475408076,6.382833332010897e-15
450,TE,80,220,221,0.17468209972529009,9.677571961324668e-05,0.8252211245550968,27.97164025809616,2461147648,2596274176,analytic,,interpolation within original CSV,2.2492671448377757,-1.7562071833910033,5.298611029411765,6.490075930257641,8.407070002440038e-15
450,TM,80,220,221,0.044895000556499386,0.05667629360951911,0.8984287058339815,27.97164025809616,2461147648,2596274176,analytic,,interpolation within original CSV,2.2492671448377757,-1.7562071833910033,5.298611029411765,6.490075930257641,8.407070002440038e-15
500,TE,80,220,221,0.1850710494594556,0.0011598653706709676,0.8137690851698735,27.140453906729817,2461147648,2596274176,analytic,,interpolation within original CSV,2.2365037332941116,-2.5675727091839984,3.639120705280001,6.897650247975732,7.712116510696758e-15
500,TM,80,220,221,0.053170717883339394,0.08605653164599851,0.8607727504706622,27.140453906729817,2461147648,2596274176,analytic,,interpolation within original CSV,2.2365037332941116,-2.5675727091839984,3.639120705280001,6.897650247975732,7.712116510696758e-15
550,TE,80,220,221,0.5637816348019395,0.000674513053538514,0.43554385214452196,25.981528379954398,2461147648,2596274176,analytic,,interpolation within original CSV,2.2272625135734425,-5.931132302686566,2.097036958431722,13.837431781844549,7.9346924745196e-15
550,TM,80,220,221,0.07320512813511584,0.20100088444142333,0.7257939874234609,25.981528379954398,2461147648,2596274176,analytic,,interpolation within original CSV,2.2272625135734425,-5.931132302686566,2.097036958431722,13.837431781844549,7.9346924745196e-15
600,TE,80,220,221,0.8226308355125505,3.445079436798041e-05,0.17733471369308157,26.760270967148244,2461147648,2596274176,analytic,,interpolation within original CSV,2.220321330396491,-9.38750209273393,1.5291956634470842,38.88027722036762,1.7452560780091e-14
600,TM,80,220,221,0.02415555603078233,0.30000030918506815,0.6758441347841495,26.760270967148244,2461147648,2596274176,analytic,,interpolation within original CSV,2.220321330396491,-9.38750209273393,1.5291956634470842,38.88027722036762,1.7452560780091e-14
650,TE,80,220,221,0.9194575122140265,3.878125173565124e-06,0.08053860966079994,26.18505083117634,2461147648,2596274176,analytic,,interpolation within original CSV,2.214963148413023,-12.953406526860784,1.1208918923484472,129.79076085146212,1.9602395840386603e-14
650,TM,80,220,221,0.18913397858572936,0.37524719914394167,0.435618822270329,26.18505083117634,2461147648,2596274176,analytic,,interpolation within original CSV,2.214963148413023,-12.953406526860784,1.1208918923484472,129.79076085146212,1.9602395840386603e-14
700,TE,80,220,221,0.9475118937454386,8.777463170674958e-07,0.052487228508244284,26.975232456810772,2461147648,2596274176,analytic,,interpolation within original CSV,2.21072721927654,-16.48593276,1.0643488,221.7070477313234,2.7285468552529545e-14
700,TM,80,220,221,0.5164633857043969,0.20735380439921344,0.27618280989638966,26.975232456810772,2461147648,2596274176,analytic,,interpolation within original CSV,2.21072721927654,-16.48593276,1.0643488,221.7070477313234,2.7285468552529545e-14
400,TE,80,260,261,0.17596503025688892,3.491712152296314e-05,0.8240000526215882,31.044488705694675,2892866048,3049259008,analytic,,short edge extrapolation,2.267550011883899,-1.6580401754677423,5.735377420196986,6.932970082704213,6.382833332010897e-15
400,TM,80,260,261,0.032791566966008046,0.03078731203227027,0.9364211210017217,31.044488705694675,2892866048,3049259008,analytic,,short edge extrapolation,2.267550011883899,-1.6580401754677423,5.735377420196986,6.932970082704213,6.382833332010897e-15
450,TE,80,260,261,0.1746824230794372,9.677751657237309e-05,0.8252207994039904,32.1459712930955,2892866048,3049259008,analytic,,interpolation within original CSV,2.2492671448377757,-1.7562071833910033,5.298611029411765,6.57856550210813,8.407070002440038e-15
450,TM,80,260,261,0.044913211454392726,0.05671125528576287,0.8983755332598444,32.1459712930955,2892866048,3049259008,analytic,,interpolation within original CSV,2.2492671448377757,-1.7562071833910033,5.298611029411765,6.57856550210813,8.407070002440038e-15
500,TE,80,260,261,0.18507147610702904,0.0011598804563083644,0.8137686434366627,31.889284544158727,2892866048,3049259008,analytic,,interpolation within original CSV,2.2365037332941116,-2.5675727091839984,3.639120705280001,6.838972405680995,7.677255709771915e-15
500,TM,80,260,261,0.05319548231995592,0.08612656285883873,0.8606779548212053,31.889284544158727,2892866048,3049259008,analytic,,interpolation within original CSV,2.2365037332941116,-2.5675727091839984,3.639120705280001,6.838972405680995,7.677255709771915e-15
550,TE,80,260,261,0.563781878787312,0.000674525120262197,0.4355435960924258,30.81083825742826,2892866048,3049259008,analytic,,interpolation within original CSV,2.2272625135734425,-5.931132302686566,2.097036958431722,12.525288906640789,7.54654975463331e-15
550,TM,80,260,261,0.07320103938666653,0.2009205855066756,0.7258783751066579,30.81083825742826,2892866048,3049259008,analytic,,interpolation within original CSV,2.2272625135734425,-5.931132302686566,2.097036958431722,12.525288906640789,7.54654975463331e-15
600,TE,80,260,261,0.8226309948824453,3.445158831740342e-05,0.1773345535292373,30.863167782779783,2892866048,3049259008,analytic,,interpolation within original CSV,2.220321330396491,-9.38750209273393,1.5291956634470842,38.88027722036762,1.3376157301245415e-14
600,TM,80,260,261,0.02469538842099268,0.3004840289501923,0.674820582628815,30.863167782779783,2892866048,3049259008,analytic,,interpolation within original CSV,2.220321330396491,-9.38750209273393,1.5291956634470842,38.88027722036762,1.3376157301245415e-14
650,TE,80,260,261,0.9194575895100321,3.878230452573556e-06,0.08053853225951534,31.087859732098877,2892866048,3049259008,analytic,,interpolation within original CSV,2.214963148413023,-12.953406526860784,1.1208918923484472,129.79076085146212,2.1862264783026838e-14
650,TM,80,260,261,0.19096090342353533,0.374567411013605,0.43447168556285964,31.087859732098877,2892866048,3049259008,analytic,,interpolation within original CSV,2.214963148413023,-12.953406526860784,1.1208918923484472,129.79076085146212,2.1862264783026838e-14
700,TE,80,260,261,0.9475119428106407,8.777725752496885e-07,0.05248717941678409,32.5926438709721,2892866048,3049259008,analytic,,interpolation within original CSV,2.21072721927654,-16.48593276,1.0643488,247.14685012216611,2.3789777582569567e-14
700,TM,80,260,261,0.5174284099354016,0.20793133240325748,0.2746402576613409,32.5926438709721,2892866048,3049259008,analytic,,interpolation within original CSV,2.21072721927654,-16.48593276,1.0643488,247.14685012216611,2.3789777582569567e-14
400,TE,80,300,301,0.17596510848872843,3.491776385423392e-05,0.8239999737474174,35.92510230792686,3324584448,3502243840,analytic,,short edge extrapolation,2.267550011883899,-1.6580401754677423,5.735377420196986,6.90930528698818,6.382833332010897e-15
400,TM,80,300,301,0.03278644282728876,0.03080139100362299,0.9364121661690883,35.92510230792686,3324584448,3502243840,analytic,,short edge extrapolation,2.267550011883899,-1.6580401754677423,5.735377420196986,6.90930528698818,6.382833332010897e-15
450,TE,80,300,301,0.17468263152934266,9.677866438683227e-05,0.8252205898062706,37.44100442994386,3324584448,3502243840,analytic,,interpolation within original CSV,2.2492671448377757,-1.7562071833910033,5.298611029411765,6.549744518521784,8.407070002440038e-15
450,TM,80,300,301,0.04492555670300784,0.05673613578649004,0.8983383075105021,37.44100442994386,3324584448,3502243840,analytic,,interpolation within original CSV,2.2492671448377757,-1.7562071833910033,5.298611029411765,6.549744518521784,8.407070002440038e-15
500,TE,80,300,301,0.18507175182775665,0.0011598902733454585,0.8137683578988978,37.703124513849616,3324584448,3502243840,analytic,,interpolation within original CSV,2.2365037332941116,-2.5675727091839984,3.639120705280001,6.912101339811543,7.685400151208746e-15
500,TM,80,300,301,0.053213007971144505,0.08617657144167326,0.8606104205871823,37.703124513849616,3324584448,3502243840,analytic,,interpolation within original CSV,2.2365037332941116,-2.5675727091839984,3.639120705280001,6.912101339811543,7.685400151208746e-15
550,TE,80,300,301,0.5637820368433678,0.0006745334605969874,0.4355434296960352,35.51004419615492,3324584448,3502243840,analytic,,interpolation within original CSV,2.2272625135734425,-5.931132302686566,2.097036958431722,12.71814426522096,8.172489564466759e-15
550,TM,80,300,301,0.07325022761327107,0.20090431955631088,0.7258454528304181,35.51004419615492,3324584448,3502243840,analytic,,interpolation within original CSV,2.2272625135734425,-5.931132302686566,2.097036958431722,12.71814426522096,8.172489564466759e-15
600,TE,80,300,301,0.8226310975585243,3.445212160466125e-05,0.17733445031987108,36.746485095936805,3324584448,3502243840,analytic,,interpolation within original CSV,2.220321330396491,-9.38750209273393,1.5291956634470842,38.88027722036762,1.0103037331982906e-14
600,TM,80,300,301,0.02496900905838652,0.3007943807261668,0.6742366102154467,36.746485095936805,3324584448,3502243840,analytic,,interpolation within original CSV,2.220321330396491,-9.38750209273393,1.5291956634470842,38.88027722036762,1.0103037331982906e-14
650,TE,80,300,301,0.9194576393619108,3.8782984915640065e-06,0.08053848233959761,36.78715512389317,3324584448,3502243840,analytic,,interpolation within original CSV,2.214963148413023,-12.953406526860784,1.1208918923484472,129.79076085146212,4.8061050537006604e-14
650,TM,80,300,301,0.19205365039343525,0.37440273594467205,0.4335436136618927,36.78715512389317,3324584448,3502243840,analytic,,interpolation within original CSV,2.214963148413023,-12.953406526860784,1.1208918923484472,129.79076085146212,4.8061050537006604e-14
700,TE,80,300,301,0.9475119744644982,8.777891247837342e-07,0.05248714774637702,37.76942398305982,3324584448,3502243840,analytic,,interpolation within original CSV,2.21072721927654,-16.48593276,1.0643488,214.5634735819759,2.2166098427556742e-14
700,TM,80,300,301,0.5179412493371172,0.2086439681319425,0.2734147825309403,37.76942398305982,3324584448,3502243840,analytic,,interpolation within original CSV,2.21072721927654,-16.48593276,1.0643488,214.5634735819759,2.2166098427556742e-14
