top_depth_nm,bottom_depth_nm,core_width_nm,outer_width_nm,background,kind,thickness_nm
-30.0,0.0,0.0,70.0,air,cap,30.0
0.0,1.6666666666666667,10.2,70.2,air,shell,1.6666666666666667
1.6666666666666667,3.3333333333333335,10.6,70.6,air,shell,1.6666666666666667
3.3333333333333335,5.0,11.0,71.0,air,shell,1.6666666666666665
5.0,6.666666666666667,11.4,71.4,air,shell,1.666666666666667
6.666666666666667,8.333333333333334,11.8,71.8,air,shell,1.666666666666667
8.333333333333334,10.0,12.200000000000001,72.2,air,shell,1.666666666666666
10.0,11.666666666666666,12.6,72.6,air,shell,1.666666666666666
11.666666666666666,13.333333333333334,13.0,73.0,air,shell,1.6666666666666679
13.333333333333334,15.0,13.4,73.4,air,shell,1.666666666666666
15.0,16.666666666666668,13.8,73.8,air,shell,1.6666666666666679
16.666666666666668,18.333333333333332,14.2,74.2,air,shell,1.6666666666666643
18.333333333333332,20.0,14.6,74.6,air,shell,1.6666666666666679
20.0,21.666666666666668,15.0,75.0,air,shell,1.6666666666666679
21.666666666666668,23.333333333333332,15.399999999999999,75.4,air,shell,1.6666666666666643
23.333333333333332,25.0,15.799999999999999,75.8,air,shell,1.6666666666666679
25.0,26.666666666666668,16.200000000000003,76.2,air,shell,1.6666666666666679
26.666666666666668,28.333333333333332,16.6,76.6,air,shell,1.6666666666666643
28.333333333333332,30.0,17.0,77.0,air,shell,1.6666666666666679
30.0,31.666666666666668,17.4,77.4,air,shell,1.6666666666666679
31.666666666666668,33.333333333333336,17.8,77.8,air,shell,1.6666666666666679
33.333333333333336,35.0,18.200000000000003,78.2,air,shell,1.6666666666666643
35.0,36.666666666666664,18.599999999999998,78.6,air,shell,1.6666666666666643
36.666666666666664,38.333333333333336,19.0,79.0,air,shell,1.6666666666666714
38.333333333333336,40.0,19.4,79.4,air,shell,1.6666666666666643
40.0,41.666666666666664,19.799999999999997,79.8,air,shell,1.6666666666666643
41.666666666666664,43.333333333333336,20.200000000000003,80.2,air,shell,1.6666666666666714
43.333333333333336,45.0,20.6,80.6,air,shell,1.6666666666666643
45.0,46.666666666666664,21.0,81.0,air,shell,1.6666666666666643
46.666666666666664,48.333333333333336,21.4,81.4,air,shell,1.6666666666666714
48.333333333333336,50.0,21.8,81.8,air,shell,1.6666666666666643
50.0,51.666666666666664,22.2,82.2,air,shell,1.6666666666666643
51.666666666666664,53.333333333333336,22.6,82.6,air,shell,1.6666666666666714
53.333333333333336,55.0,23.0,83.0,air,shell,1.6666666666666643
55.0,56.666666666666664,23.4,83.4,air,shell,1.6666666666666643
56.666666666666664,58.333333333333336,23.8,83.8,air,shell,1.6666666666666714
58.333333333333336,60.0,24.200000000000003,84.2,air,shell,1.6666666666666643
60.0,61.666666666666664,24.6,84.6,air,shell,1.6666666666666643
61.666666666666664,63.333333333333336,25.0,85.0,air,shell,1.6666666666666714
63.333333333333336,65.0,25.400000000000002,85.4,air,shell,1.6666666666666643
65.0,66.66666666666667,25.800000000000004,85.80000000000001,air,shell,1.6666666666666714
66.66666666666667,68.33333333333333,26.200000000000003,86.2,air,shell,1.6666666666666572
68.33333333333333,70.0,26.599999999999998,86.6,air,shell,1.6666666666666714
70.0,71.66666666666667,27.000000000000004,87.0,air,shell,1.6666666666666714
71.66666666666667,73.33333333333333,27.4,87.4,air,shell,1.6666666666666572
73.33333333333333,75.0,27.799999999999997,87.8,air,shell,1.6666666666666714
75.0,76.66666666666667,28.2,88.2,air,shell,1.6666666666666714
76.66666666666667,78.33333333333333,28.6,88.6,air,shell,1.6666666666666572
78.33333333333333,80.0,29.0,89.0,air,shell,1.6666666666666714
80.0,81.66666666666667,29.400000000000002,89.4,air,shell,1.6666666666666714
81.66666666666667,83.33333333333333,29.8,89.8,air,shell,1.6666666666666572
83.33333333333333,85.0,30.199999999999996,90.19999999999999,air,shell,1.6666666666666714
85.0,86.66666666666667,30.6,90.6,air,shell,1.6666666666666714
86.66666666666667,88.33333333333333,31.0,91.0,air,shell,1.6666666666666572
88.33333333333333,90.0,31.4,91.4,air,shell,1.6666666666666714
90.0,91.66666666666667,31.800000000000004,91.80000000000001,air,shell,1.6666666666666714
91.66666666666667,93.33333333333333,32.2,92.2,air,shell,1.6666666666666572
93.33333333333333,95.0,32.599999999999994,92.6,air,shell,1.6666666666666714
95.0,96.66666666666667,33.0,93.0,air,shell,1.6666666666666714
96.66666666666667,98.33333333333333,33.400000000000006,93.4,air,shell,1.6666666666666572
98.33333333333333,100.0,33.8,93.8,air,shell,1.6666666666666714
100.0,101.66666666666667,34.2,94.2,air,shell,1.6666666666666714
101.66666666666667,103.33333333333333,34.599999999999994,94.6,air,shell,1.6666666666666572
103.33333333333333,105.0,35.0,95.0,air,shell,1.6666666666666714
105.0,106.66666666666667,35.400000000000006,95.4,air,shell,1.6666666666666714
106.66666666666667,108.33333333333333,35.8,95.8,air,shell,1.6666666666666572
108.33333333333333,110.0,36.2,96.2,air,shell,1.6666666666666714
110.0,111.66666666666667,36.6,96.6,air,shell,1.6666666666666714
111.66666666666667,113.33333333333333,37.0,97.0,air,shell,1.6666666666666572
113.33333333333333,115.0,37.39999999999999,97.39999999999999,air,shell,1.6666666666666714
115.0,116.66666666666667,37.800000000000004,97.80000000000001,air,shell,1.6666666666666714
116.66666666666667,118.33333333333333,38.2,98.2,air,shell,1.6666666666666572
118.33333333333333,120.0,38.599999999999994,98.6,air,shell,1.6666666666666714
120.0,121.66666666666667,39.0,99.0,air,shell,1.6666666666666714
121.66666666666667,123.33333333333333,39.4,99.4,air,shell,1.6666666666666572
123.33333333333333,125.0,39.8,99.8,air,shell,1.6666666666666714
125.0,126.66666666666667,40.2,100.2,air,shell,1.6666666666666714
126.66666666666667,128.33333333333334,40.6,100.6,air,shell,1.6666666666666714
128.33333333333334,130.0,41.0,101.0,air,shell,1.6666666666666572
130.0,131.66666666666666,41.39999999999999,101.39999999999999,air,shell,1.6666666666666572
131.66666666666666,133.33333333333334,41.8,101.8,air,shell,1.6666666666666856
133.33333333333334,135.0,42.2,102.2,air,shell,1.6666666666666572
135.0,136.66666666666666,42.599999999999994,102.6,air,shell,1.6666666666666572
136.66666666666666,138.33333333333334,43.0,103.0,air,shell,1.6666666666666856
138.33333333333334,140.0,43.400000000000006,103.4,air,shell,1.6666666666666572
140.0,141.66666666666666,43.8,103.8,air,shell,1.6666666666666572
141.66666666666666,143.33333333333334,44.199999999999996,104.19999999999999,air,shell,1.6666666666666856
143.33333333333334,145.0,44.60000000000001,104.60000000000001,air,shell,1.6666666666666572
145.0,146.66666666666666,44.99999999999999,105.0,air,shell,1.6666666666666572
146.66666666666666,148.33333333333334,45.4,105.4,air,shell,1.6666666666666856
148.33333333333334,150.0,45.800000000000004,105.80000000000001,air,shell,1.6666666666666572
150.0,151.66666666666666,46.199999999999996,106.19999999999999,air,shell,1.6666666666666572
151.66666666666666,153.33333333333334,46.6,106.6,air,shell,1.6666666666666856
153.33333333333334,155.0,47.0,107.0,air,shell,1.6666666666666572
155.0,156.66666666666666,47.4,107.4,air,shell,1.6666666666666572
156.66666666666666,158.33333333333334,47.8,107.8,air,shell,1.6666666666666856
158.33333333333334,160.0,48.2,108.2,air,shell,1.6666666666666572
160.0,161.66666666666666,48.6,108.6,air,shell,1.6666666666666572
161.66666666666666,163.33333333333334,49.0,109.0,air,shell,1.6666666666666856
163.33333333333334,165.0,49.400000000000006,109.4,air,shell,1.6666666666666572
165.0,166.66666666666666,49.79999999999999,109.79999999999998,air,shell,1.6666666666666572
166.66666666666666,168.33333333333334,50.2,110.2,air,shell,1.6666666666666856
168.33333333333334,170.0,50.60000000000001,110.60000000000001,air,shell,1.6666666666666572
170.0,171.66666666666666,50.99999999999999,111.0,air,shell,1.6666666666666572
171.66666666666666,173.33333333333334,51.4,111.4,air,shell,1.6666666666666856
173.33333333333334,175.0,51.800000000000004,111.80000000000001,air,shell,1.6666666666666572
175.0,176.66666666666666,52.199999999999996,112.19999999999999,air,shell,1.6666666666666572
176.66666666666666,178.33333333333334,52.599999999999994,112.6,air,shell,1.6666666666666856
178.33333333333334,180.0,53.00000000000001,113.0,air,shell,1.6666666666666572
180.0,181.66666666666666,53.4,113.4,air,shell,1.6666666666666572
181.66666666666666,183.33333333333334,53.8,113.8,air,shell,1.6666666666666856
183.33333333333334,185.0,54.2,114.2,air,shell,1.6666666666666572
185.0,186.66666666666666,54.599999999999994,114.6,air,shell,1.6666666666666572
186.66666666666666,188.33333333333334,55.0,115.0,air,shell,1.6666666666666856
188.33333333333334,190.0,55.400000000000006,115.4,air,shell,1.6666666666666572
190.0,191.66666666666666,55.8,115.8,air,shell,1.6666666666666572
191.66666666666666,193.33333333333334,56.2,116.2,air,shell,1.6666666666666856
193.33333333333334,195.0,56.6,116.6,air,shell,1.6666666666666572
195.0,196.66666666666666,56.99999999999999,117.0,air,shell,1.6666666666666572
196.66666666666666,198.33333333333334,57.400000000000006,117.4,air,shell,1.6666666666666856
198.33333333333334,200.0,57.800000000000004,117.80000000000001,air,shell,1.6666666666666572
200.0,201.66666666666666,58.199999999999996,118.19999999999999,air,shell,1.6666666666666572
201.66666666666666,203.33333333333334,58.6,118.6,air,shell,1.6666666666666856
203.33333333333334,205.0,59.00000000000001,119.0,air,shell,1.6666666666666572
205.0,206.66666666666666,59.39999999999999,119.39999999999999,air,shell,1.6666666666666572
206.66666666666666,208.33333333333334,59.8,119.8,air,shell,1.6666666666666856
208.33333333333334,210.0,60.20000000000001,120.20000000000002,air,shell,1.6666666666666572
210.0,211.66666666666666,60.599999999999994,120.6,air,shell,1.6666666666666572
211.66666666666666,213.33333333333334,61.0,121.0,air,shell,1.6666666666666856
213.33333333333334,215.0,61.4,121.4,air,shell,1.6666666666666572
215.0,216.66666666666666,61.8,121.8,air,shell,1.6666666666666572
216.66666666666666,218.33333333333334,62.2,122.2,air,shell,1.6666666666666856
218.33333333333334,220.0,62.6,122.6,air,shell,1.6666666666666572
220.0,221.66666666666666,63.0,123.0,air,shell,1.6666666666666572
221.66666666666666,223.33333333333334,63.4,123.4,air,shell,1.6666666666666856
223.33333333333334,225.0,63.800000000000004,123.80000000000001,air,shell,1.6666666666666572
225.0,226.66666666666666,64.19999999999999,124.19999999999999,air,shell,1.6666666666666572
226.66666666666666,228.33333333333334,64.6,124.6,air,shell,1.6666666666666856
228.33333333333334,230.0,65.0,125.0,air,shell,1.6666666666666572
230.0,231.66666666666666,65.39999999999999,125.39999999999999,air,shell,1.6666666666666572
231.66666666666666,233.33333333333334,65.80000000000001,125.80000000000001,air,shell,1.6666666666666856
233.33333333333334,235.0,66.2,126.2,air,shell,1.6666666666666572
235.0,236.66666666666666,66.6,126.6,air,shell,1.6666666666666572
236.66666666666666,238.33333333333334,67.0,127.0,air,shell,1.6666666666666856
238.33333333333334,240.0,67.4,127.4,air,shell,1.6666666666666572
240.0,241.66666666666666,67.8,127.8,air,shell,1.6666666666666572
241.66666666666666,243.33333333333334,68.19999999999999,128.2,air,shell,1.6666666666666856
243.33333333333334,245.0,68.60000000000001,128.60000000000002,air,shell,1.6666666666666572
245.0,246.66666666666666,69.0,129.0,air,shell,1.6666666666666572
246.66666666666666,248.33333333333334,69.4,129.4,air,shell,1.6666666666666856
248.33333333333334,250.0,69.80000000000001,129.8,air,shell,1.6666666666666572
250.0,251.66666666666666,70.19999999999999,130.2,air,shell,1.6666666666666572
251.66666666666666,253.33333333333334,70.6,130.6,air,shell,1.6666666666666856
253.33333333333334,255.0,71.0,131.0,air,shell,1.6666666666666572
255.0,256.6666666666667,71.4,131.4,air,shell,1.6666666666666856
256.6666666666667,258.3333333333333,71.80000000000001,131.8,air,shell,1.6666666666666288
258.3333333333333,260.0,72.19999999999999,132.2,air,shell,1.6666666666666856
260.0,261.6666666666667,72.60000000000001,132.60000000000002,air,shell,1.6666666666666856
261.6666666666667,263.3333333333333,73.0,133.0,air,shell,1.6666666666666288
263.3333333333333,265.0,73.39999999999998,133.39999999999998,air,shell,1.6666666666666856
265.0,266.6666666666667,73.80000000000001,133.8,air,shell,1.6666666666666856
266.6666666666667,268.3333333333333,74.2,134.2,air,shell,1.6666666666666288
268.3333333333333,270.0,74.59999999999998,134.59999999999997,air,shell,1.6666666666666856
270.0,271.6666666666667,75.00000000000001,135.0,air,shell,1.6666666666666856
271.6666666666667,273.3333333333333,75.4,135.4,air,shell,1.6666666666666288
273.3333333333333,275.0,75.79999999999998,135.79999999999998,air,shell,1.6666666666666856
275.0,276.6666666666667,76.20000000000002,136.20000000000002,air,shell,1.6666666666666856
276.6666666666667,278.3333333333333,76.60000000000001,136.60000000000002,air,shell,1.6666666666666288
278.3333333333333,280.0,76.99999999999999,137.0,air,shell,1.6666666666666856
280.0,281.6666666666667,77.4,137.4,air,shell,1.6666666666666856
281.6666666666667,283.3333333333333,77.8,137.8,air,shell,1.6666666666666288
283.3333333333333,285.0,78.19999999999999,138.2,air,shell,1.6666666666666856
285.0,286.6666666666667,78.60000000000001,138.60000000000002,air,shell,1.6666666666666856
286.6666666666667,288.3333333333333,79.0,139.0,air,shell,1.6666666666666288
288.3333333333333,290.0,79.39999999999999,139.39999999999998,air,shell,1.6666666666666856
290.0,291.6666666666667,79.80000000000001,139.8,air,shell,1.6666666666666856
291.6666666666667,293.3333333333333,80.19999999999999,140.2,air,shell,1.6666666666666288
293.3333333333333,295.0,80.6,140.6,air,shell,1.6666666666666856
295.0,296.6666666666667,81.00000000000001,141.0,air,shell,1.6666666666666856
296.6666666666667,298.3333333333333,81.39999999999999,141.39999999999998,air,shell,1.6666666666666288
298.3333333333333,300.0,81.8,141.8,air,shell,1.6666666666666856
300.0,301.6666666666667,82.20000000000002,142.20000000000002,air,shell,1.6666666666666856
301.6666666666667,303.3333333333333,82.6,142.6,air,shell,1.6666666666666288
303.3333333333333,305.0,83.0,143.0,air,shell,1.6666666666666856
305.0,306.6666666666667,83.4,143.4,air,shell,1.6666666666666856
306.6666666666667,308.3333333333333,83.8,143.8,air,shell,1.6666666666666288
308.3333333333333,310.0,84.19999999999999,144.2,air,shell,1.6666666666666856
310.0,311.6666666666667,84.60000000000001,144.60000000000002,air,shell,1.6666666666666856
311.6666666666667,313.3333333333333,85.0,145.0,air,shell,1.6666666666666288
313.3333333333333,315.0,85.39999999999999,145.39999999999998,air,shell,1.6666666666666856
315.0,316.6666666666667,85.80000000000001,145.8,air,shell,1.6666666666666856
316.6666666666667,318.3333333333333,86.2,146.2,air,shell,1.6666666666666288
318.3333333333333,320.0,86.6,146.6,air,shell,1.6666666666666856
320.0,321.6666666666667,87.0,147.0,air,shell,1.6666666666666856
321.6666666666667,323.3333333333333,87.4,147.4,air,shell,1.6666666666666288
323.3333333333333,325.0,87.79999999999998,147.79999999999998,air,shell,1.6666666666666856
325.0,326.6666666666667,88.2,148.2,air,shell,1.6666666666666856
326.6666666666667,328.3333333333333,88.60000000000001,148.60000000000002,air,shell,1.6666666666666288
328.3333333333333,330.0,88.99999999999999,149.0,air,shell,1.6666666666666856
330.0,331.6666666666667,89.4,149.4,air,shell,1.6666666666666856
331.6666666666667,333.3333333333333,89.80000000000001,149.8,air,shell,1.6666666666666288
333.3333333333333,335.0,90.19999999999999,150.2,air,shell,1.6666666666666856
335.0,336.6666666666667,90.60000000000001,150.60000000000002,air,shell,1.6666666666666856
336.6666666666667,338.3333333333333,91.0,151.0,air,shell,1.6666666666666288
338.3333333333333,340.0,91.39999999999999,151.39999999999998,air,shell,1.6666666666666856
340.0,341.6666666666667,91.80000000000001,151.8,air,shell,1.6666666666666856
341.6666666666667,343.3333333333333,92.2,152.2,air,shell,1.6666666666666288
343.3333333333333,345.0,92.6,152.6,air,shell,1.6666666666666856
345.0,346.6666666666667,93.00000000000001,153.0,air,shell,1.6666666666666856
346.6666666666667,348.3333333333333,93.39999999999999,153.39999999999998,air,shell,1.6666666666666288
348.3333333333333,350.0,93.79999999999998,153.79999999999998,air,shell,1.6666666666666856
350.0,351.6666666666667,94.20000000000002,154.20000000000002,air,shell,1.6666666666666856
351.6666666666667,353.3333333333333,94.6,154.6,air,shell,1.6666666666666288
353.3333333333333,355.0,94.99999999999999,155.0,air,shell,1.6666666666666856
355.0,356.6666666666667,95.40000000000002,155.40000000000003,air,shell,1.6666666666666856
356.6666666666667,358.3333333333333,95.8,155.8,air,shell,1.6666666666666288
358.3333333333333,360.0,96.19999999999999,156.2,air,shell,1.6666666666666856
360.0,361.6666666666667,96.60000000000001,156.60000000000002,air,shell,1.6666666666666856
361.6666666666667,363.3333333333333,97.0,157.0,air,shell,1.6666666666666288
363.3333333333333,365.0,97.39999999999999,157.39999999999998,air,shell,1.6666666666666856
365.0,366.6666666666667,97.8,157.8,air,shell,1.6666666666666856
366.6666666666667,368.3333333333333,98.2,158.2,air,shell,1.6666666666666288
368.3333333333333,370.0,98.6,158.6,air,shell,1.6666666666666856
370.0,371.6666666666667,99.0,159.0,air,shell,1.6666666666666856
371.6666666666667,373.3333333333333,99.4,159.4,air,shell,1.6666666666666288
373.3333333333333,375.0,99.8,159.8,air,shell,1.6666666666666856
375.0,376.6666666666667,100.2,160.2,air,shell,1.6666666666666856
376.6666666666667,378.3333333333333,100.6,160.6,air,shell,1.6666666666666288
378.3333333333333,380.0,101.0,161.0,air,shell,1.6666666666666856
380.0,381.6666666666667,101.4,161.4,air,shell,1.6666666666666856
381.6666666666667,383.3333333333333,101.8,161.8,air,shell,1.6666666666666288
383.3333333333333,385.0,102.2,162.2,air,shell,1.6666666666666856
385.0,386.6666666666667,102.60000000000001,162.60000000000002,air,shell,1.6666666666666856
386.6666666666667,388.3333333333333,103.0,163.0,air,shell,1.6666666666666288
388.3333333333333,390.0,103.39999999999999,163.39999999999998,air,shell,1.6666666666666856
390.0,391.6666666666667,103.80000000000001,163.8,air,shell,1.6666666666666856
391.6666666666667,393.3333333333333,104.2,164.2,air,shell,1.6666666666666288
393.3333333333333,395.0,104.59999999999998,164.59999999999997,air,shell,1.6666666666666856
395.0,396.6666666666667,105.00000000000001,165.0,air,shell,1.6666666666666856
396.6666666666667,398.3333333333333,105.4,165.4,air,shell,1.6666666666666288
398.3333333333333,400.0,105.79999999999998,165.79999999999998,air,shell,1.6666666666666856
400.0,401.6666666666667,106.20000000000002,166.20000000000002,air,shell,1.6666666666666856
401.6666666666667,403.3333333333333,106.60000000000001,166.60000000000002,air,shell,1.6666666666666288
403.3333333333333,405.0,106.99999999999999,167.0,air,shell,1.6666666666666856
405.0,406.6666666666667,107.4,167.4,air,shell,1.6666666666666856
406.6666666666667,408.3333333333333,107.8,167.8,air,shell,1.6666666666666288
408.3333333333333,410.0,108.19999999999999,168.2,air,shell,1.6666666666666856
410.0,411.6666666666667,108.60000000000001,168.60000000000002,air,shell,1.6666666666666856
411.6666666666667,413.3333333333333,109.0,169.0,air,shell,1.6666666666666288
413.3333333333333,415.0,109.39999999999999,169.39999999999998,air,shell,1.6666666666666856
415.0,416.6666666666667,109.80000000000001,169.8,air,shell,1.6666666666666856
416.6666666666667,418.3333333333333,110.19999999999999,170.2,air,shell,1.6666666666666288
418.3333333333333,420.0,110.6,170.6,air,shell,1.6666666666666856
420.0,421.6666666666667,111.00000000000001,171.0,air,shell,1.6666666666666856
421.6666666666667,423.3333333333333,111.39999999999999,171.39999999999998,air,shell,1.6666666666666288
423.3333333333333,425.0,111.8,171.8,air,shell,1.6666666666666856
425.0,426.6666666666667,112.20000000000002,172.20000000000002,air,shell,1.6666666666666856
426.6666666666667,428.3333333333333,112.6,172.6,air,shell,1.6666666666666288
428.3333333333333,430.0,113.0,173.0,air,shell,1.6666666666666856
430.0,431.6666666666667,113.4,173.4,air,shell,1.6666666666666856
431.6666666666667,433.3333333333333,113.8,173.8,air,shell,1.6666666666666288
433.3333333333333,435.0,114.19999999999999,174.2,air,shell,1.6666666666666856
435.0,436.6666666666667,114.60000000000001,174.60000000000002,air,shell,1.6666666666666856
436.6666666666667,438.3333333333333,115.0,175.0,air,shell,1.6666666666666288
438.3333333333333,440.0,115.39999999999999,175.39999999999998,air,shell,1.6666666666666856
440.0,441.6666666666667,115.80000000000001,175.8,air,shell,1.6666666666666856
441.6666666666667,443.3333333333333,116.2,176.2,air,shell,1.6666666666666288
443.3333333333333,445.0,116.6,176.6,air,shell,1.6666666666666856
445.0,446.6666666666667,117.0,177.0,air,shell,1.6666666666666856
446.6666666666667,448.3333333333333,117.4,177.4,air,shell,1.6666666666666288
448.3333333333333,450.0,117.79999999999998,177.79999999999998,air,shell,1.6666666666666856
450.0,451.6666666666667,118.2,178.2,air,shell,1.6666666666666856
451.6666666666667,453.3333333333333,118.60000000000001,178.60000000000002,air,shell,1.6666666666666288
453.3333333333333,455.0,118.99999999999999,179.0,air,shell,1.6666666666666856
455.0,456.6666666666667,119.4,179.4,air,shell,1.6666666666666856
456.6666666666667,458.3333333333333,119.80000000000001,179.8,air,shell,1.6666666666666288
458.3333333333333,460.0,120.19999999999999,180.2,air,shell,1.6666666666666856
460.0,461.6666666666667,120.60000000000001,180.60000000000002,air,shell,1.6666666666666856
461.6666666666667,463.3333333333333,121.0,181.0,air,shell,1.6666666666666288
463.3333333333333,465.0,121.39999999999999,181.39999999999998,air,shell,1.6666666666666856
465.0,466.6666666666667,121.80000000000001,181.8,air,shell,1.6666666666666856
466.6666666666667,468.3333333333333,122.2,182.2,air,shell,1.6666666666666288
468.3333333333333,470.0,122.6,182.6,air,shell,1.6666666666666856
470.0,471.6666666666667,123.00000000000001,200.0,gold,valley,1.6666666666666856
471.6666666666667,473.3333333333333,123.39999999999999,200.0,gold,valley,1.6666666666666288
473.3333333333333,475.0,123.79999999999998,200.0,gold,valley,1.6666666666666856
475.0,476.6666666666667,124.20000000000002,200.0,gold,valley,1.6666666666666856
476.6666666666667,478.3333333333333,124.6,200.0,gold,valley,1.6666666666666288
478.3333333333333,480.0,124.99999999999999,200.0,gold,valley,1.6666666666666856
480.0,481.6666666666667,125.40000000000002,200.0,gold,valley,1.6666666666666856
481.6666666666667,483.3333333333333,125.8,200.0,gold,valley,1.6666666666666288
483.3333333333333,485.0,126.19999999999999,200.0,gold,valley,1.6666666666666856
485.0,486.6666666666667,126.60000000000001,200.0,gold,valley,1.6666666666666856
486.6666666666667,488.3333333333333,127.0,200.0,gold,valley,1.6666666666666288
488.3333333333333,490.0,127.39999999999999,200.0,gold,valley,1.6666666666666856
490.0,491.6666666666667,127.8,200.0,gold,valley,1.6666666666666856
491.6666666666667,493.3333333333333,128.2,200.0,gold,valley,1.6666666666666288
493.3333333333333,495.0,128.6,200.0,gold,valley,1.6666666666666856
495.0,496.6666666666667,129.0,200.0,gold,valley,1.6666666666666856
496.6666666666667,498.3333333333333,129.4,200.0,gold,valley,1.6666666666666288
498.3333333333333,500.0,129.8,200.0,gold,valley,1.6666666666666856
