study,wavelength_nm,order,harmonics,eigen_dimension,G,slices,quadrature_minimum,quadrature_actual,backend,device,dtype,linear_algebra_device,coefficient_preparation_device,modal_trace_source,condition_number_method,layer_index_zero_based,layer_name,projected_field_condition_2norm,generalized_eigen_residual,production_field_projection_relative_error,min_imag_gamma,galerkin_power_metric_relative_error,field_generator_loss_relative_minimum,companion_generator_loss_relative_minimum
pmma_gold_grating_1d,650.0,48,97,485,0.001,300,2048,2048,torch,cuda:0,complex128,cuda:0,cpu,TorchPreparedLayer.modes,2-norm from SVD (PyTorch gesvd),0,cap_1,15.547542479283358,9.024228368126135e-10,6.16801324777941e-16,0.011757720667397487,9.423034991836352e-16,-3.2916128155485976e-16,-1.1606993625314144e-10
pmma_gold_grating_1d,650.0,48,97,485,0.001,300,2048,2048,torch,cuda:0,complex128,cuda:0,cpu,TorchPreparedLayer.modes,2-norm from SVD (PyTorch gesvd),1,shell_2,20.30612097551517,3.26549312918598e-09,9.00132072732878e-16,0.010188412926016363,2.469857620214798e-15,-7.297982276617755e-16,-4.719348724839335e-11
pmma_gold_grating_1d,650.0,48,97,485,0.001,300,2048,2048,torch,cuda:0,complex128,cuda:0,cpu,TorchPreparedLayer.modes,2-norm from SVD (PyTorch gesvd),150,shell_151,17.75863752719211,1.7532155267064805e-09,8.881179463410707e-16,0.018045363863336394,7.944517421440531e-16,-2.499922426203537e-15,-6.212496196414731e-11
pmma_gold_grating_1d,650.0,48,97,485,0.001,300,2048,2048,torch,cuda:0,complex128,cuda:0,cpu,TorchPreparedLayer.modes,2-norm from SVD (PyTorch gesvd),151,shell_152,14.811483139077955,1.8431499180016775e-09,8.406756725617907e-16,0.018097631797893334,8.496302582082546e-16,-1.4429717595036873e-15,-2.797610725906837e-10
pmma_gold_grating_1d,650.0,48,97,485,0.001,300,2048,2048,torch,cuda:0,complex128,cuda:0,cpu,TorchPreparedLayer.modes,2-norm from SVD (PyTorch gesvd),299,valley_300,13.27540029717107,1.7621435906488239e-09,6.408011492834825e-16,0.027947842818736697,1.1304924967782989e-15,-4.238411618762237e-16,-2.4344613729442006e-10
pmma_gold_grating_1d,650.0,48,97,485,0.001,300,2048,2048,torch,cuda:0,complex128,cuda:0,cpu,TorchPreparedLayer.modes,2-norm from SVD (PyTorch gesvd),300,valley_301,13.65212802160745,1.7654348184415927e-09,6.530035643070787e-16,0.027726866622872673,9.27185758443518e-16,-1.3628062502300107e-16,-2.937118130478133e-10
pmma_gold_grating_1d,650.0,48,97,582,0.001,300,2048,2048,torch,cuda:0,complex128,cuda:0,cpu,TorchPreparedLayer.modes,2-norm from SVD (PyTorch gesvd),0,cap_1,15.547541426817089,1.2076457045369915e-09,6.86356639659965e-16,0.011757717620638002,9.495062636601314e-16,-1.5059012877949492e-16,-1.7879216162715907e-10
pmma_gold_grating_1d,650.0,48,97,582,0.001,300,2048,2048,torch,cuda:0,complex128,cuda:0,cpu,TorchPreparedLayer.modes,2-norm from SVD (PyTorch gesvd),1,shell_2,19.902642526031233,2.8881446416337718e-09,9.689888898088732e-16,0.010188534220139355,2.2221978196026122e-15,-7.219559211734075e-16,-1.7780048411796727e-11
pmma_gold_grating_1d,650.0,48,97,582,0.001,300,2048,2048,torch,cuda:0,complex128,cuda:0,cpu,TorchPreparedLayer.modes,2-norm from SVD (PyTorch gesvd),150,shell_151,17.758641318410337,7.742795111658394e-09,9.282833524180458e-16,0.018045417246240366,7.394963829859224e-16,-2.50051454385452e-15,-2.991224886308339e-10
pmma_gold_grating_1d,650.0,48,97,582,0.001,300,2048,2048,torch,cuda:0,complex128,cuda:0,cpu,TorchPreparedLayer.modes,2-norm from SVD (PyTorch gesvd),151,shell_152,14.811483972619053,7.286350887048183e-09,9.355909444874955e-16,0.018097738487512914,8.908582152996024e-16,-1.5588623776843288e-15,-5.928000791981162e-10
pmma_gold_grating_1d,650.0,48,97,582,0.001,300,2048,2048,torch,cuda:0,complex128,cuda:0,cpu,TorchPreparedLayer.modes,2-norm from SVD (PyTorch gesvd),299,valley_300,13.275399790514639,1.9556763079722006e-09,6.939280671731024e-16,0.02794781788206031,1.0448105073972682e-15,-4.947003548646413e-16,-2.4226514307845697e-10
pmma_gold_grating_1d,650.0,48,97,582,0.001,300,2048,2048,torch,cuda:0,complex128,cuda:0,cpu,TorchPreparedLayer.modes,2-norm from SVD (PyTorch gesvd),300,valley_301,13.652127164831192,1.8493968992335697e-09,7.005320160382074e-16,0.027726900532242298,1.0019755534415171e-15,-1.8080702702833424e-16,-2.507845708411954e-10
pmma_gold_grating_1d,650.0,48,97,679,0.001,300,2048,2048,torch,cuda:0,complex128,cuda:0,cpu,TorchPreparedLayer.modes,2-norm from SVD (PyTorch gesvd),0,cap_1,15.54754191485545,3.789880905975899e-09,7.074448149176799e-16,0.011757929550713845,9.34821384616646e-16,-2.0878104479687107e-16,-4.044614577653034e-10
pmma_gold_grating_1d,650.0,48,97,679,0.001,300,2048,2048,torch,cuda:0,complex128,cuda:0,cpu,TorchPreparedLayer.modes,2-norm from SVD (PyTorch gesvd),1,shell_2,19.902472615212655,3.008384309837282e-09,1.0377440778322594e-15,0.010188146356524751,2.6641480770601857e-15,-5.708069371461209e-16,-1.1268542889796912e-11
pmma_gold_grating_1d,650.0,48,97,679,0.001,300,2048,2048,torch,cuda:0,complex128,cuda:0,cpu,TorchPreparedLayer.modes,2-norm from SVD (PyTorch gesvd),150,shell_151,17.75863472513635,5.135531655634343e-09,9.957703891485482e-16,0.018045275256974996,7.390140105006247e-16,-2.2556698802656452e-15,-1.6627799829500643e-10
pmma_gold_grating_1d,650.0,48,97,679,0.001,300,2048,2048,torch,cuda:0,complex128,cuda:0,cpu,TorchPreparedLayer.modes,2-norm from SVD (PyTorch gesvd),151,shell_152,14.811485506329555,5.7933598517240105e-09,9.886440220923649e-16,0.018097707756688383,9.548599515730747e-16,-1.3093912748242561e-15,-6.097815995290007e-10
pmma_gold_grating_1d,650.0,48,97,679,0.001,300,2048,2048,torch,cuda:0,complex128,cuda:0,cpu,TorchPreparedLayer.modes,2-norm from SVD (PyTorch gesvd),299,valley_300,13.275400244685782,3.340150406645138e-09,6.977951915375986e-16,0.027947787581984414,1.0214982106440596e-15,-5.052261787411564e-16,-3.018611278984756e-10
pmma_gold_grating_1d,650.0,48,97,679,0.001,300,2048,2048,torch,cuda:0,complex128,cuda:0,cpu,TorchPreparedLayer.modes,2-norm from SVD (PyTorch gesvd),300,valley_301,13.652126679182654,3.494020878314652e-09,6.960697409257588e-16,0.027726901488343503,9.655675632562067e-16,-1.5991524389196443e-16,-3.3415088239410763e-10
pmma_gold_grating_1d,700.0,48,97,485,0.001,300,2048,2048,torch,cuda:0,complex128,cuda:0,cpu,TorchPreparedLayer.modes,2-norm from SVD (PyTorch gesvd),0,cap_1,19.1294145001241,3.6777658873344716e-09,6.560845658945292e-16,0.007593369112320547,8.000146581254816e-16,-1.46654792448603e-16,-3.355790226198021e-10
pmma_gold_grating_1d,700.0,48,97,485,0.001,300,2048,2048,torch,cuda:0,complex128,cuda:0,cpu,TorchPreparedLayer.modes,2-norm from SVD (PyTorch gesvd),1,shell_2,14.435947970573611,5.18518774508393e-09,9.126171523246957e-16,0.0066232687015417195,1.6664182918548387e-15,-6.410488886753911e-16,-1.325967783795073e-10
pmma_gold_grating_1d,700.0,48,97,485,0.001,300,2048,2048,torch,cuda:0,complex128,cuda:0,cpu,TorchPreparedLayer.modes,2-norm from SVD (PyTorch gesvd),150,shell_151,12.810903569263846,1.4799749704558845e-09,8.623492656694189e-16,0.012011802874543707,8.37099303456745e-16,-1.896489933470987e-15,-6.025619751445501e-11
pmma_gold_grating_1d,700.0,48,97,485,0.001,300,2048,2048,torch,cuda:0,complex128,cuda:0,cpu,TorchPreparedLayer.modes,2-norm from SVD (PyTorch gesvd),151,shell_152,13.01899832866834,1.678851541874708e-09,8.415103405438198e-16,0.012048652254314722,8.368004057798959e-16,-2.6953336840102463e-15,-1.647624333539784e-10
pmma_gold_grating_1d,700.0,48,97,485,0.001,300,2048,2048,torch,cuda:0,complex128,cuda:0,cpu,TorchPreparedLayer.modes,2-norm from SVD (PyTorch gesvd),299,valley_300,17.944980101312435,3.2030150118917636e-09,6.618015690262835e-16,0.016480898793861325,8.99075649724555e-16,-1.1603862397979597e-15,-4.938659903780429e-10
pmma_gold_grating_1d,700.0,48,97,485,0.001,300,2048,2048,torch,cuda:0,complex128,cuda:0,cpu,TorchPreparedLayer.modes,2-norm from SVD (PyTorch gesvd),300,valley_301,16.909536769353192,4.44416964695899e-09,6.34084152008488e-16,0.016348887311930155,1.0611792237254394e-15,-1.3187318699254597e-16,-5.135158101329468e-10
pmma_gold_grating_1d,700.0,48,97,582,0.001,300,2048,2048,torch,cuda:0,complex128,cuda:0,cpu,TorchPreparedLayer.modes,2-norm from SVD (PyTorch gesvd),0,cap_1,19.129422087016128,8.514810480795009e-10,6.669756727316057e-16,0.007593431006499096,8.854511725027256e-16,-1.0922798208161348e-16,-2.06771917322789e-10
pmma_gold_grating_1d,700.0,48,97,582,0.001,300,2048,2048,torch,cuda:0,complex128,cuda:0,cpu,TorchPreparedLayer.modes,2-norm from SVD (PyTorch gesvd),1,shell_2,14.165438956893881,3.293865987457855e-08,1.0094856107261699e-15,0.006622944086330372,1.1246999674961787e-15,-9.9273455090625e-16,-1.0794562408005736e-09
pmma_gold_grating_1d,700.0,48,97,582,0.001,300,2048,2048,torch,cuda:0,complex128,cuda:0,cpu,TorchPreparedLayer.modes,2-norm from SVD (PyTorch gesvd),150,shell_151,12.810905920787889,4.355942195055849e-09,9.174587242443503e-16,0.012011801073764577,6.397005789160474e-16,-2.3326376973589635e-15,-1.6608082249885444e-10
pmma_gold_grating_1d,700.0,48,97,582,0.001,300,2048,2048,torch,cuda:0,complex128,cuda:0,cpu,TorchPreparedLayer.modes,2-norm from SVD (PyTorch gesvd),151,shell_152,13.018998227627437,5.2737155042841744e-09,9.522545535788253e-16,0.012048546670749106,9.272177979619578e-16,-1.9876582334928362e-15,-5.866396950743123e-10
pmma_gold_grating_1d,700.0,48,97,582,0.001,300,2048,2048,torch,cuda:0,complex128,cuda:0,cpu,TorchPreparedLayer.modes,2-norm from SVD (PyTorch gesvd),299,valley_300,17.944976330405787,4.303721862468329e-09,6.845402200793473e-16,0.016480915497649726,8.579673004549479e-16,-1.3414891055138648e-15,-4.6117940213999945e-10
pmma_gold_grating_1d,700.0,48,97,582,0.001,300,2048,2048,torch,cuda:0,complex128,cuda:0,cpu,TorchPreparedLayer.modes,2-norm from SVD (PyTorch gesvd),300,valley_301,16.909550158774156,4.258327100204359e-09,6.940710153160965e-16,0.01634885375080033,8.876780658682295e-16,-1.3165614470786162e-16,-4.3228533830153923e-10
pmma_gold_grating_1d,700.0,48,97,679,0.001,300,2048,2048,torch,cuda:0,complex128,cuda:0,cpu,TorchPreparedLayer.modes,2-norm from SVD (PyTorch gesvd),0,cap_1,19.129423575488403,2.992778966192886e-09,7.122223301143653e-16,0.007593448870179908,8.601886111556962e-16,-9.38931978960654e-17,-3.390421788460274e-10
pmma_gold_grating_1d,700.0,48,97,679,0.001,300,2048,2048,torch,cuda:0,complex128,cuda:0,cpu,TorchPreparedLayer.modes,2-norm from SVD (PyTorch gesvd),1,shell_2,14.165452979424812,1.8951182342667934e-08,1.0142415305977536e-15,0.0066231623420415515,9.47659521468044e-16,-8.659544699922726e-16,-2.499012027451139e-10
pmma_gold_grating_1d,700.0,48,97,679,0.001,300,2048,2048,torch,cuda:0,complex128,cuda:0,cpu,TorchPreparedLayer.modes,2-norm from SVD (PyTorch gesvd),150,shell_151,12.81090048818524,3.93955153454366e-09,9.810485402504605e-16,0.012011833078907212,6.612520383921086e-16,-2.4173236959281186e-15,-1.4998333876972657e-10
pmma_gold_grating_1d,700.0,48,97,679,0.001,300,2048,2048,torch,cuda:0,complex128,cuda:0,cpu,TorchPreparedLayer.modes,2-norm from SVD (PyTorch gesvd),151,shell_152,13.018998406728834,4.855728232246405e-09,9.92140820723768e-16,0.01204849279946929,9.050580570660051e-16,-2.5438000965090314e-15,-4.402422219148437e-10
pmma_gold_grating_1d,700.0,48,97,679,0.001,300,2048,2048,torch,cuda:0,complex128,cuda:0,cpu,TorchPreparedLayer.modes,2-norm from SVD (PyTorch gesvd),299,valley_300,17.944976345584774,2.679598025129226e-09,6.869975551975487e-16,0.016480885613280063,9.807787919997693e-16,-1.3767481793299296e-15,-3.658472585491962e-10
pmma_gold_grating_1d,700.0,48,97,679,0.001,300,2048,2048,torch,cuda:0,complex128,cuda:0,cpu,TorchPreparedLayer.modes,2-norm from SVD (PyTorch gesvd),300,valley_301,16.90954656575637,2.767417771027631e-09,6.848080141263188e-16,0.01634890049083944,8.976084960424275e-16,-1.8050452416153715e-16,-3.8082071555462705e-10
pmma_gold_grating_1d,650.0,48,97,485,0.001,300,4096,4096,torch,cuda:0,complex128,cuda:0,cpu,TorchPreparedLayer.modes,2-norm from SVD (PyTorch gesvd),0,cap_1,15.547542798861762,8.988119343601857e-10,6.365384549494889e-16,0.01175775387919054,7.7735606343503495e-16,-1.56970416494756e-16,-1.0286186725921951e-10
pmma_gold_grating_1d,650.0,48,97,485,0.001,300,4096,4096,torch,cuda:0,complex128,cuda:0,cpu,TorchPreparedLayer.modes,2-norm from SVD (PyTorch gesvd),1,shell_2,20.30612085194546,3.210405012766714e-09,9.20194368992526e-16,0.010188513203191392,2.120006908888928e-15,-6.676058149403261e-16,-4.23978663376699e-11
pmma_gold_grating_1d,650.0,48,97,485,0.001,300,4096,4096,torch,cuda:0,complex128,cuda:0,cpu,TorchPreparedLayer.modes,2-norm from SVD (PyTorch gesvd),150,shell_151,17.758636921867993,1.6706137411607391e-09,8.554485163134233e-16,0.018045384339102806,8.106867920696803e-16,-2.0100917442802543e-15,-5.6167775237878636e-11
pmma_gold_grating_1d,650.0,48,97,485,0.001,300,4096,4096,torch,cuda:0,complex128,cuda:0,cpu,TorchPreparedLayer.modes,2-norm from SVD (PyTorch gesvd),151,shell_152,14.811483311049571,1.9903274607827506e-09,8.141463451868436e-16,0.01809764182650461,8.845181770504856e-16,-1.3603574636073457e-15,-2.3124691048030484e-10
pmma_gold_grating_1d,650.0,48,97,485,0.001,300,4096,4096,torch,cuda:0,complex128,cuda:0,cpu,TorchPreparedLayer.modes,2-norm from SVD (PyTorch gesvd),299,valley_300,13.275400180438393,1.748905928803316e-09,6.581819840648048e-16,0.02794785753430391,1.017788623651004e-15,-3.7468685330921623e-16,-2.1987303436401594e-10
pmma_gold_grating_1d,650.0,48,97,485,0.001,300,4096,4096,torch,cuda:0,complex128,cuda:0,cpu,TorchPreparedLayer.modes,2-norm from SVD (PyTorch gesvd),300,valley_301,13.652127076519143,1.7998247820147902e-09,6.399324826131815e-16,0.02772693034277099,9.526047918051027e-16,-1.2463838727457243e-16,-2.545632364094136e-10
pmma_gold_grating_1d,650.0,48,97,582,0.001,300,4096,4096,torch,cuda:0,complex128,cuda:0,cpu,TorchPreparedLayer.modes,2-norm from SVD (PyTorch gesvd),0,cap_1,15.547543103310527,1.2094213983565608e-09,6.623161480280147e-16,0.011757732976500523,9.104156004430962e-16,-1.7968681312436457e-16,-1.8826069690358446e-10
pmma_gold_grating_1d,650.0,48,97,582,0.001,300,4096,4096,torch,cuda:0,complex128,cuda:0,cpu,TorchPreparedLayer.modes,2-norm from SVD (PyTorch gesvd),1,shell_2,19.902643223123476,2.8503434281995075e-09,1.033984699002687e-15,0.01018844735270594,2.316176591860393e-15,-6.814617617618112e-16,-1.9926464443411748e-11
pmma_gold_grating_1d,650.0,48,97,582,0.001,300,4096,4096,torch,cuda:0,complex128,cuda:0,cpu,TorchPreparedLayer.modes,2-norm from SVD (PyTorch gesvd),150,shell_151,17.75863837792698,7.445306107589487e-09,9.230461559391702e-16,0.018045407944172618,5.931385157396347e-16,-2.322460357695254e-15,-2.381325351146365e-10
pmma_gold_grating_1d,650.0,48,97,582,0.001,300,4096,4096,torch,cuda:0,complex128,cuda:0,cpu,TorchPreparedLayer.modes,2-norm from SVD (PyTorch gesvd),151,shell_152,14.811481566337614,7.717757830275726e-09,9.537165183209716e-16,0.018097760492351633,9.543529583670174e-16,-1.481958748255661e-15,-5.245538013961189e-10
pmma_gold_grating_1d,650.0,48,97,582,0.001,300,4096,4096,torch,cuda:0,complex128,cuda:0,cpu,TorchPreparedLayer.modes,2-norm from SVD (PyTorch gesvd),299,valley_300,13.275400311218029,1.945508592797195e-09,6.807202856550277e-16,0.027947838191203465,9.603196740664339e-16,-5.518141638738331e-16,-1.9362528925831193e-10
pmma_gold_grating_1d,650.0,48,97,582,0.001,300,4096,4096,torch,cuda:0,complex128,cuda:0,cpu,TorchPreparedLayer.modes,2-norm from SVD (PyTorch gesvd),300,valley_301,13.652127500430407,1.8907789658673466e-09,7.030185403266771e-16,0.027726929732493966,1.0543505557281241e-15,-1.1517757407930673e-16,-2.415214960545702e-10
pmma_gold_grating_1d,650.0,48,97,679,0.001,300,4096,4096,torch,cuda:0,complex128,cuda:0,cpu,TorchPreparedLayer.modes,2-norm from SVD (PyTorch gesvd),0,cap_1,15.547539948836326,3.3346191708643128e-09,7.040032557126323e-16,0.011757879542568033,8.107872507594032e-16,-2.6429628948072713e-16,-3.073587340510273e-10
pmma_gold_grating_1d,650.0,48,97,679,0.001,300,4096,4096,torch,cuda:0,complex128,cuda:0,cpu,TorchPreparedLayer.modes,2-norm from SVD (PyTorch gesvd),1,shell_2,19.902472598867554,2.7431776134355126e-09,1.0522397597269362e-15,0.010188446555376034,2.40281869763157e-15,-6.489895772194165e-16,-1.0833959871920363e-11
pmma_gold_grating_1d,650.0,48,97,679,0.001,300,4096,4096,torch,cuda:0,complex128,cuda:0,cpu,TorchPreparedLayer.modes,2-norm from SVD (PyTorch gesvd),150,shell_151,17.758638143572618,5.623796176214054e-09,9.77577362510296e-16,0.018045379090278015,9.759594784392496e-16,-2.609985632384482e-15,-1.5594736233698408e-10
pmma_gold_grating_1d,650.0,48,97,679,0.001,300,4096,4096,torch,cuda:0,complex128,cuda:0,cpu,TorchPreparedLayer.modes,2-norm from SVD (PyTorch gesvd),151,shell_152,14.811483647119914,5.198119848245241e-09,9.184076271341962e-16,0.018097765541971775,8.168725957770728e-16,-1.3748717531555084e-15,-5.221146005734867e-10
pmma_gold_grating_1d,650.0,48,97,679,0.001,300,4096,4096,torch,cuda:0,complex128,cuda:0,cpu,TorchPreparedLayer.modes,2-norm from SVD (PyTorch gesvd),299,valley_300,13.275400330134264,3.3146899925386885e-09,7.094914829562684e-16,0.027947767027060002,1.0028089560742335e-15,-4.705952162168028e-16,-3.5924431873101964e-10
pmma_gold_grating_1d,650.0,48,97,679,0.001,300,4096,4096,torch,cuda:0,complex128,cuda:0,cpu,TorchPreparedLayer.modes,2-norm from SVD (PyTorch gesvd),300,valley_301,13.652127039491576,3.3666247717913643e-09,7.048014036001878e-16,0.027726931132247282,9.75602854322863e-16,-1.2112896842949518e-16,-3.4016522946674243e-10
pmma_gold_grating_1d,700.0,48,97,485,0.001,300,4096,4096,torch,cuda:0,complex128,cuda:0,cpu,TorchPreparedLayer.modes,2-norm from SVD (PyTorch gesvd),0,cap_1,19.12941732555326,3.341034053411673e-09,6.350760290693715e-16,0.00759339156403769,8.269812765246066e-16,-1.3299275931075846e-16,-3.1005212966909385e-10
pmma_gold_grating_1d,700.0,48,97,485,0.001,300,4096,4096,torch,cuda:0,complex128,cuda:0,cpu,TorchPreparedLayer.modes,2-norm from SVD (PyTorch gesvd),1,shell_2,14.435946436749427,5.144901163550602e-09,9.020779366859735e-16,0.0066232094405764275,1.8730142739817163e-15,-6.899646681697755e-16,-1.3907318622315232e-10
pmma_gold_grating_1d,700.0,48,97,485,0.001,300,4096,4096,torch,cuda:0,complex128,cuda:0,cpu,TorchPreparedLayer.modes,2-norm from SVD (PyTorch gesvd),150,shell_151,12.810903735704265,1.4905814107655607e-09,8.451812595913966e-16,0.012011737053170735,6.354719473368803e-16,-2.6791443506174327e-15,-5.92701465867486e-11
pmma_gold_grating_1d,700.0,48,97,485,0.001,300,4096,4096,torch,cuda:0,complex128,cuda:0,cpu,TorchPreparedLayer.modes,2-norm from SVD (PyTorch gesvd),151,shell_152,13.018998276916248,1.7655329121079663e-09,8.331803801141593e-16,0.012048652878481196,8.775612972007523e-16,-2.7326346151127463e-15,-1.718975493742157e-10
pmma_gold_grating_1d,700.0,48,97,485,0.001,300,4096,4096,torch,cuda:0,complex128,cuda:0,cpu,TorchPreparedLayer.modes,2-norm from SVD (PyTorch gesvd),299,valley_300,17.944987032138826,3.1356139653230776e-09,6.548083114686544e-16,0.016480865610447558,9.88995057091966e-16,-1.6867477011357056e-15,-5.221258487426837e-10
pmma_gold_grating_1d,700.0,48,97,485,0.001,300,4096,4096,torch,cuda:0,complex128,cuda:0,cpu,TorchPreparedLayer.modes,2-norm from SVD (PyTorch gesvd),300,valley_301,16.909541879444664,4.041470511408576e-09,6.287907188250229e-16,0.016348934961715855,8.735585771268324e-16,-1.3349666793562322e-16,-4.930014032627642e-10
pmma_gold_grating_1d,700.0,48,97,582,0.001,300,4096,4096,torch,cuda:0,complex128,cuda:0,cpu,TorchPreparedLayer.modes,2-norm from SVD (PyTorch gesvd),0,cap_1,19.129422398300424,8.543119600195167e-10,6.739174324616687e-16,0.007593401471466344,8.871042330673857e-16,-9.689681595033545e-17,-1.56495326278819e-10
pmma_gold_grating_1d,700.0,48,97,582,0.001,300,4096,4096,torch,cuda:0,complex128,cuda:0,cpu,TorchPreparedLayer.modes,2-norm from SVD (PyTorch gesvd),1,shell_2,14.165431494214097,3.667603658510811e-08,1.0017236891643705e-15,0.0066240059230746485,7.8408391301018e-16,-9.62936067073331e-16,-9.7684860049797e-10
pmma_gold_grating_1d,700.0,48,97,582,0.001,300,4096,4096,torch,cuda:0,complex128,cuda:0,cpu,TorchPreparedLayer.modes,2-norm from SVD (PyTorch gesvd),150,shell_151,12.810902174666035,4.4009426708648426e-09,9.5928189198743e-16,0.012011758172860196,7.112683851751595e-16,-2.179654159466295e-15,-1.889194502282876e-10
pmma_gold_grating_1d,700.0,48,97,582,0.001,300,4096,4096,torch,cuda:0,complex128,cuda:0,cpu,TorchPreparedLayer.modes,2-norm from SVD (PyTorch gesvd),151,shell_152,13.018997559963154,5.292209569215115e-09,9.587735368583833e-16,0.012048566669797634,8.803101313628458e-16,-2.0673840050973645e-15,-5.439295822972469e-10
pmma_gold_grating_1d,700.0,48,97,582,0.001,300,4096,4096,torch,cuda:0,complex128,cuda:0,cpu,TorchPreparedLayer.modes,2-norm from SVD (PyTorch gesvd),299,valley_300,17.94497846788539,4.575617838556002e-09,6.575002558654676e-16,0.016480904704097642,1.0423750604149423e-15,-1.5119468143866928e-15,-4.178755004750246e-10
pmma_gold_grating_1d,700.0,48,97,582,0.001,300,4096,4096,torch,cuda:0,complex128,cuda:0,cpu,TorchPreparedLayer.modes,2-norm from SVD (PyTorch gesvd),300,valley_301,16.90954524111187,4.065707819640111e-09,6.832779261996938e-16,0.016348852015395446,9.75325282459651e-16,-1.0496355058008114e-16,-4.113087226127517e-10
pmma_gold_grating_1d,700.0,48,97,679,0.001,300,4096,4096,torch,cuda:0,complex128,cuda:0,cpu,TorchPreparedLayer.modes,2-norm from SVD (PyTorch gesvd),0,cap_1,19.12942386469329,2.8579233247586157e-09,6.688951964944101e-16,0.00759344496499706,7.624983027625056e-16,-1.3587369251840248e-16,-3.219708630961663e-10
pmma_gold_grating_1d,700.0,48,97,679,0.001,300,4096,4096,torch,cuda:0,complex128,cuda:0,cpu,TorchPreparedLayer.modes,2-norm from SVD (PyTorch gesvd),1,shell_2,14.165447220455501,1.9189967996182368e-08,1.0836133673776286e-15,0.006623208097626139,1.3139941826220767e-15,-8.948225341982698e-16,-2.666343782078814e-10
pmma_gold_grating_1d,700.0,48,97,679,0.001,300,4096,4096,torch,cuda:0,complex128,cuda:0,cpu,TorchPreparedLayer.modes,2-norm from SVD (PyTorch gesvd),150,shell_151,12.810902062056646,4.404838173013339e-09,9.741087829447775e-16,0.012011731407420236,9.530964095025521e-16,-1.7894862697476182e-15,-1.505550594636224e-10
pmma_gold_grating_1d,700.0,48,97,679,0.001,300,4096,4096,torch,cuda:0,complex128,cuda:0,cpu,TorchPreparedLayer.modes,2-norm from SVD (PyTorch gesvd),151,shell_152,13.018997952266968,4.985107622456003e-09,9.597269806157393e-16,0.012048508626967583,9.82252502161839e-16,-2.273465490008826e-15,-5.081113351272594e-10
pmma_gold_grating_1d,700.0,48,97,679,0.001,300,4096,4096,torch,cuda:0,complex128,cuda:0,cpu,TorchPreparedLayer.modes,2-norm from SVD (PyTorch gesvd),299,valley_300,17.944977213474793,2.888008351528819e-09,7.138041869658265e-16,0.016480837543165067,1.085376267886129e-15,-1.9660120571077786e-15,-4.414618682283781e-10
pmma_gold_grating_1d,700.0,48,97,679,0.001,300,4096,4096,torch,cuda:0,complex128,cuda:0,cpu,TorchPreparedLayer.modes,2-norm from SVD (PyTorch gesvd),300,valley_301,16.909546214633,2.7679183962621205e-09,7.104804767799425e-16,0.016348901731591762,9.646601935349705e-16,-1.420452004464983e-16,-3.8300640976243723e-10
