label,order,slices,grid,wavelength_nm,reflectance,origin,seconds
best,8,100,256,400.0,0.0014776928324827707,training evaluation,
best,8,100,256,450.0,0.001664773652201822,training evaluation,
best,8,100,256,500.0,0.001422854472851862,training evaluation,
best,8,100,256,550.0,0.06453888787848006,training evaluation,
best,8,100,256,600.0,0.3210563363819489,training evaluation,
best,8,100,256,650.0,0.495612951306864,training evaluation,
best,8,100,256,700.0,0.5436502765446888,training evaluation,
best,16,100,256,400.0,0.0012716447915834463,training dense validation,
best,16,100,256,410.0,0.0014732702613554402,training dense validation,
best,16,100,256,420.0,0.0016167408263383538,training dense validation,
best,16,100,256,430.0,0.0017004314014835507,training dense validation,
best,16,100,256,440.0,0.0016991193495590699,training dense validation,
best,16,100,256,450.0,0.0016578779716209732,training dense validation,
best,16,100,256,460.0,0.0015360674086753602,training dense validation,
best,16,100,256,470.0,0.001383881473313933,training dense validation,
best,16,100,256,480.0,0.0013100404355855335,training dense validation,
best,16,100,256,490.0,0.001276686491590916,training dense validation,
best,16,100,256,500.0,0.0015021497275565178,training dense validation,
best,16,100,256,510.0,0.002566240370095535,training dense validation,
best,16,100,256,520.0,0.005339382361181972,training dense validation,
best,16,100,256,530.0,0.012666709647633593,training dense validation,
best,16,100,256,540.0,0.030096878606839777,training dense validation,
best,16,100,256,550.0,0.06296953344703984,training dense validation,
best,16,100,256,560.0,0.10884626111333796,training dense validation,
best,16,100,256,570.0,0.1644825419764022,training dense validation,
best,16,100,256,580.0,0.22522586576678377,training dense validation,
best,16,100,256,590.0,0.2815388473296423,training dense validation,
best,16,100,256,600.0,0.33305720143432904,training dense validation,
best,16,100,256,610.0,0.38016969820638685,training dense validation,
best,16,100,256,620.0,0.421363994246512,training dense validation,
best,16,100,256,630.0,0.45681639201806645,training dense validation,
best,16,100,256,640.0,0.48957239107975387,training dense validation,
best,16,100,256,650.0,0.520594229490072,training dense validation,
best,16,100,256,660.0,0.5473092003432107,training dense validation,
best,16,100,256,670.0,0.5462612762010225,training dense validation,
best,16,100,256,680.0,0.5404768484854334,training dense validation,
best,16,100,256,690.0,0.538476828434292,training dense validation,
best,16,100,256,700.0,0.5424435038487806,training dense validation,
best,18,100,256,400.0,0.0012680388356993396,training dense validation,
best,18,100,256,410.0,0.0014700978762322626,training dense validation,
best,18,100,256,420.0,0.001614182469495388,training dense validation,
best,18,100,256,430.0,0.0016985899003593386,training dense validation,
best,18,100,256,440.0,0.0016972310000113635,training dense validation,
best,18,100,256,450.0,0.0016559138957987331,training dense validation,
best,18,100,256,460.0,0.0015339864623296394,training dense validation,
best,18,100,256,470.0,0.0013818281213922123,training dense validation,
best,18,100,256,480.0,0.001306696365408442,training dense validation,
best,18,100,256,490.0,0.00127140153556249,training dense validation,
best,18,100,256,500.0,0.0014916676300864194,training dense validation,
best,18,100,256,510.0,0.002537753893714774,training dense validation,
best,18,100,256,520.0,0.005261760183956734,training dense validation,
best,18,100,256,530.0,0.012477149849497132,training dense validation,
best,18,100,256,540.0,0.029689621071370246,training dense validation,
best,18,100,256,550.0,0.0622834562203901,training dense validation,
best,18,100,256,560.0,0.107954642162275,training dense validation,
best,18,100,256,570.0,0.1635824739851251,training dense validation,
best,18,100,256,580.0,0.2245652512989131,training dense validation,
best,18,100,256,590.0,0.2811917594260518,training dense validation,
best,18,100,256,600.0,0.3326074869878523,training dense validation,
best,18,100,256,610.0,0.3795155478465443,training dense validation,
best,18,100,256,620.0,0.42127826688401476,training dense validation,
best,18,100,256,630.0,0.45740211144062043,training dense validation,
best,18,100,256,640.0,0.4892688747630507,training dense validation,
best,18,100,256,650.0,0.5179180954318143,training dense validation,
best,18,100,256,660.0,0.5436538317203221,training dense validation,
best,18,100,256,670.0,0.5439290399124573,training dense validation,
best,18,100,256,680.0,0.5422286961331466,training dense validation,
best,18,100,256,690.0,0.5417221434961695,training dense validation,
best,18,100,256,700.0,0.5451502345245485,training dense validation,
best,18,140,384,650.0,0.46409607015333626,fixed-profile solve,233.74764868803322
best,18,140,384,690.0,0.4016098824913956,fixed-profile solve,239.5406172410585
best,18,140,384,700.0,0.3722202019464954,fixed-profile solve,234.07867631409317
best,18,140,512,650.0,0.5290264577222218,fixed-profile solve,199.25434351433069
best,18,140,512,690.0,0.5556986063703634,fixed-profile solve,199.91252539819106
best,18,140,512,700.0,0.5596793149023072,fixed-profile solve,199.19267796631902
cone,8,100,256,400.0,0.00022499274665656132,training evaluation,
cone,8,100,256,450.0,0.00019456338321525285,training evaluation,
cone,8,100,256,500.0,0.00028654247087559463,training evaluation,
cone,8,100,256,550.0,0.07453381383353175,training evaluation,
cone,8,100,256,600.0,0.40920486974654835,training evaluation,
cone,8,100,256,650.0,0.6517724237089133,training evaluation,
cone,8,100,256,700.0,0.754536677307087,training evaluation,
cone,16,100,256,400.0,0.0002795305605421465,training dense validation,
cone,16,100,256,410.0,0.00025851534646188524,training dense validation,
cone,16,100,256,420.0,0.00023979081864022175,training dense validation,
cone,16,100,256,430.0,0.0002342654162485423,training dense validation,
cone,16,100,256,440.0,0.00022915760435438236,training dense validation,
cone,16,100,256,450.0,0.0002362472840405149,training dense validation,
cone,16,100,256,460.0,0.00023854036897223455,training dense validation,
cone,16,100,256,470.0,0.0002462448772835345,training dense validation,
cone,16,100,256,480.0,0.00023828767748747585,training dense validation,
cone,16,100,256,490.0,0.0002238472444835344,training dense validation,
cone,16,100,256,500.0,0.0002388904207920118,training dense validation,
cone,16,100,256,510.0,0.0005106585864130201,training dense validation,
cone,16,100,256,520.0,0.002291816416583615,training dense validation,
cone,16,100,256,530.0,0.009978446987344748,training dense validation,
cone,16,100,256,540.0,0.030601595823122538,training dense validation,
cone,16,100,256,550.0,0.07029973382042666,training dense validation,
cone,16,100,256,560.0,0.1264055876953479,training dense validation,
cone,16,100,256,570.0,0.19530884232601947,training dense validation,
cone,16,100,256,580.0,0.27108573442345923,training dense validation,
cone,16,100,256,590.0,0.3433254372076647,training dense validation,
cone,16,100,256,600.0,0.4104588586475633,training dense validation,
cone,16,100,256,610.0,0.47304879979259196,training dense validation,
cone,16,100,256,620.0,0.529597355992911,training dense validation,
cone,16,100,256,630.0,0.5793420612760496,training dense validation,
cone,16,100,256,640.0,0.6247695500420128,training dense validation,
cone,16,100,256,650.0,0.6666750950278881,training dense validation,
cone,16,100,256,660.0,0.7044874423540838,training dense validation,
cone,16,100,256,670.0,0.7216772799663869,training dense validation,
cone,16,100,256,680.0,0.7369049946886379,training dense validation,
cone,16,100,256,690.0,0.7527409836537308,training dense validation,
cone,16,100,256,700.0,0.7670142271811047,training dense validation,
cone,18,100,256,400.0,0.00028978646248705857,training dense validation,
cone,18,100,256,410.0,0.0002700399114512713,training dense validation,
cone,18,100,256,420.0,0.000252104550207854,training dense validation,
cone,18,100,256,430.0,0.000247025494568047,training dense validation,
cone,18,100,256,440.0,0.00024134732835918326,training dense validation,
cone,18,100,256,450.0,0.00024777800333459333,training dense validation,
cone,18,100,256,460.0,0.0002488848208211168,training dense validation,
cone,18,100,256,470.0,0.0002554331884433498,training dense validation,
cone,18,100,256,480.0,0.0002460703304724461,training dense validation,
cone,18,100,256,490.0,0.00023024299339774817,training dense validation,
cone,18,100,256,500.0,0.0002446329028435576,training dense validation,
cone,18,100,256,510.0,0.0005170222826068445,training dense validation,
cone,18,100,256,520.0,0.0022999095319903066,training dense validation,
cone,18,100,256,530.0,0.01001681982373787,training dense validation,
cone,18,100,256,540.0,0.030745439019479823,training dense validation,
cone,18,100,256,550.0,0.07073642082593798,training dense validation,
cone,18,100,256,560.0,0.12747400998138034,training dense validation,
cone,18,100,256,570.0,0.1973720829594339,training dense validation,
cone,18,100,256,580.0,0.2743886344666841,training dense validation,
cone,18,100,256,590.0,0.3481480325455104,training dense validation,
cone,18,100,256,600.0,0.4168627557307049,training dense validation,
cone,18,100,256,610.0,0.48018263089597535,training dense validation,
cone,18,100,256,620.0,0.5370719341225412,training dense validation,
cone,18,100,256,630.0,0.5866731979839074,training dense validation,
cone,18,100,256,640.0,0.6311413998445533,training dense validation,
cone,18,100,256,650.0,0.6717821592041288,training dense validation,
cone,18,100,256,660.0,0.7088670927773857,training dense validation,
cone,18,100,256,670.0,0.7280756759962819,training dense validation,
cone,18,100,256,680.0,0.7442245679607067,training dense validation,
cone,18,100,256,690.0,0.7560501013187952,training dense validation,
cone,18,100,256,700.0,0.7664830299974303,training dense validation,
cone,18,140,384,650.0,0.6708220098011093,fixed-profile solve,256.07036263821647
cone,18,140,384,690.0,0.7612997938648253,fixed-profile solve,237.12403450906277
cone,18,140,384,700.0,0.774277918271839,fixed-profile solve,235.15987689606845
cone,18,140,512,650.0,0.6781254284607328,fixed-profile solve,238.66849553305656
cone,18,140,512,690.0,0.7625068456260655,fixed-profile solve,236.5617148182355
cone,18,140,512,700.0,0.7747194285741298,fixed-profile solve,234.03048830199987
