frequency_THz,T_paper,T_computed,T_difference,R_paper,R_computed,R_difference,A_paper,A_computed,A_difference
241.8545015886,0.944690571,0.9445042961878509,-0.0001862748121490565,0.0499229748,0.05004580007515702,0.00012282527515702218,0.005875166,0.005449903736992057,-0.0004252622630079436
244.2213681208,0.942247012,0.9423915974774534,0.0001445854774533295,0.0518884462,0.051993115243262125,0.00010466904326212473,0.005875166,0.005615287279284509,-0.00025987872071549147
246.5908045407,0.9397928287,0.9401261443792667,0.00033331567926664363,0.0538432935,0.05402907419675486,0.00018578069675485864,0.0063638778,0.0058447814239784845,-0.0005190963760215153
249.0758859052,0.9378379814,0.9376220496621438,-0.0002159317378561676,0.0562974768,0.05625532644619096,-4.215035380904231e-05,0.0063638778,0.006122623891665291,-0.00024125390833470896
251.4427524375,0.9353944223,0.9351566474858887,-0.0002377748141113578,0.058252324,0.05847042026035623,0.0002180962603562306,0.0063638778,0.006372932253755126,9.054453755126014e-06
253.9304036896,0.9324515272,0.9324877883992007,3.626119920063786e-05,0.0606958831,0.060921152191036755,0.0002252690910367547,0.0068525896,0.0065910594097625674,-0.00026153019023743285
256.2972702219,0.9300079681,0.9298124087987747,-0.00019555930122527876,0.0631500664,0.06338598064597528,0.00023591424597528554,0.0068525896,0.006801610555249971,-5.097904475002968e-05
258.6667066418,0.927065073,0.9269426201557256,-0.00012245284427436776,0.0660823373,0.0659813255322516,-0.00010101176774840459,0.0073413015,0.00707605431202285,-0.00026524718797715004
261.1517880063,0.9241328021,0.923742528806003,-0.00039027329399698996,0.0685258964,0.06883306109909437,0.00030716469909437827,0.0073413015,0.007424410094902578,8.310859490257786e-05
263.5212244262,0.9207118194,0.9205655972507444,-0.00014622214925563704,0.0714687915,0.07169070921071259,0.00022191771071258803,0.0078300133,0.007743693538542984,-8.631976145701686e-05
266.0063057906,0.9172802125,0.917097876122733,-0.0001823363772670561,0.0748897742,0.07485651422545041,-3.325997454958762e-05,0.0078300133,0.008045609651816665,0.00021559635181666453
268.3757422106,0.9138592297,0.9136342307549855,-0.00022499894501448736,0.0778326693,0.07804329667398632,0.00021062737398631903,0.0083187251,0.008322472571028139,3.7474710281384938e-06
270.860823575,0.9104276228,0.9098090074856947,-0.000618615314305293,0.0812536521,0.08157354655958089,0.00031989445958088836,0.0088074369,0.008617445954724356,-0.00018999094527564347
273.2302599949,0.9060185923,0.9059527978794382,-6.579442056187101e-05,0.0851739708,0.08514205571259839,-3.19150874016072e-05,0.0088074369,0.008905146407963471,9.770950796347128e-05
275.5971265272,0.9021088977,0.9018650842731841,-0.00024381342681589757,0.0890836653,0.08891935747203888,-0.00016430782796111876,0.0093067729,0.009215558254777045,-9.121464522295411e-05
278.0847777793,0.8976998672,0.8973105930153238,-0.00038927418467615826,0.0930039841,0.09312868485245676,0.00012470075245675505,0.0097954847,0.009560722132219479,-0.00023476256778052172
280.4516443116,0.8928021248,0.8927289083644036,-7.321643559643487e-05,0.0974130146,0.09738155900142786,-3.145559857213598e-05,0.0097954847,0.009889532634168585,9.404793416858438e-05
282.9367256761,0.8879150066,0.8876261822586735,-0.00028882434132648793,0.101811421,0.10213525860741812,0.0003238376074181232,0.0102841965,0.010238559133908365,-4.563736609163559e-05
285.306162096,0.8825285525,0.8824307683923149,-9.778410768501722e-05,0.1067091633,0.10696874417839222,0.00025958087839221544,0.0107729084,0.01060048742929287,-0.00017242097070712878
287.6730286282,0.8766533865,0.8768789821189845,0.00022559561898449765,0.1120956175,0.11210666492661055,1.104742661055258e-05,0.0112616202,0.011014352954404893,-0.0002472672455951057
290.1606798804,0.8707782205,0.8706435896149072,-0.0001346308850928013,0.1174820717,0.11786659253120572,0.00038452083120572855,0.011750332,0.011489817853887141,-0.00026051414611285954
292.5275464126,0.8644143426,0.8642967093958309,-0.00011763320416913192,0.1233466135,0.12372486718152279,0.0003782536815227916,0.0122390438,0.011978423422646323,-0.0002606203773536774
295.0151976648,0.857561753,0.857142820215072,-0.00041893278492799446,0.1297104914,0.13031447852527478,0.0006039871252747908,0.0127277556,0.012542701259653177,-0.00018505434034682237
297.382064197,0.8502204515,0.8498447104661724,-0.0003757410338276479,0.136563081,0.13703242864186693,0.00046934764186692957,0.0137051793,0.013122860891960686,-0.0005823184080393142
299.8697154492,0.8419017264,0.8416133742317944,-0.00028835216820566334,0.1439150066,0.14461388309495313,0.0006988764949531212,0.0141938911,0.013772742673252458,-0.0004211484267475415
302.2365819814,0.8335830013,0.8331953837812373,-0.0003876175187627062,0.1517450199,0.15237161333737118,0.0006265934373711757,0.0146826029,0.014433002881391599,-0.0002496000186084004
304.6060184013,0.8242762284,0.8241485560115006,-0.00012767238849942242,0.1605524568,0.16072405088263622,0.00017159408263622833,0.0151713147,0.015127393105863196,-4.3921594136804576e-05
307.0910997658,0.8144913679,0.8139231157810685,-0.0005682521189315226,0.1693598938,0.17018812452665935,0.0008282307266593569,0.0161593625,0.015888759692272214,-0.0002706028077277857
309.4605361857,0.8037184595,0.8033819930004955,-0.00033646649950447305,0.1796440903,0.17995255210658684,0.000308461806586835,0.0166480744,0.016665454892917708,1.738049291770752e-05
311.9456175502,0.7924674635,0.7914233003206057,-0.001044163179394264,0.1904063745,0.1910533935371981,0.0006470190371981044,0.017625498,0.017523306142196216,-0.00010219185780378434
314.3150539701,0.7797397078,0.7790677728845631,-0.0006719349154369336,0.2021567065,0.2025661934306392,0.0004094869306391913,0.0186029216,0.018366033684797722,-0.00023688791520227667
316.8001353346,0.7660345286,0.7649404284977261,-0.0010941001022738428,0.2148844622,0.21573482742477235,0.0008503652247723592,0.0195803453,0.01932474407750151,-0.0002556012224984895
319.1670018668,0.7508525896,0.7502260399284718,-0.0006265496715281982,0.2285896414,0.2294124262492729,0.0008227848492729228,0.0205577689,0.02036153382225525,-0.0001962350777447476
321.5364382867,0.7347038513,0.7341523381013988,-0.00055151319860125,0.2437609562,0.2443332112014326,0.0005722550014325978,0.0220345286,0.02151445069716862,-0.0005200779028313798
324.0215196512,0.7165896414,0.7156755803209915,-0.000914061079008488,0.2603984064,0.2614645614591552,0.0010661550591551938,0.023500664,0.022859858219853257,-0.0006408057801467436
326.3909560711,0.6970199203,0.6963167637728567,-0.0007031565271433671,0.2785126162,0.27935905733780586,0.0008464411378058534,0.0249667995,0.024324178889337467,-0.0006426206106625344
328.8760374356,0.6754741036,0.6740012344220646,-0.001472869177935432,0.2980929615,0.29993124140340705,0.0018382799034070696,0.0269216467,0.0260675241745284,-0.0008541225254715991
331.2454738555,0.6514953519,0.6506150171206084,-0.0008803347793915339,0.3201168659,0.3214605350762653,0.0013436691762653274,0.0288871182,0.027924447803126196,-0.0009626703968738035
333.6123403878,0.6255511288,0.6249765402389735,-0.0005745885610264345,0.3436175299,0.3450387626455669,0.0014212327455668805,0.0308419655,0.02998469711545959,-0.0008572683845404078
336.0999916399,0.5971633466,0.5953216376927433,-0.0018417089072567672,0.3700504648,0.37228110276896026,0.0022306379689602807,0.0332855246,0.03239725953829642,-0.0008882650617035789
338.4668581722,0.5658432935,0.5642819974451881,-0.0015612960548118116,0.3989269588,0.40076443765617026,0.0018374788561702493,0.0357290837,0.03495356489864154,-0.0007755188013584546
340.9545094243,0.5310810093,0.5284388543699221,-0.0026421549300779112,0.4307463479,0.4336145428859935,0.0028681949859934996,0.0386719788,0.03794660274408446,-0.0007253760559155428
343.3213759566,0.4933970784,0.4910860806647046,-0.002310997735295417,0.4650092961,0.467836769443169,0.0028274733431689625,0.0416042497,0.04107714989212641,-0.0005270998078735906
345.8090272087,0.4517928287,0.4482386257229964,-0.0035542029770035954,0.5031819389,0.5071011503926334,0.003919211492633412,0.0450358566,0.04466022388437024,-0.0003756327156297576
348.1758937409,0.4072456839,0.4039827567801844,-0.003262927119815573,0.5442974768,0.5476276164508256,0.0033301396508256254,0.0489455511,0.04838962676899,-0.0005559243310099965
350.5453301609,0.3587888446,0.35640956265534307,-0.002379281944656919,0.5883559097,0.5911369767409649,0.002781067040964924,0.0528658699,0.05245346060369205,-0.00041240929630795287
353.0304115253,0.3073891102,0.30345430065281487,-0.003934809547185114,0.6353466135,0.6395399834977646,0.004193369997764651,0.0572749004,0.05700571584942049,-0.00026918455057951124
355.3972780576,0.2540451527,0.25088931602085374,-0.003155836679146262,0.6842921647,0.6875969233163736,0.003304758616373582,0.0621620186,0.0615137606627727,-0.000648257937227302
357.8849293097,0.1997025232,0.19476711202295943,-0.004935411177040577,0.7342151394,0.7389168934086292,0.004701754008629155,0.0665710491,0.06631599456841136,-0.0002550545315886388
360.251795842,0.1458592297,0.14247477672960576,-0.003384452970394247,0.7831606906,0.7867191200385463,0.003558429438546229,0.0714687915,0.07080610323184797,-0.0006626882681520369
362.7394470941,0.095936255,0.09153295297937955,-0.004403302020620448,0.828685259,0.8332715631409989,0.00458630414099892,0.0753784861,0.07519548387962152,-0.0001830022203784809
365.108883514,0.0533545817,0.05016559800751651,-0.0031889836924834936,0.8673572377,0.8711387893046999,0.003781551604699951,0.0792988048,0.07869561268778359,-0.0006031921122164052
367.4757500463,0.0215458167,0.019282695411321306,-0.0022631212886786954,0.8967224436,0.898538467312317,0.0018160237123170386,0.0822310757,0.08217883727636169,-5.223842363831499e-05
369.9608314108,0.0044090305,0.0037409367276599937,-0.0006680937723400064,0.9118937583,0.9062584459778678,-0.005635312322132213,0.0837078353,0.09000061729447226,0.006292781994472252
372.3302678307,0.0048977424,0.005127155578406692,0.0002294131784066917,0.9114050465,0.9074308641967948,-0.0039741823032052315,0.084185923,0.08744198022479856,0.0032560572247985614
374.8153491951,0.0244780876,0.026479784437509746,0.0020016968375097463,0.8928021248,0.8881844291741225,-0.004617695625877438,0.0827304117,0.08533578638836771,0.0026053746883677037
377.1847856151,0.0631500664,0.0652049220186331,0.0020548556186330974,0.8570730412,0.8526595381884645,-0.004413503011535536,0.0797875166,0.08213553979290239,0.002348023192902393
379.5516521473,0.1179707835,0.1193715027630815,0.0014007192630815096,0.8066613546,0.8029496465587926,-0.003711708041207351,0.0758671979,0.07767885067812585,0.0018116527781258523
382.0393033994,0.1855192563,0.18886674638354733,0.0033474900835473442,0.744499336,0.7391729485040124,-0.005326387495987572,0.0704913679,0.07196030511244028,0.0014689372124402772
384.4061699317,0.2608871182,0.26233466804630484,0.001447549846304852,0.6754741036,0.6717556591476914,-0.0037184444523086224,0.06412749,0.06590967280600374,0.0017821828060037431
386.8912512962,0.3387197875,0.3424729994228336,0.0037532119228336214,0.6035272244,0.5983218109462772,-0.005205413453722718,0.0577636122,0.059205189630889166,0.001441577430889164
389.2606877161,0.4165524568,0.4181441545249617,0.0015916977249616493,0.5325471448,0.529122823578425,-0.0034243212215749885,0.0513997344,0.05273302189661333,0.0013332874966133293
391.7483389682,0.4904541833,0.4939541684396384,0.003499985139638395,0.4645099602,0.4598482519531061,-0.004661708246893936,0.0450358566,0.04619757960725551,0.001161723007255512
394.1152055005,0.5594687915,0.5608602180872609,0.001391426587260991,0.4013705179,0.39870441221914543,-0.002666105680854569,0.0396494024,0.040435369693593626,0.0007859672935936271
396.4846419204,0.6221301461,0.6218641785167011,-0.00026596758329888726,0.3441062417,0.3429716198315365,-0.0011346218684634701,0.0342629482,0.03516420165176248,0.0009012534517624862
398.9697232849,0.6779282869,0.6791854706383637,0.0012571837383636986,0.2927065073,0.29065138147972625,-0.002055125820273729,0.02937583,0.030163147881910102,0.0007873178819101032
401.3391597048,0.7273625498,0.7276448421154575,0.00028229231545751077,0.2471925631,0.24644914772693838,-0.0007434153730616344,0.0254555113,0.025906010157604076,0.0004504988576040751
403.8242410693,0.7714209827,0.7723680331813524,0.0009470504813523517,0.2075431607,0.205656777002877,-0.0018863836971230175,0.0215458167,0.021975189815770624,0.0004293731157706225
406.1911076015,0.8095936255,0.8096635340203497,6.990852034971518e-05,0.1722921647,0.17163763543247476,-0.000654529267525239,0.0181142098,0.01869883054717547,0.0005846207471754718
408.5605440214,0.8428791501,0.8423890603054431,-0.0004900897945568916,0.1419495352,0.14180282409200196,-0.00014671110799804876,0.0151713147,0.015808115602554906,0.0006368009025549057
411.0456253859,0.8722549801,0.8723597209393029,0.00010474083930289702,0.1150278884,0.11450398038297843,-0.0005239080170215682,0.0127277556,0.013136298677718705,0.00040854307771870553
413.4150618058,0.8976998672,0.897301800911291,-0.00039806628870897587,0.0920265604,0.09179674985667743,-0.00022981054332256445,0.0107729084,0.010901449232031624,0.00012854083203162406
415.9001431703,0.9197237716,0.9201491956810456,0.00042542408104562224,0.0714687915,0.07100590437278262,-0.00046288712721738456,0.0088074369,0.00884489994617177,3.7463046171769265e-05
418.2695795902,0.9393041169,0.939219933465432,-8.418343456806365e-05,0.0538432935,0.05368383485195425,-0.00015945864804575022,0.0068525896,0.007096231682613752,0.00024364208261375142
420.7546609547,0.9564409031,0.9568048017226244,0.00036389862262442563,0.0381832669,0.03777507050120899,-0.0004081963987910067,0.0053864542,0.005420127776166628,3.3673576166627986e-05
423.1240973746,0.9716122178,0.9715688165695759,-4.340123042401167e-05,0.0244780876,0.02446711667390199,-1.0970926098009814e-05,0.0039203187,0.0039640667565220555,4.3748056522055837e-05
425.4909639068,0.9848286853,0.9845937304325318,-0.0002349548674681623,0.0127277556,0.012768842209923206,4.108660992320663e-05,0.0024541833,0.002637427357544908,0.00018324405754490802
427.978615159,0.9931474104,0.993230027887549,8.261748754900822e-05,0.0039203187,0.0037161519778771447,-0.00020416672212285498,0.0029428951,0.0030538201345738925,0.00011092503457389236
430.3454816912,0.8458220452,0.84786306290965,0.0020410177096499282,0.0063638778,0.005749923884337959,-0.0006139539156620405,0.0019654714,0.001638364166446027,-0.00032710723355397313
432.8331329434,0.7919787517,0.7922783742159668,0.0002996225159668242,0.011750332,0.011530067664002046,-0.00022026433599795468,0.0019654714,0.002164664065554045,0.00019919266555404498
435.1999994756,0.7567383798,0.7577540356084063,0.001015655808406235,0.0166480744,0.016226754679073637,-0.0004213197209263636,0.0024541833,0.0026011782067990596,0.00014699490679905957
437.6850808401,0.7307941567,0.7306460654333833,-0.00014809126661674554,0.0205577689,0.02055160092251944,-6.1679774805596665e-06,0.0029428951,0.0029498704079722327,6.975307972232562e-06
440.05451726,0.7097370518,0.7101113714999876,0.00037431969998757975,0.0244780876,0.024218876416150878,-0.0002592111838491222,0.0029428951,0.0032022503733697416,0.0002593552733697415
442.4213837923,0.6926108898,0.6931252328205864,0.0005143430205863941,0.0278990704,0.02751627536885262,-0.00038279503114738156,0.0034316069,0.003413580628933932,-1.802627106606801e-05
444.9090350444,0.6779282869,0.678042587075855,0.00011430017585500885,0.0308419655,0.03064975203294447,-0.00019221346705552977,0.0034316069,0.0036158590118936518,0.00018425211189365166
447.2759015767,0.6652005312,0.6657037178514128,0.0005031866514128014,0.0337742364,0.03336012250676077,-0.0004141138932392263,0.0039203187,0.0038032033544280752,-0.00011711534557192448
449.7635528288,0.6544276228,0.6543927295304028,-3.4893269597158216e-05,0.0362284197,0.035963147648681186,-0.0002652720513188142,0.0039203187,0.003995916003339595,7.559730333959493e-05
452.1304193611,0.6446427623,0.6449041942245892,0.00026143192458927267,0.0386719788,0.038235966019732066,-0.0004360127802679331,0.0044090305,0.0041657760488073015,-0.0002432544511926987
454.499855781,0.6363240372,0.6364362688049736,0.00011223160497364493,0.040626826,0.040334715806888154,-0.00029211019311184416,0.0044090305,0.004317806997538365,-9.122350246163532e-05
456.9849371454,0.6284833997,0.6284954061753195,1.200647531951482e-05,0.0425816733,0.04236495537521989,-0.00021671792478010488,0.0044090305,0.004468234511301183,5.920401130118328e-05
459.3543735654,0.6216414343,0.6216888882386385,4.745393863858638e-05,0.0445471448,0.04415460138633363,-0.0003925434136663672,0.0048977424,0.0046080134626905744,-0.00028972893730942577
461.8394549298,0.6152775564,0.6152383523458356,-3.9204054164465596e-05,0.0460132802,0.04589416076056244,-0.00011911943943755665,0.0048977424,0.004748841419294214,-0.0001489009807057861
464.2088913497,0.6094023904,0.609661215582175,0.0002588251821750154,0.0474794157,0.0474336276833103,-4.578801668969623e-05,0.0048977424,0.004875745068033233,-2.1997331966767605e-05
466.6939727142,0.6045046481,0.6043457608217198,-0.00015888727828028415,0.0489455511,0.048933114210831005,-1.2436889168992993e-05,0.0053864542,0.0050014307856383056,-0.0003850234143616942
469.0634091341,0.5996069057,0.5997384758057472,0.00013157010574726957,0.0504223108,0.050260808140747654,-0.00016150265925234802,0.0053864542,0.0051211337366439125,-0.0002653204633560873
471.4302756664,0.5952084993,0.5955466208758773,0.00033812157587731484,0.0518884462,0.05149443025112245,-0.0003940159488775505,0.0053864542,0.005247048401689325,-0.00013940579831067494
473.9153570309,0.5912881806,0.591544700934531,0.00025652033453105183,0.0528658699,0.05269827205635789,-0.000167597843642113,0.0053864542,0.005379814406635264,-6.63979336473601e-06
476.2847934508,0.5878671979,0.5880678914978659,0.00020069359786589747,0.0538432935,0.05376799125823153,-7.530224176847261e-05,0.0053864542,0.005493558162854684,0.00010710396285468389
478.7698748153,0.5849243028,0.5847489588003705,-0.00017534399962948477,0.0548207171,0.05481343559523135,-7.281504768648361e-06,0.005875166,0.005600941844614238,-0.0002742241553857624
481.1393112352,0.5819920319,0.5818882649760054,-0.00010376692399460818,0.0558087649,0.05573763921052502,-7.112568947498232e-05,0.005875166,0.005708176917777585,-0.00016698908222241484
483.6269624873,0.5790491368,0.579189248103126,0.0001401113031259671,0.0567861886,0.056634064010282086,-0.00015212458971791687,0.005875166,0.005833185030021171,-4.198096997882952e-05
