profile,label,frequency_THz,order,harmonics,grid,epsilon_real,epsilon_imag,R_x,T_x,A_x,R0_x,T0_x,balance_x,polarization_delta_T,minimum_jacobian,elapsed_s,revision,R_y,T_y,A_y,R0_y,T0_y,balance_y,device,torch_version
weiss2009,matched coordinates + ASR,241.8545015886,12,625,256,-80.02450247157323,4.532118482777158,0.04999547483496452,0.944473365666793,0.005531159498242566,0.04999547483496452,0.944473365666793,0.9944688405017574,1.0212830581224352e-11,5.101560566760088e-06,15.587748449062929,weiss2009-v1-fixed-interface-eq41,0.049995474837268294,0.9444733656770058,0.005531159485725912,0.049995474837268294,0.9444733656770058,0.9944688405142741,cuda,2.6.0+cu124
weiss2009,matched coordinates + ASR,244.2213681208,12,625,256,-78.46639884421907,4.401887410845489,0.051917768485162386,0.942361261942422,0.005720969572415635,0.051917768485162386,0.942361261942422,0.9942790304275844,3.224642775023767e-12,5.101560566760088e-06,2.443546290975064,weiss2009-v1-fixed-interface-eq41,0.051917768484616086,0.9423612619391973,0.005720969576186619,0.051917768484616086,0.9423612619391973,0.9942790304238134,cuda,2.6.0+cu124
weiss2009,matched coordinates + ASR,246.5908045407,12,625,256,-76.95114628652054,4.276462673920101,0.053939579839039735,0.9401886848548658,0.005871735306094417,0.053939579839039735,0.9401886848548658,0.9941282646939056,1.8054446826454296e-12,5.101560566760088e-06,2.408520016935654,weiss2009-v1-fixed-interface-eq41,0.05393957983834244,0.9401886848530604,0.005871735308597192,0.05393957983834244,0.9401886848530604,0.9941282646914028,cuda,2.6.0+cu124
weiss2009,matched coordinates + ASR,249.0758859052,12,625,256,-75.40798889097752,4.149981327011089,0.05617117689558596,0.9377751445465898,0.006053678557824238,0.05617117689558596,0.9377751445465898,0.9939463214421758,1.0340617251358708e-12,5.101560566760088e-06,2.4387888950295746,weiss2009-v1-fixed-interface-eq41,0.056171176895943156,0.9377751445476239,0.0060536785564329065,0.056171176895943156,0.9377751445476239,0.9939463214435671,cuda,2.6.0+cu124
weiss2009,matched coordinates + ASR,251.4427524375,12,625,256,-73.98041294276884,4.034110251078932,0.05840181322792504,0.9353244337998031,0.00627375297227184,0.05840181322792504,0.9353244337998031,0.9937262470277282,2.650213382082711e-12,5.101560566760088e-06,2.4106527540134266,weiss2009-v1-fixed-interface-eq41,0.0584018132289657,0.9353244338024533,0.0062737529685810145,0.0584018132289657,0.9353244338024533,0.993726247031419,cuda,2.6.0+cu124
weiss2009,matched coordinates + ASR,253.9304036896,12,625,256,-72.52264229156084,3.9169268480175425,0.06085321578231483,0.9326009788856569,0.006545805332028309,0.06085321578231483,0.9326009788856569,0.9934541946679717,8.812950369474493e-13,5.101560566760088e-06,2.438300488051027,weiss2009-v1-fixed-interface-eq41,0.060853215783043875,0.9326009788865381,0.006545805330417931,0.060853215783043875,0.9326009788865381,0.9934541946695821,cuda,2.6.0+cu124
weiss2009,matched coordinates + ASR,256.2972702219,12,625,256,-71.17472688539321,3.8096074371555537,0.06329674928361846,0.9299149863308187,0.006788264385562792,0.06329674928361846,0.9299149863308187,0.9932117356144372,7.516542943619697e-12,5.101560566760088e-06,2.417961077997461,weiss2009-v1-fixed-interface-eq41,0.06329674928606045,0.9299149863233022,0.0067882643906374,0.06329674928606045,0.9299149863233022,0.9932117356093626,cuda,2.6.0+cu124
weiss2009,matched coordinates + ASR,258.6667066418,12,625,256,-69.86210479427548,3.7060610706248425,0.06587591685489766,0.9271267325608279,0.00699735058427442,0.06587591685489766,0.9271267325608279,0.9930026494157256,6.053713086373591e-12,5.101560566760088e-06,2.4250611840980127,weiss2009-v1-fixed-interface-eq41,0.06587591685563131,0.9271267325668816,0.0069973505774870715,0.06587591685563131,0.9271267325668816,0.9930026494225129,cuda,2.6.0+cu124
weiss2009,matched coordinates + ASR,261.1517880063,12,625,256,-68.52348717331836,3.6014517532997967,0.06873644354640474,0.9240220108284852,0.007241545625110035,0.06873644354640474,0.9240220108284852,0.99275845437489,4.067080006109336e-12,5.101560566760088e-06,2.3957772200228646,weiss2009-v1-fixed-interface-eq41,0.06873644354789919,0.9240220108325523,0.007241545619548484,0.06873644354789919,0.9240220108325523,0.9927584543804515,cuda,2.6.0+cu124
weiss2009,matched coordinates + ASR,263.5212244262,12,625,256,-67.28214617752515,3.5053438089583424,0.07160833011520543,0.9208729464661096,0.0075187234186849805,0.07160833011520543,0.9208729464661096,0.992481276581315,1.189859322181519e-11,5.101560566760088e-06,2.4660061210161075,weiss2009-v1-fixed-interface-eq41,0.07160833011607844,0.9208729464780082,0.007518723405913308,0.07160833011607844,0.9208729464780082,0.9924812765940867,cuda,2.6.0+cu124
weiss2009,matched coordinates + ASR,266.0063057906,12,625,256,-66.01557193904029,3.4081825919687763,0.07477878572056272,0.9174056660770046,0.007815548202432687,0.07477878572056272,0.9174056660770046,0.9921844517975673,6.349476500133733e-12,5.101560566760088e-06,2.438579789013602,weiss2009-v1-fixed-interface-eq41,0.07477878571860366,0.9174056660706551,0.007815548210741263,0.07477878571860366,0.9174056660706551,0.9921844517892587,cuda,2.6.0+cu124
weiss2009,matched coordinates + ASR,268.3757422106,12,625,256,-64.84044705852277,3.3188572263148157,0.07796623252128805,0.9139350029043904,0.00809876457432146,0.07796623252128805,0.9139350029043904,0.9919012354256785,2.3411272920270676e-12,5.101560566760088e-06,2.415992341004312,weiss2009-v1-fixed-interface-eq41,0.07796623252173507,0.9139350029020493,0.008098764576215611,0.07796623252173507,0.9139350029020493,0.9919012354237844,cuda,2.6.0+cu124
weiss2009,matched coordinates + ASR,270.860823575,12,625,256,-63.64084190058779,3.2284931322169763,0.08149943327561066,0.9101066874462114,0.008393879278177918,0.08149943327561066,0.9101066874462114,0.9916061207218221,8.464340339742193e-13,5.101560566760088e-06,2.4166616320144385,weiss2009-v1-fixed-interface-eq41,0.08149943327529162,0.9101066874470578,0.008393879277650562,0.08149943327529162,0.9101066874470578,0.9916061207223494,cuda,2.6.0+cu124
weiss2009,matched coordinates + ASR,273.2302599949,12,625,256,-62.527309804176106,3.1453626587060817,0.08507162152617317,0.906248486406111,0.0086798920677158,0.08507162152617317,0.906248486406111,0.9913201079322842,1.4210854715202004e-13,5.101560566760088e-06,2.3887542131124064,weiss2009-v1-fixed-interface-eq41,0.08507162152679507,0.9062484864059689,0.008679892067236072,0.08507162152679507,0.9062484864059689,0.9913201079327639,cuda,2.6.0+cu124
weiss2009,matched coordinates + ASR,275.5971265272,12,625,256,-61.44344413775705,3.065146391372825,0.08885026702171381,0.9021633861767329,0.008986346801553302,0.08885026702171381,0.9021633861767329,0.9910136531984467,5.19262410847432e-12,5.101560566760088e-06,2.4019740379881114,weiss2009-v1-fixed-interface-eq41,0.08885026702214309,0.9021633861819255,0.008986346795931466,0.08885026702214309,0.9021633861819255,0.9910136532040685,cuda,2.6.0+cu124
weiss2009,matched coordinates + ASR,278.0847777793,12,625,256,-60.33387170639001,2.98374855256041,0.0930636499970941,0.897610179801826,0.009326170201079953,0.0930636499970941,0.897610179801826,0.9906738297989202,1.865840815185038e-12,5.101560566760088e-06,2.4395986390300095,weiss2009-v1-fixed-interface-eq41,0.09306364999763668,0.8976101798036918,0.009326170198671435,0.09306364999763668,0.8976101798036918,0.9906738298013286,cuda,2.6.0+cu124
weiss2009,matched coordinates + ASR,280.4516443116,12,625,256,-59.30538113003202,2.908955872456288,0.09731952054541398,0.893014146422058,0.009666333032527952,0.09731952054541398,0.893014146422058,0.990333666967472,1.5744072712209345e-12,5.101560566760088e-06,2.4056508670328185,weiss2009-v1-fixed-interface-eq41,0.09731952054539525,0.8930141464236324,0.009666333030972307,0.09731952054539525,0.8930141464236324,0.9903336669690277,cuda,2.6.0+cu124
weiss2009,matched coordinates + ASR,282.9367256761,12,625,256,-58.25309415934732,2.833092588264268,0.10207028218711545,0.8879012353776164,0.010028482435268105,0.10207028218711545,0.8879012353776164,0.9899715175647319,2.1398438576625267e-12,5.101560566760088e-06,2.3887627250514925,weiss2009-v1-fixed-interface-eq41,0.1020702821862525,0.8879012353754766,0.010028482438270925,0.1020702821862525,0.8879012353754766,0.9899715175617291,cuda,2.6.0+cu124
weiss2009,matched coordinates + ASR,285.306162096,12,625,256,-57.27519861586072,2.763195850223912,0.10690110705981272,0.8827140524675096,0.010384840472677737,0.10690110705981272,0.8827140524675096,0.9896151595273223,2.2359891715950653e-13,5.101560566760088e-06,2.405722444993444,weiss2009-v1-fixed-interface-eq41,0.10690110706105997,0.8827140524677332,0.010384840471206913,0.10690110706105997,0.8827140524677332,0.9896151595287931,cuda,2.6.0+cu124
weiss2009,matched coordinates + ASR,287.6730286282,12,625,256,-56.32231749295886,2.695650923096006,0.11204142194410763,0.8771627367606802,0.01079584129521216,0.11204142194410763,0.8771627367606802,0.9892041587047878,1.5121237595394632e-13,5.101560566760088e-06,2.401414431980811,weiss2009-v1-fixed-interface-eq41,0.11204142194494943,0.8771627367608315,0.010795841294219066,0.11204142194494943,0.8771627367608315,0.9892041587057809,cuda,2.6.0+cu124
weiss2009,matched coordinates + ASR,290.1606798804,12,625,256,-55.34576411954094,2.6270102664391213,0.11779884773121829,0.8709092231317689,0.011291929137012824,0.11779884773121829,0.8709092231317689,0.9887080708629872,1.5935031072444872e-12,5.101560566760088e-06,2.3991374189499766,weiss2009-v1-fixed-interface-eq41,0.11779884773180008,0.8709092231333624,0.011291929134837564,0.11779884773180008,0.8709092231333624,0.9887080708651624,cuda,2.6.0+cu124
weiss2009,matched coordinates + ASR,292.5275464126,12,625,256,-54.43959360879721,2.563848312046004,0.12364450844697115,0.864553678104932,0.011801813448096832,0.12364450844697115,0.864553678104932,0.9881981865519032,2.988387315383534e-12,5.101560566760088e-06,2.4180490400176495,weiss2009-v1-fixed-interface-eq41,0.12364450844629438,0.8645536781079204,0.011801813445785236,0.12364450844629438,0.8645536781079204,0.9881981865542148,cuda,2.6.0+cu124
weiss2009,matched coordinates + ASR,295.0151976648,12,625,256,-53.51052461726099,2.499625980368256,0.13021523156422107,0.8574184605291345,0.012366307906644392,0.13021523156422107,0.8574184605291345,0.9876336920933556,2.7180480088873082e-12,5.101560566760088e-06,2.432014173013158,weiss2009-v1-fixed-interface-eq41,0.13021523156254516,0.8574184605318526,0.012366307905602336,0.13021523156254516,0.8574184605318526,0.9876336920943978,cuda,2.6.0+cu124
weiss2009,matched coordinates + ASR,297.382064197,12,625,256,-52.64806291205903,2.440497297438732,0.13691502862456761,0.8501665976767612,0.012918373698671215,0.13691502862456761,0.8501665976767612,0.9870816263013288,1.7430501486614958e-14,5.101560566760088e-06,2.456932745059021,weiss2009-v1-fixed-interface-eq41,0.13691502862345692,0.8501665976767786,0.012918373699764452,0.13691502862345692,0.8501665976767786,0.9870816263002355,cuda,2.6.0+cu124
weiss2009,matched coordinates + ASR,299.8697154492,12,625,256,-51.763450988390815,2.38034355112801,0.14448597641646654,0.8420265733094835,0.013487450274049961,0.14448597641646654,0.8420265733094835,0.98651254972595,2.585376357444602e-12,5.101560566760088e-06,2.4400379229336977,weiss2009-v1-fixed-interface-eq41,0.14448597641736488,0.8420265733120689,0.013487450270566193,0.14448597641736488,0.8420265733120689,0.9865125497294338,cuda,2.6.0+cu124
weiss2009,matched coordinates + ASR,302.2365819814,12,625,256,-50.941933439994926,2.324931381750815,0.15226501827397207,0.8337151238904382,0.014019857835589677,0.15226501827397207,0.8337151238904382,0.9859801421644103,7.977063454234212e-12,5.101560566760088e-06,2.4501880679745227,weiss2009-v1-fixed-interface-eq41,0.15226501827506786,0.8337151238824612,0.01401985784247095,0.15226501827506786,0.8337151238824612,0.985980142157529,cuda,2.6.0+cu124
weiss2009,matched coordinates + ASR,304.6060184013,12,625,256,-50.138580289819835,2.271167916104143,0.1606685651879799,0.8247133758305892,0.01461805898143087,0.1606685651879799,0.8247133758305892,0.9853819410185691,2.8625990466935036e-12,5.101560566760088e-06,2.4081962149357423,weiss2009-v1-fixed-interface-eq41,0.1606685651863671,0.8247133758277266,0.01461805898590629,0.1606685651863671,0.8247133758277266,0.9853819410140937,cuda,2.6.0+cu124
weiss2009,matched coordinates + ASR,307.0910997658,12,625,256,-49.31586557576967,2.216546138645037,0.17018146804322312,0.8144664398747312,0.015352092082045687,0.17018146804322312,0.8144664398747312,0.9846479079179543,1.149302875091962e-12,5.101560566760088e-06,2.4018751189578325,weiss2009-v1-fixed-interface-eq41,0.17018146804318465,0.8144664398735819,0.015352092083233404,0.17018146804318465,0.8144664398735819,0.9846479079167666,cuda,2.6.0+cu124
weiss2009,matched coordinates + ASR,309.4605361857,12,625,256,-48.549775640035094,2.1660849058481086,0.1799826603145253,0.8038858436522912,0.016131496033183423,0.1799826603145253,0.8038858436522912,0.9838685039668165,1.4555023852835802e-13,5.101560566760088e-06,2.4286134220892563,weiss2009-v1-fixed-interface-eq41,0.17998266031655547,0.8038858436521457,0.01613149603129882,0.17998266031655547,0.8038858436521457,0.9838685039687012,cuda,2.6.0+cu124
weiss2009,matched coordinates + ASR,311.9456175502,12,625,256,-47.76493033399451,2.114792574156757,0.19111521771612516,0.7918554132819152,0.017029369001959616,0.19111521771612516,0.7918554132819152,0.9829706309980404,5.960787419212465e-13,5.101560566760088e-06,2.4392772869905457,weiss2009-v1-fixed-interface-eq41,0.19111521771527046,0.7918554132825113,0.017029369002218298,0.19111521771527046,0.7918554132825113,0.9829706309977817,cuda,2.6.0+cu124
weiss2009,matched coordinates + ASR,314.3150539701,12,625,256,-47.03383556511832,2.0673839604234265,0.20263029188303733,0.7794110725249115,0.01795863559205113,0.20263029188303733,0.7794110725249115,0.9820413644079489,1.5754064719430971e-13,5.101560566760088e-06,2.4127058380981907,weiss2009-v1-fixed-interface-eq41,0.2026302918804777,0.779411072524754,0.017958635594768402,0.2026302918804777,0.779411072524754,0.9820413644052317,cuda,2.6.0+cu124
weiss2009,matched coordinates + ASR,316.8001353346,12,625,256,-46.28457206352675,2.019171286891906,0.21577363575514297,0.7652535644175704,0.018972799827286613,0.21577363575514297,0.7652535644175704,0.9810272001727134,1.5224488336684772e-12,5.101560566760088e-06,2.456421606009826,weiss2009-v1-fixed-interface-eq41,0.21577363575550906,0.765253564416048,0.01897279982844291,0.21577363575550906,0.765253564416048,0.981027200171557,cuda,2.6.0+cu124
weiss2009,matched coordinates + ASR,319.1670018668,12,625,256,-45.58712315113076,1.974635616144789,0.22946104597958938,0.7505598911660154,0.019979062854395213,0.22946104597958938,0.7505598911660154,0.9800209371456048,5.3297366520155265e-12,5.101560566760088e-06,2.4157464129384607,weiss2009-v1-fixed-interface-eq41,0.22946104597294903,0.7505598911713451,0.01997906285570583,0.22946104597294903,0.7505598911713451,0.9800209371442942,cuda,2.6.0+cu124
weiss2009,matched coordinates + ASR,321.5364382867,12,625,256,-44.90425082265586,1.9313534715823748,0.24441742891403828,0.7344303575442939,0.021152213541667853,0.24441742891403828,0.7344303575442939,0.9788477864583321,5.9580118616509026e-12,5.101560566760088e-06,2.400582711910829,weiss2009-v1-fixed-interface-eq41,0.24441742891511156,0.7344303575383359,0.021152213546552612,0.24441742891511156,0.7344303575383359,0.9788477864534474,cuda,2.6.0+cu124
weiss2009,matched coordinates + ASR,324.0215196512,12,625,256,-44.20404668489121,1.8873068562210258,0.2615425886363249,0.7158509055520109,0.022606505811664124,0.2615425886363249,0.7158509055520109,0.9773934941883358,3.8258285428582894e-13,5.101560566760088e-06,2.410325797041878,weiss2009-v1-fixed-interface-eq41,0.26154258863828966,0.7158509055516283,0.022606505810082056,0.26154258863828966,0.7158509055516283,0.977393494189918,cuda,2.6.0+cu124
weiss2009,matched coordinates + ASR,326.3909560711,12,625,256,-43.55123252907665,1.8465482679765939,0.2793973292195905,0.6964411675613894,0.02416150321902011,0.2793973292195905,0.6964411675613894,0.9758384967809799,9.289236047038685e-13,5.101560566760088e-06,2.4345601870445535,weiss2009-v1-fixed-interface-eq41,0.2793973292181722,0.6964411675604605,0.024161503221367342,0.2793973292181722,0.6964411675604605,0.9758384967786327,cuda,2.6.0+cu124
weiss2009,matched coordinates + ASR,328.8760374356,12,625,256,-42.88162560037898,1.8050512368476832,0.2999248799955208,0.6741184975166173,0.025956622487861902,0.2999248799955208,0.6741184975166173,0.9740433775121382,7.460698725481052e-14,5.101560566760088e-06,2.4284123039105907,weiss2009-v1-fixed-interface-eq41,0.299924879991971,0.674118497516692,0.025956622491337122,0.299924879991971,0.674118497516692,0.974043377508663,cuda,2.6.0+cu124
weiss2009,matched coordinates + ASR,331.2454738555,12,625,256,-42.25713202189483,1.7666349850342629,0.3214155902514946,0.650748942963728,0.02783546678477744,0.3214155902514946,0.650748942963728,0.9721645332152226,1.191491350027718e-12,5.101560566760088e-06,2.4182539279572666,weiss2009-v1-fixed-interface-eq41,0.3214155902556391,0.6507489429649195,0.027835466779441487,0.3214155902556391,0.6507489429649195,0.9721645332205586,cuda,2.6.0+cu124
weiss2009,matched coordinates + ASR,333.6123403878,12,625,256,-41.646523994588016,1.7293408055006454,0.3449632747289908,0.6251473531759276,0.02988937209508158,0.3449632747289908,0.6251473531759276,0.9701106279049184,2.3288038164537284e-12,5.101560566760088e-06,2.418793863034807,weiss2009-v1-fixed-interface-eq41,0.34496327473208205,0.6251473531735988,0.029889372094319078,0.34496327473208205,0.6251473531735988,0.9701106279056808,cuda,2.6.0+cu124
weiss2009,matched coordinates + ASR,336.0999916399,12,625,256,-41.01857929737144,1.691266006764551,0.3721962666447539,0.5955328308346856,0.03227090252056053,0.3721962666447539,0.5955328308346856,0.9677290974794395,2.9616309404900676e-12,5.101560566760088e-06,2.4443844800116494,weiss2009-v1-fixed-interface-eq41,0.37219626664842215,0.5955328308376472,0.03227090251393061,0.37219626664842215,0.5955328308376472,0.9677290974860693,cuda,2.6.0+cu124
weiss2009,matched coordinates + ASR,338.4668581722,12,625,256,-40.433904211689516,1.6560702862085726,0.400679550480586,0.5645116783189195,0.034808771200494526,0.400679550480586,0.5645116783189195,0.9651912287995055,1.0176304243714185e-12,5.101560566760088e-06,2.4562012701062486,weiss2009-v1-fixed-interface-eq41,0.40067955047969434,0.5645116783199371,0.03480877120036863,0.40067955047969434,0.5645116783199371,0.9651912287996314,cuda,2.6.0+cu124
weiss2009,matched coordinates + ASR,340.9545094243,12,625,256,-39.83244177614299,1.620122935002221,0.43352898748730334,0.5286829996321601,0.03778801288053646,0.43352898748730334,0.5286829996321601,0.9622119871194634,5.743294728688397e-12,5.101560566760088e-06,2.4265355920651928,weiss2009-v1-fixed-interface-eq41,0.4335289874897371,0.5286829996264168,0.037788012883846034,0.4335289874897371,0.5286829996264168,0.962211987116154,cuda,2.6.0+cu124
weiss2009,matched coordinates + ASR,343.3213759566,12,625,256,-39.272252387687026,1.5868801691193748,0.4677567770988927,0.49133921909867706,0.04090400380243031,0.4677567770988927,0.49133921909867706,0.9590959961975698,1.1517453657461374e-12,5.101560566760088e-06,2.396317377919331,weiss2009-v1-fixed-interface-eq41,0.4677567771026636,0.4913392190975253,0.04090400379981107,0.4677567771026636,0.4913392190975253,0.9590959962001889,cuda,2.6.0+cu124
weiss2009,matched coordinates + ASR,345.8090272087,12,625,256,-38.69580451996456,1.5529137646591094,0.5070377418667623,0.44849211737856715,0.04447014075467054,0.5070377418667623,0.44849211737856715,0.9555298592453294,1.6820600468037128e-11,5.101560566760088e-06,2.402608556090854,weiss2009-v1-fixed-interface-eq41,0.5070377418636048,0.44849211736174655,0.044470140774648614,0.5070377418636048,0.44849211736174655,0.9555298592253514,cuda,2.6.0+cu124
weiss2009,matched coordinates + ASR,348.1758937409,12,625,256,-38.1587531014873,1.5214903870244547,0.5475886383008295,0.4042080544090552,0.048203307290115294,0.5475886383008295,0.4042080544090552,0.9517966927098847,2.493616424459333e-12,5.101560566760088e-06,2.41787317302078,weiss2009-v1-fixed-interface-eq41,0.5475886382880053,0.40420805441154883,0.04820330730044586,0.5475886382880053,0.40420805441154883,0.9517966926995541,cuda,2.6.0+cu124
weiss2009,matched coordinates + ASR,350.5453301609,12,625,256,-37.63195627188934,1.4908761669382806,0.591079039109914,0.3565822687951826,0.05233869209490338,0.591079039109914,0.3565822687951826,0.9476613079050966,1.4820922267233527e-12,5.101560566760088e-06,2.404423837084323,weiss2009-v1-fixed-interface-eq41,0.5910790391184457,0.35658226879370053,0.052338692087853744,0.5910790391184457,0.35658226879370053,0.9476613079121463,cuda,2.6.0+cu124
weiss2009,matched coordinates + ASR,353.0304115253,12,625,256,-37.0907825894381,1.4596436218572977,0.6393858422218347,0.3036104133723459,0.0570037444058194,0.6393858422218347,0.3036104133723459,0.9429962555941807,4.416134125051485e-12,5.101560566760088e-06,2.4192125140689313,weiss2009-v1-fixed-interface-eq41,0.6393858422139633,0.30361041337676203,0.05700374440927464,0.6393858422139633,0.30361041337676203,0.9429962555907254,cuda,2.6.0+cu124
weiss2009,matched coordinates + ASR,355.3972780576,12,625,256,-36.58585141268392,1.4307025546282146,0.6873409759558943,0.2510934581998362,0.06156556584426953,0.6873409759558943,0.2510934581998362,0.9384344341557305,1.1339762462370118e-11,5.101560566760088e-06,2.4072898130398244,weiss2009-v1-fixed-interface-eq41,0.6873409759324164,0.25109345821117596,0.061565565856407656,0.6873409759324164,0.25109345821117596,0.9384344341435924,cuda,2.6.0+cu124
weiss2009,matched coordinates + ASR,357.8849293097,12,625,256,-36.06589330698109,1.4011031782216226,0.7386465588777299,0.19504269647384326,0.06631074464842684,0.7386465588777299,0.19504269647384326,0.9336892553515732,1.2649936653730265e-11,5.101560566760088e-06,2.418132053106092,weiss2009-v1-fixed-interface-eq41,0.7386465588702495,0.1950426964864932,0.06631074464325726,0.7386465588702495,0.1950426964864932,0.9336892553567427,cuda,2.6.0+cu124
weiss2009,matched coordinates + ASR,360.251795842,12,625,256,-35.581128505501525,1.3736940020338668,0.7865715160540724,0.14278576293540865,0.07064272101051897,0.7865715160540724,0.14278576293540865,0.9293572789894811,8.519518424066064e-12,5.101560566760088e-06,2.4223126450087875,weiss2009-v1-fixed-interface-eq41,0.7865715160567873,0.14278576294392817,0.07064272099928451,0.7865715160567873,0.14278576294392817,0.9293572790007155,cuda,2.6.0+cu124
weiss2009,matched coordinates + ASR,362.7394470941,12,625,256,-35.081799921047626,1.3456510810245867,0.8335236523369698,0.09180565728324763,0.07467069037978258,0.8335236523369698,0.09180565728324763,0.9253293096202174,3.0576652321201436e-12,5.101560566760088e-06,2.4130210790317506,weiss2009-v1-fixed-interface-eq41,0.8335236523006831,0.09180565728018997,0.07467069041912688,0.8335236523006831,0.09180565728018997,0.9253293095808731,cuda,2.6.0+cu124
weiss2009,matched coordinates + ASR,365.108883514,12,625,256,-34.61564151771623,1.3196459485513177,0.8722951123100039,0.05018356557886961,0.0775213221111265,0.8722951123100039,0.05018356557886961,0.9224786778888735,2.989275493803234e-12,5.101560566760088e-06,2.4123328200075775,weiss2009-v1-fixed-interface-eq41,0.872295112322972,0.050183565575880336,0.0775213221011477,0.872295112322972,0.050183565575880336,0.9224786778988523,cuda,2.6.0+cu124
weiss2009,matched coordinates + ASR,367.4757500463,12,625,256,-34.15894595289467,1.2943335812932155,0.895427405490067,0.019023012889083268,0.08554958162084968,0.895427405490067,0.019023012889083268,0.9144504183791503,4.143452941862691e-12,5.101560566760088e-06,2.4126112499507144,weiss2009-v1-fixed-interface-eq41,0.8954274054691164,0.019023012884939815,0.08554958164594381,0.8954274054691164,0.019023012884939815,0.9144504183540562,cuda,2.6.0+cu124
weiss2009,matched coordinates + ASR,369.9608314108,12,625,256,-33.688825298114814,1.268448688450062,0.9069930895003447,0.003729184144267454,0.0892777263553878,0.9069930895003447,0.003729184144267454,0.9107222736446122,8.481882730893009e-13,5.101560566760088e-06,2.4014042939525098,weiss2009-v1-fixed-interface-eq41,0.9069930894755743,0.003729184145115642,0.08927772637931003,0.9069930894755743,0.003729184145115642,0.91072227362069,cuda,2.6.0+cu124
weiss2009,matched coordinates + ASR,372.3302678307,12,625,256,-33.24930466573782,1.2444070802396854,0.9073115222396898,0.005104451077393448,0.08758402668291675,0.9073115222396898,0.005104451077393448,0.9124159733170832,5.918711701302648e-13,5.101560566760088e-06,2.4301010030321777,weiss2009-v1-fixed-interface-eq41,0.9073115222459371,0.005104451077985319,0.08758402667607754,0.9073115222459371,0.005104451077985319,0.9124159733239224,cuda,2.6.0+cu124
weiss2009,matched coordinates + ASR,374.8153491951,12,625,256,-32.7972431846638,1.2198402701967492,0.888133898846832,0.02637998457938548,0.0854861165737825,0.888133898846832,0.02637998457938548,0.9145138834262175,2.6280401466127756e-12,5.101560566760088e-06,2.4674584069289267,weiss2009-v1-fixed-interface-eq41,0.8881338988422561,0.02637998458201352,0.08548611657573035,0.8881338988422561,0.02637998458201352,0.9145138834242696,cuda,2.6.0+cu124
weiss2009,matched coordinates + ASR,377.1847856151,12,625,256,-32.37449902879465,1.1970151479567872,0.8527029477536948,0.06503080406368057,0.08226624818262461,0.8527029477536948,0.06503080406368057,0.9177337518173754,3.4053315722815114e-13,5.101560566760088e-06,2.429132191929966,weiss2009-v1-fixed-interface-eq41,0.8527029477481715,0.06503080406334004,0.0822662481884885,0.8527029477481715,0.06503080406334004,0.9177337518115115,cuda,2.6.0+cu124
weiss2009,matched coordinates + ASR,379.5516521473,12,625,256,-31.96007967834379,1.1747796747711217,0.8031264188518258,0.11912318333558004,0.07775039781259417,0.8031264188518258,0.11912318333558004,0.9222496021874058,9.508532849977769e-12,5.101560566760088e-06,2.4319017799571157,weiss2009-v1-fixed-interface-eq41,0.8031264188590439,0.11912318332607151,0.07775039781488459,0.8031264188590439,0.11912318332607151,0.9222496021851154,cuda,2.6.0+cu124
weiss2009,matched coordinates + ASR,382.0393033994,12,625,256,-31.53277345506286,1.1519989991924102,0.7395428577922267,0.18859995285835546,0.07185718934941782,0.7395428577922267,0.18859995285835546,0.9281428106505822,5.076494780098528e-14,5.101560566760088e-06,2.4110565149458125,weiss2009-v1-fixed-interface-eq41,0.7395428578174603,0.1885999528583047,0.07185718932423499,0.7395428578174603,0.1885999528583047,0.928142810675765,cuda,2.6.0+cu124
weiss2009,matched coordinates + ASR,384.4061699317,12,625,256,-31.133879110344317,1.130867864772247,0.6721863647078781,0.2621760744380434,0.06563756085407851,0.6721863647078781,0.2621760744380434,0.9343624391459215,2.2442048219772914e-12,5.101560566760088e-06,2.40853922709357,weiss2009-v1-fixed-interface-eq41,0.6721863646970971,0.2621760744402876,0.06563756086261524,0.6721863646970971,0.2621760744402876,0.9343624391373848,cuda,2.6.0+cu124
weiss2009,matched coordinates + ASR,386.8912512962,12,625,256,-30.722902443544235,1.1092337210436622,0.5985966544556066,0.34247312628661924,0.05893021925777414,0.5985966544556066,0.34247312628661924,0.9410697807422259,9.02333763264096e-13,5.101560566760088e-06,2.3956249069888145,weiss2009-v1-fixed-interface-eq41,0.5985966544645971,0.3424731262857169,0.058930219249686,0.5985966544645971,0.3424731262857169,0.941069780750314,cuda,2.6.0+cu124
weiss2009,matched coordinates + ASR,389.2606877161,12,625,256,-30.33834660975793,1.0891171365014904,0.5291945940878766,0.4181798972614161,0.05262550865070731,0.5291945940878766,0.4181798972614161,0.9473744913492927,4.8754333903389124e-12,5.101560566760088e-06,2.4008770779473707,weiss2009-v1-fixed-interface-eq41,0.5291945940901935,0.41817989725654064,0.05262550865326582,0.5291945940901935,0.41817989725654064,0.9473744913467341,cuda,2.6.0+cu124
weiss2009,matched coordinates + ASR,391.7483389682,12,625,256,-29.942077967051734,1.0685168366807625,0.45983559783671984,0.4939109971491951,0.04625340501408498,0.45983559783671984,0.4939109971491951,0.953746594985915,9.903189379656396e-13,5.101560566760088e-06,2.413267813040875,weiss2009-v1-fixed-interface-eq41,0.4598355978355225,0.4939109971482048,0.046253405016272675,0.4598355978355225,0.4939109971482048,0.9537465949837274,cuda,2.6.0+cu124
weiss2009,matched coordinates + ASR,394.1152055005,12,625,256,-29.571983488152522,1.0493961894140975,0.398714199436114,0.5607437099808207,0.04054209058306524,0.398714199436114,0.5607437099808207,0.9594579094169347,2.123079489990687e-12,5.101560566760088e-06,2.4031802830286324,weiss2009-v1-fixed-interface-eq41,0.39871419943788905,0.5607437099786976,0.04054209058341329,0.39871419943788905,0.5607437099786976,0.9594579094165867,cuda,2.6.0+cu124
weiss2009,matched coordinates + ASR,396.4846419204,12,625,256,-29.20809580611596,1.0307089282960968,0.34303261637013704,0.6217433320986949,0.03522405153116803,0.34303261637013704,0.6217433320986949,0.964775948468832,2.6403323971635473e-12,5.101560566760088e-06,2.4268077600281686,weiss2009-v1-fixed-interface-eq41,0.34303261637261606,0.6217433320960546,0.03522405153132935,0.34303261637261606,0.6217433320960546,0.9647759484686707,cuda,2.6.0+cu124
weiss2009,matched coordinates + ASR,398.9697232849,12,625,256,-28.833381464187358,1.0115831789355636,0.29072807189935934,0.6791362579906645,0.030135670109976198,0.29072807189935934,0.6791362579906645,0.9698643298900238,7.714939798120213e-13,5.101560566760088e-06,2.4351459009340033,weiss2009-v1-fixed-interface-eq41,0.2907280719003575,0.679136257989893,0.03013567010974949,0.2907280719003575,0.679136257989893,0.9698643298902505,cuda,2.6.0+cu124
weiss2009,matched coordinates + ASR,401.3391597048,12,625,256,-28.482557752912683,0.993785551376731,0.2464984929812898,0.7276655131566144,0.025835993862095785,0.2464984929812898,0.7276655131566144,0.9741640061379042,2.0814461265672435e-12,5.101560566760088e-06,2.4235081719234586,weiss2009-v1-fixed-interface-eq41,0.2464984929816454,0.7276655131586959,0.025835993859658735,0.2464984929816454,0.7276655131586959,0.9741640061403413,cuda,2.6.0+cu124
weiss2009,matched coordinates + ASR,403.8242410693,12,625,256,-28.121216199631977,0.9755649315490845,0.2056692820799676,0.772420297189286,0.02191042073074645,0.2056692820799676,0.772420297189286,0.9780895792692536,1.1806111643863915e-12,5.101560566760088e-06,2.41162368201185,weiss2009-v1-fixed-interface-eq41,0.20566928208083668,0.7724202971904666,0.021910420728696756,0.20566928208083668,0.7724202971904666,0.9780895792713032,cuda,2.6.0+cu124
weiss2009,matched coordinates + ASR,406.1911076015,12,625,256,-27.78320254725155,0.9586228122745812,0.17162452178897195,0.809710166566461,0.018665311644567084,0.17162452178897195,0.809710166566461,0.9813346883554329,4.489741911584133e-13,5.101560566760088e-06,2.407910007983446,weiss2009-v1-fixed-interface-eq41,0.1716245217889412,0.80971016656691,0.018665311644148863,0.1716245217889412,0.80971016656691,0.9813346883558511,cuda,2.6.0+cu124
weiss2009,matched coordinates + ASR,408.5605440214,12,625,256,-27.450680319712724,0.9420528982667862,0.14177926977327301,0.8424035034427446,0.01581722678398234,0.14177926977327301,0.8424035034427446,0.9841827732160177,2.7844393457598926e-13,5.101560566760088e-06,2.397160639986396,weiss2009-v1-fixed-interface-eq41,0.1417792697724185,0.8424035034424662,0.015817226785115324,0.1417792697724185,0.8424035034424662,0.9841827732148847,cuda,2.6.0+cu124
weiss2009,matched coordinates + ASR,411.0456253859,12,625,256,-27.10807960512773,0.9250819382666321,0.11448632267473641,0.8723402670415017,0.013173410283761955,0.11448632267473641,0.8723402670415017,0.986826589716238,5.220268661787486e-13,5.101560566760088e-06,2.4657019410515204,weiss2009-v1-fixed-interface-eq41,0.11448632267417962,0.8723402670420237,0.013173410283796705,0.11448632267417962,0.8723402670420237,0.9868265897162033,cuda,2.6.0+cu124
weiss2009,matched coordinates + ASR,413.4150618058,12,625,256,-26.787150721380627,0.909278200113324,0.09178949704173962,0.8972750844826491,0.010935418475611192,0.09178949704173962,0.8972750844826491,0.9890645815243888,2.8395064077813004e-12,5.101560566760088e-06,2.4427322359988466,weiss2009-v1-fixed-interface-eq41,0.09178949704195853,0.8972750844854886,0.01093541847255286,0.09178949704195853,0.8972750844854886,0.9890645815274471,cuda,2.6.0+cu124
weiss2009,matched coordinates + ASR,415.9001431703,12,625,256,-26.456425845743755,0.8930874562159827,0.07100491363335215,0.9201416846072592,0.008853401759388646,0.07100491363335215,0.9201416846072592,0.9911465982406114,1.1367573549136978e-12,5.101560566760088e-06,2.3994897139491513,weiss2009-v1-fixed-interface-eq41,0.07100491363343966,0.9201416846061224,0.008853401760437918,0.07100491363343966,0.9201416846061224,0.9911465982395621,cuda,2.6.0+cu124
weiss2009,matched coordinates + ASR,418.2695795902,12,625,256,-26.14655775624,0.8780061247122042,0.05368139905373607,0.9392400457965744,0.0070785551496895804,0.05368139905373607,0.9392400457965744,0.9929214448503104,1.7108536809473662e-13,5.101560566760088e-06,2.41224021196831,weiss2009-v1-fixed-interface-eq41,0.053681399053716584,0.9392400457964033,0.007078555149880095,0.053681399053716584,0.9392400457964033,0.9929214448501199,cuda,2.6.0+cu124
weiss2009,matched coordinates + ASR,420.7546609547,12,625,256,-25.82716630130485,0.8625512784257839,0.03776770648452177,0.9568367509439212,0.005395542571557055,0.03776770648452177,0.9568367509439212,0.994604457428443,4.647393581080905e-13,5.101560566760088e-06,2.403869273024611,weiss2009-v1-fixed-interface-eq41,0.03776770648440105,0.9568367509443859,0.005395542571212997,0.03776770648440105,0.9568367509443859,0.994604457428787,cuda,2.6.0+cu124
weiss2009,matched coordinates + ASR,423.1240973746,12,625,256,-25.52785667746179,0.8481515503704588,0.02445831227259251,0.9715879140707588,0.003953773656648618,0.02445831227259251,0.9715879140707588,0.9960462263433514,3.2374103398069565e-13,5.101560566760088e-06,2.4420461009722203,weiss2009-v1-fixed-interface-eq41,0.024458312272554288,0.9715879140710826,0.00395377365636318,0.024458312272554288,0.9715879140710826,0.9960462263436368,cuda,2.6.0+cu124
weiss2009,matched coordinates + ASR,425.4909639068,12,625,256,-25.233843234350317,0.8340856220310677,0.012762565348376557,0.9846003840752245,0.002637050576398847,0.012762565348376557,0.9846003840752245,0.9973629494236012,4.013456234019941e-13,5.101560566760088e-06,2.4062015309464186,weiss2009-v1-fixed-interface-eq41,0.012762565348304352,0.9846003840756259,0.002637050576069777,0.012762565348304352,0.9846003840756259,0.9973629494239302,cuda,2.6.0+cu124
weiss2009,matched coordinates + ASR,427.978615159,12,625,256,-24.930061532757477,0.8196350759651475,0.0037000452324039445,0.9933532863088819,0.0029466684587141634,0.0037000452324039445,0.9933532863088819,0.9970533315412858,7.37854222165879e-13,5.101560566760088e-06,2.443746256059967,weiss2009-v1-fixed-interface-eq41,0.003700045231893947,0.9933532863096197,0.0029466684584863456,0.003700045231893947,0.9933532863096197,0.9970533315415137,cuda,2.6.0+cu124
weiss2009,matched coordinates + ASR,430.3454816912,12,625,256,-24.645900076666646,0.8061943600573214,0.07834918125238964,0.9200089172332879,0.0016419015143224192,0.005749594548689041,0.8478809082585359,0.9983580984856776,8.182343691487404e-14,5.101560566760088e-06,2.4059602870838717,weiss2009-v1-fixed-interface-eq41,0.07834918125230075,0.9200089172333697,0.0016419015143295246,0.005749594548668777,0.8478809082587083,0.9983580984856705,cuda,2.6.0+cu124
weiss2009,matched coordinates + ASR,432.8331329434,12,625,256,-24.35224123938994,0.7923825774676843,0.10884478312949357,0.8889835440118913,0.0021716728586151923,0.011528547259707594,0.792303742878186,0.9978283271413848,8.426592756904938e-14,5.101560566760088e-06,2.400674503063783,weiss2009-v1-fixed-interface-eq41,0.10884478312983834,0.888983544011807,0.002171672858354623,0.011528547259717166,0.7923037428780106,0.9978283271416454,cuda,2.6.0+cu124
weiss2009,matched coordinates + ASR,435.1999994756,12,625,256,-24.077496609502326,0.7795327247230077,0.12829347514931497,0.8691066991342691,0.0025998257164159266,0.016225329618613307,0.7577772430816146,0.9974001742835841,1.3500311979441904e-13,5.101560566760088e-06,2.4196796459145844,weiss2009-v1-fixed-interface-eq41,0.12829347514912387,0.8691066991344041,0.002599825716472104,0.016225329618591897,0.7577772430817664,0.9974001742835279,cuda,2.6.0+cu124
weiss2009,matched coordinates + ASR,437.6850808401,12,625,256,-23.79380683688277,0.7663382933441976,0.1438856562906088,0.8531896669257573,0.0029246767836339504,0.020552031039953348,0.7306571738388189,0.997075323216366,2.788880237858393e-13,5.101560566760088e-06,2.4199385970132425,weiss2009-v1-fixed-interface-eq41,0.14388565629066635,0.8531896669254784,0.002924676783855329,0.020552031040018827,0.7306571738386297,0.9970753232161447,cuda,2.6.0+cu124
weiss2009,matched coordinates + ASR,440.05451726,12,625,256,-23.527776752945588,0.7540337040404509,0.15588421061894991,0.8409531650756702,0.0031626243053798353,0.024220562688523132,0.7101139271896368,0.99683737569462,4.539701947692265e-13,5.101560566760088e-06,2.432247507967986,weiss2009-v1-fixed-interface-eq41,0.15588421061889457,0.8409531650752162,0.0031626243058892056,0.024220562688576263,0.7101139271892662,0.9968373756941108,cuda,2.6.0+cu124
weiss2009,matched coordinates + ASR,442.4213837923,12,625,256,-23.266285769815482,0.7420040150400591,0.16590865457035786,0.8307057807106101,0.0033855647190320637,0.027516658370326984,0.6931318875879854,0.9966144352809679,8.79296635503124e-14,5.101560566760088e-06,2.421283766045235,weiss2009-v1-fixed-interface-eq41,0.16590865457048942,0.830705780710698,0.0033855647188125726,0.0275166583703938,0.693131887588068,0.9966144352811874,cuda,2.6.0+cu124
weiss2009,matched coordinates + ASR,444.9090350444,12,625,256,-22.995930788105504,0.7296346204435552,0.17487457665253808,0.8215064615233483,0.003618961824113587,0.03064693175257601,0.6780624027373748,0.9963810381758864,1.197930643570544e-13,5.101560566760088e-06,2.4042748040519655,weiss2009-v1-fixed-interface-eq41,0.174874576652764,0.8215064615232285,0.0036189618240075605,0.030646931752624843,0.6780624027371229,0.9963810381759926,cuda,2.6.0+cu124
weiss2009,matched coordinates + ASR,447.2759015767,12,625,256,-22.74287391092045,0.7181197048373072,0.1822626804960933,0.8139104939305694,0.0038268255733373557,0.033355607171030394,0.6657305776471841,0.9961731744266626,1.7008616737257398e-13,5.101560566760088e-06,2.459449629066512,weiss2009-v1-fixed-interface-eq41,0.18226268049615557,0.8139104939303993,0.0038268255734451584,0.033355607171026265,0.6657305776470083,0.9961731744265548,cuda,2.6.0+cu124
weiss2009,matched coordinates + ASR,449.7635528288,12,625,256,-22.48119237749724,0.706276807248097,0.18908872042784033,0.8068984193988062,0.00401286017335345,0.03595998258947312,0.6544143672368937,0.9959871398266466,1.992850329202156e-13,5.101560566760088e-06,2.4572969709988683,weiss2009-v1-fixed-interface-eq41,0.1890887204277018,0.806898419398607,0.0040128601736911795,0.035959982589474755,0.6544143672369598,0.9959871398263087,cuda,2.6.0+cu124
weiss2009,matched coordinates + ASR,452.1304193611,12,625,256,-22.236210865287855,0.6952494259704297,0.19484743707925042,0.8009890757746879,0.0041634871460616285,0.038234332729768804,0.6449205575152609,0.9958365128539384,3.7991831902672857e-13,5.101560566760088e-06,2.390034668962471,weiss2009-v1-fixed-interface-eq41,0.19484743707948454,0.8009890757750678,0.004163487145447564,0.038234332729721064,0.6449205575154316,0.9958365128545523,cuda,2.6.0+cu124
weiss2009,matched coordinates + ASR,454.499855781,12,625,256,-21.99478238961769,0.6844387848902913,0.1999979455298161,0.795696622082604,0.004305432387579855,0.04033270125364648,0.6364556599623473,0.9956945676124201,3.5704772471945034e-13,5.101560566760088e-06,2.4056669289711863,weiss2009-v1-fixed-interface-eq41,0.1999979455298354,0.7956966220829611,0.004305432387203489,0.04033270125362538,0.6364556599625787,0.9956945676127965,cuda,2.6.0+cu124
weiss2009,matched coordinates + ASR,456.9849371454,12,625,256,-21.74558978539577,0.6733399376190564,0.20483461817812587,0.790713507436981,0.00445187438489314,0.042362214750403374,0.6285193949486534,0.9955481256151069,6.050715484207103e-14,5.101560566760088e-06,2.41963938891422,weiss2009-v1-fixed-interface-eq41,0.2048346181779167,0.7907135074369205,0.004451874385162813,0.042362214750410715,0.6285193949487807,0.9955481256148372,cuda,2.6.0+cu124
weiss2009,matched coordinates + ASR,459.3543735654,12,625,256,-21.511745717643187,0.6629799219422307,0.20898635321797243,0.7864259074035622,0.00458773937846535,0.04415162027984204,0.6217147240793326,0.9954122606215347,1.0202949596305189e-13,5.101560566760088e-06,2.387963410001248,weiss2009-v1-fixed-interface-eq41,0.20898635321862297,0.7864259074034602,0.0045877393779168996,0.04415162028003815,0.6217147240786269,0.9954122606220832,cuda,2.6.0+cu124
weiss2009,matched coordinates + ASR,461.8394549298,12,625,256,-21.27034071229684,0.6523413180139099,0.2129244416180664,0.7823471146822194,0.004728443699714147,0.04588993181885774,0.6152662116731794,0.9952715563002859,2.2648549702353193e-14,5.101560566760088e-06,2.400781408068724,weiss2009-v1-fixed-interface-eq41,0.2129244416181705,0.7823471146821968,0.004728443699632767,0.04588993181893201,0.6152662116728753,0.9952715563003672,cuda,2.6.0+cu124
weiss2009,matched coordinates + ASR,464.2088913497,12,625,256,-21.04376675452891,0.6424086941064967,0.21632545657756067,0.7788073314489181,0.004867211973521246,0.04742558002120794,0.6096971921502835,0.9951327880264788,3.9102054927298013e-13,5.101560566760088e-06,2.4133448619395494,weiss2009-v1-fixed-interface-eq41,0.21632545657761199,0.7788073314485271,0.004867211973860863,0.047425580021255874,0.6096971921500313,0.9951327880261391,cuda,2.6.0+cu124
weiss2009,matched coordinates + ASR,466.6939727142,12,625,256,-20.809828290049516,0.6322067255626762,0.21956611858426886,0.7754239135257118,0.0050099678900192846,0.04892115603874642,0.6043910134817646,0.9949900321099807,2.7644553313166398e-14,5.101560566760088e-06,2.4315746349748224,weiss2009-v1-fixed-interface-eq41,0.21956611858424452,0.7754239135257395,0.005009967890015954,0.04892115603874585,0.604391013481885,0.994990032109984,cuda,2.6.0+cu124
weiss2009,matched coordinates + ASR,469.0634091341,12,625,256,-20.59022625334932,0.6226796823655026,0.22238297321054434,0.7724833921563551,0.00513363463310057,0.05024927514764413,0.59978081660468,0.9948663653668994,4.778399897986674e-13,5.101560566760088e-06,2.4346042058896273,weiss2009-v1-fixed-interface-eq41,0.22238297321013822,0.7724833921568329,0.00513363463302885,0.05024927514750713,0.599780816605297,0.9948663653669712,cuda,2.6.0+cu124
weiss2009,matched coordinates + ASR,471.4302756664,12,625,256,-20.37415627484352,0.613353104579169,0.22495634291571912,0.7697993753839623,0.005244281700318654,0.05148870046747994,0.5955687439622739,0.9947557182996813,8.677503160470224e-13,5.101560566760088e-06,2.432667904999107,weiss2009-v1-fixed-interface-eq41,0.224956342915816,0.7697993753830945,0.0052442817010894816,0.05148870046765013,0.59556874396158,0.9947557182989105,cuda,2.6.0+cu124
weiss2009,matched coordinates + ASR,473.9153570309,12,625,256,-20.150765666296255,0.6037600444096654,0.2274221438758212,0.7672337748725039,0.005344081251674959,0.05270209146180052,0.5915338811291286,0.994655918748325,1.559863349598345e-13,5.101560566760088e-06,2.4412090410478413,weiss2009-v1-fixed-interface-eq41,0.22742214387601734,0.7672337748726599,0.005344081251322796,0.05270209146183006,0.5915338811289753,0.9946559187486772,cuda,2.6.0+cu124
weiss2009,matched coordinates + ASR,476.2847934508,12,625,256,-19.94101536854651,0.5947987909402019,0.2295550671172401,0.7650137028415452,0.005431230041214596,0.05377760054869691,0.5880377351946373,0.9945687699587853,1.2301271112846734e-13,5.101560566760088e-06,2.441338776028715,weiss2009-v1-fixed-interface-eq41,0.22955506711850704,0.7650137028414222,0.005431230040070734,0.05377760054896186,0.5880377351936752,0.9945687699599293,cuda,2.6.0+cu124
weiss2009,matched coordinates + ASR,478.7698748153,12,625,256,-19.72436155267259,0.5855896629008525,0.23155028665443494,0.7629016300184024,0.005548083327162612,0.05481932253250137,0.5847319156626798,0.9944519166728374,1.0491607582707729e-13,5.101560566760088e-06,2.411683615995571,weiss2009-v1-fixed-interface-eq41,0.23155028665440347,0.7629016300182975,0.005548083327299058,0.05481932253245859,0.5847319156630358,0.9944519166727009,cuda,2.6.0+cu124
weiss2009,matched coordinates + ASR,481.1393112352,12,625,256,-19.520905093583494,0.5769852712475362,0.23323403432764933,0.7610751401516597,0.005690825520691001,0.05573459410735372,0.5819005608087201,0.994309174479309,1.8252066524837574e-13,5.101560566760088e-06,2.4050969190429896,weiss2009-v1-fixed-interface-eq41,0.2332340343285949,0.7610751401518422,0.005690825519562903,0.055734594107457354,0.5819005608084622,0.9943091744804371,cuda,2.6.0+cu124
weiss2009,matched coordinates + ASR,483.6269624873,12,625,256,-19.3105042729655,0.5681320091916806,0.23481681265668292,0.75934205533794,0.005841132005377059,0.0566249330490193,0.5792203755870771,0.9941588679946229,3.211875210240578e-13,5.101560566760088e-06,2.4236901599215344,weiss2009-v1-fixed-interface-eq41,0.23481681265603654,0.7593420553382612,0.005841132005702243,0.05662493304883227,0.5792203755878065,0.9941588679942976,cuda,2.6.0+cu124
weiss2009,matched coordinates + ASR,241.8545015886,12,625,512,-80.02450247157323,4.532118482777158,0.05004580007515702,0.9445042961878509,0.005449903736992057,0.05004580007515702,0.9445042961878509,0.9945500962630079,4.693356814300387e-12,1.6469039775093884e-06,2.608326958026737,weiss2009-v1-fixed-interface-eq41,0.05004580007685206,0.9445042961925443,0.005449903730603611,0.05004580007685206,0.9445042961925443,0.9945500962693964,cuda,2.6.0+cu124
weiss2009,matched coordinates + ASR,244.2213681208,12,625,512,-78.46639884421907,4.401887410845489,0.051993115243262125,0.9423915974774534,0.005615287279284509,0.051993115243262125,0.9423915974774534,0.9943847127207155,7.888134589961737e-12,1.6469039775093884e-06,2.51833433797583,weiss2009-v1-fixed-interface-eq41,0.051993115243593235,0.9423915974695652,0.005615287286841464,0.051993115243593235,0.9423915974695652,0.9943847127131584,cuda,2.6.0+cu124
weiss2009,matched coordinates + ASR,246.5908045407,12,625,512,-76.95114628652054,4.276462673920101,0.05402907419675486,0.9401261443792667,0.0058447814239784845,0.05402907419675486,0.9401261443792667,0.9941552185760215,3.820055383130239e-12,1.6469039775093884e-06,2.476033429033123,weiss2009-v1-fixed-interface-eq41,0.05402907419556572,0.9401261443830867,0.005844781421347589,0.05402907419556572,0.9401261443830867,0.9941552185786524,cuda,2.6.0+cu124
weiss2009,matched coordinates + ASR,249.0758859052,12,625,512,-75.40798889097752,4.149981327011089,0.05625532644619096,0.9376220496621438,0.006122623891665291,0.05625532644619096,0.9376220496621438,0.9938773761083347,1.8118839761882555e-13,1.6469039775093884e-06,2.467889914056286,weiss2009-v1-fixed-interface-eq41,0.056255326445712815,0.937622049662325,0.0061226238919621645,0.056255326445712815,0.937622049662325,0.9938773761080378,cuda,2.6.0+cu124
weiss2009,matched coordinates + ASR,251.4427524375,12,625,512,-73.98041294276884,4.034110251078932,0.05847042026035623,0.9351566474858887,0.006372932253755126,0.05847042026035623,0.9351566474858887,0.9936270677462449,3.3222313788883184e-12,1.6469039775093884e-06,2.4998006660025567,weiss2009-v1-fixed-interface-eq41,0.05847042026159672,0.9351566474892109,0.006372932249192331,0.05847042026159672,0.9351566474892109,0.9936270677508077,cuda,2.6.0+cu124
weiss2009,matched coordinates + ASR,253.9304036896,12,625,512,-72.52264229156084,3.9169268480175425,0.060921152191036755,0.9324877883992007,0.0065910594097625674,0.060921152191036755,0.9324877883992007,0.9934089405902374,3.833933170938053e-12,1.6469039775093884e-06,2.47141521202866,weiss2009-v1-fixed-interface-eq41,0.06092115218888681,0.9324877884030346,0.006591059408078581,0.06092115218888681,0.9324877884030346,0.9934089405919214,cuda,2.6.0+cu124
weiss2009,matched coordinates + ASR,256.2972702219,12,625,512,-71.17472688539321,3.8096074371555537,0.06338598064597528,0.9298124087987747,0.006801610555249971,0.06338598064597528,0.9298124087987747,0.99319838944475,1.673328142715036e-12,1.6469039775093884e-06,2.5154274130472913,weiss2009-v1-fixed-interface-eq41,0.06338598064714028,0.9298124087971014,0.006801610555758342,0.06338598064714028,0.9298124087971014,0.9931983894442417,cuda,2.6.0+cu124
weiss2009,matched coordinates + ASR,258.6667066418,12,625,512,-69.86210479427548,3.7060610706248425,0.0659813255322516,0.9269426201557256,0.00707605431202285,0.0659813255322516,0.9269426201557256,0.9929239456879771,6.396883023285227e-12,1.6469039775093884e-06,2.486452738987282,weiss2009-v1-fixed-interface-eq41,0.06598132553209081,0.9269426201493287,0.007076054318580494,0.06598132553209081,0.9269426201493287,0.9929239456814195,cuda,2.6.0+cu124
weiss2009,matched coordinates + ASR,261.1517880063,12,625,512,-68.52348717331836,3.6014517532997967,0.06883306109909437,0.923742528806003,0.007424410094902578,0.06883306109909437,0.923742528806003,0.9925755899050974,5.1381121579652245e-12,1.6469039775093884e-06,2.484667195007205,weiss2009-v1-fixed-interface-eq41,0.06883306109766035,0.9237425288008649,0.007424410101474654,0.06883306109766035,0.9237425288008649,0.9925755898985253,cuda,2.6.0+cu124
weiss2009,matched coordinates + ASR,263.5212244262,12,625,512,-67.28214617752515,3.5053438089583424,0.07169070921071259,0.9205655972507444,0.007743693538542984,0.07169070921071259,0.9205655972507444,0.992256306461457,6.313949363345728e-12,1.6469039775093884e-06,2.4807967849774286,weiss2009-v1-fixed-interface-eq41,0.0716907092103205,0.9205655972444304,0.007743693545249064,0.0716907092103205,0.9205655972444304,0.9922563064547509,cuda,2.6.0+cu124
weiss2009,matched coordinates + ASR,266.0063057906,12,625,512,-66.01557193904029,3.4081825919687763,0.07485651422545041,0.917097876122733,0.008045609651816665,0.07485651422545041,0.917097876122733,0.9919543903481833,3.478883847662928e-12,1.6469039775093884e-06,2.479074197006412,weiss2009-v1-fixed-interface-eq41,0.074856514222987,0.9170978761192541,0.008045609657758912,0.074856514222987,0.9170978761192541,0.9919543903422411,cuda,2.6.0+cu124
weiss2009,matched coordinates + ASR,268.3757422106,12,625,512,-64.84044705852277,3.3188572263148157,0.07804329667398632,0.9136342307549855,0.008322472571028139,0.07804329667398632,0.9136342307549855,0.9916775274289719,1.1290968160437842e-13,1.6469039775093884e-06,2.5051254599820822,weiss2009-v1-fixed-interface-eq41,0.07804329667008823,0.9136342307550984,0.008322472574813333,0.07804329667008823,0.9136342307550984,0.9916775274251867,cuda,2.6.0+cu124
weiss2009,matched coordinates + ASR,270.860823575,12,625,512,-63.64084190058779,3.2284931322169763,0.08157354655958089,0.9098090074856947,0.008617445954724356,0.08157354655958089,0.9098090074856947,0.9913825540452756,2.6899593663642918e-12,1.6469039775093884e-06,2.47420506097842,weiss2009-v1-fixed-interface-eq41,0.0815735465609409,0.9098090074883847,0.008617445950674485,0.0815735465609409,0.9098090074883847,0.9913825540493255,cuda,2.6.0+cu124
weiss2009,matched coordinates + ASR,273.2302599949,12,625,512,-62.527309804176106,3.1453626587060817,0.08514205571259839,0.9059527978794382,0.008905146407963471,0.08514205571259839,0.9059527978794382,0.9910948535920365,1.0518252935298733e-12,1.6469039775093884e-06,2.4723705908982083,weiss2009-v1-fixed-interface-eq41,0.0851420557129421,0.9059527978783863,0.008905146408671571,0.0851420557129421,0.9059527978783863,0.9910948535913284,cuda,2.6.0+cu124
weiss2009,matched coordinates + ASR,275.5971265272,12,625,512,-61.44344413775705,3.065146391372825,0.08891935747203888,0.9018650842731841,0.009215558254777045,0.08891935747203888,0.9018650842731841,0.990784441745223,1.5029089084350744e-12,1.6469039775093884e-06,2.4751510500209406,weiss2009-v1-fixed-interface-eq41,0.08891935747173815,0.9018650842716812,0.009215558256580603,0.08891935747173815,0.9018650842716812,0.9907844417434194,cuda,2.6.0+cu124
weiss2009,matched coordinates + ASR,278.0847777793,12,625,512,-60.33387170639001,2.98374855256041,0.09312868485245676,0.8973105930153238,0.009560722132219479,0.09312868485245676,0.8973105930153238,0.9904392778677805,5.694222870999965e-12,1.6469039775093884e-06,2.5444789660396054,weiss2009-v1-fixed-interface-eq41,0.09312868485088195,0.897310593021018,0.009560722128099997,0.09312868485088195,0.897310593021018,0.9904392778719,cuda,2.6.0+cu124
weiss2009,matched coordinates + ASR,280.4516443116,12,625,512,-59.30538113003202,2.908955872456288,0.09738155900142786,0.8927289083644036,0.009889532634168585,0.09738155900142786,0.8927289083644036,0.9901104673658314,1.9970691766957316e-12,1.6469039775093884e-06,2.4781033830950037,weiss2009-v1-fixed-interface-eq41,0.09738155900249998,0.8927289083624065,0.009889532635093512,0.09738155900249998,0.8927289083624065,0.9901104673649065,cuda,2.6.0+cu124
weiss2009,matched coordinates + ASR,282.9367256761,12,625,512,-58.25309415934732,2.833092588264268,0.10213525860741812,0.8876261822586735,0.010238559133908365,0.10213525860741812,0.8876261822586735,0.9897614408660916,1.000310945187266e-13,1.6469039775093884e-06,2.4575769879156724,weiss2009-v1-fixed-interface-eq41,0.10213525860684577,0.8876261822585735,0.010238559134580716,0.10213525860684577,0.8876261822585735,0.9897614408654193,cuda,2.6.0+cu124
weiss2009,matched coordinates + ASR,285.306162096,12,625,512,-57.27519861586072,2.763195850223912,0.10696874417839222,0.8824307683923149,0.01060048742929287,0.10696874417839222,0.8824307683923149,0.9893995125707071,1.591948795010012e-12,1.6469039775093884e-06,2.4813195649767295,weiss2009-v1-fixed-interface-eq41,0.10696874417724937,0.8824307683939069,0.010600487428843786,0.10696874417724937,0.8824307683939069,0.9893995125711562,cuda,2.6.0+cu124
weiss2009,matched coordinates + ASR,287.6730286282,12,625,512,-56.32231749295886,2.695650923096006,0.11210666492661055,0.8768789821189845,0.011014352954404893,0.11210666492661055,0.8768789821189845,0.9889856470455951,1.5472068071176182e-12,1.6469039775093884e-06,2.4586808930616826,weiss2009-v1-fixed-interface-eq41,0.11210666492758552,0.8768789821174373,0.011014352954977213,0.11210666492758552,0.8768789821174373,0.9889856470450228,cuda,2.6.0+cu124
weiss2009,matched coordinates + ASR,290.1606798804,12,625,512,-55.34576411954094,2.6270102664391213,0.11786659253120572,0.8706435896149072,0.011489817853887141,0.11786659253120572,0.8706435896149072,0.9885101821461129,2.3206991883739647e-12,1.6469039775093884e-06,2.466139705036767,weiss2009-v1-fixed-interface-eq41,0.11786659253079862,0.8706435896125865,0.011489817856614848,0.11786659253079862,0.8706435896125865,0.988510182143385,cuda,2.6.0+cu124
weiss2009,matched coordinates + ASR,292.5275464126,12,625,512,-54.43959360879721,2.563848312046004,0.12372486718152279,0.8642967093958309,0.011978423422646323,0.12372486718152279,0.8642967093958309,0.9880215765773537,1.4412915305683782e-12,1.6469039775093884e-06,2.4559272890910506,weiss2009-v1-fixed-interface-eq41,0.12372486718087508,0.8642967093943896,0.011978423424735318,0.12372486718087508,0.8642967093943896,0.9880215765752647,cuda,2.6.0+cu124
weiss2009,matched coordinates + ASR,295.0151976648,12,625,512,-53.51052461726099,2.499625980368256,0.13031447852527478,0.857142820215072,0.012542701259653177,0.13031447852527478,0.857142820215072,0.9874572987403468,3.099742684753437e-13,1.6469039775093884e-06,2.4623189420672134,weiss2009-v1-fixed-interface-eq41,0.13031447852669,0.8571428202147621,0.01254270125854795,0.13031447852669,0.8571428202147621,0.987457298741452,cuda,2.6.0+cu124
weiss2009,matched coordinates + ASR,297.382064197,12,625,512,-52.64806291205903,2.440497297438732,0.13703242864186693,0.8498447104661724,0.013122860891960686,0.13703242864186693,0.8498447104661724,0.9868771391080393,4.548583731889266e-13,1.6469039775093884e-06,2.4870025790296495,weiss2009-v1-fixed-interface-eq41,0.13703242864236082,0.8498447104657175,0.013122860891921717,0.13703242864236082,0.8498447104657175,0.9868771391080784,cuda,2.6.0+cu124
weiss2009,matched coordinates + ASR,299.8697154492,12,625,512,-51.763450988390815,2.38034355112801,0.14461388309495313,0.8416133742317944,0.013772742673252458,0.14461388309495313,0.8416133742317944,0.9862272573267475,6.791234241632083e-13,1.6469039775093884e-06,2.4830656789708883,weiss2009-v1-fixed-interface-eq41,0.14461388309433137,0.8416133742311153,0.013772742674553418,0.14461388309433137,0.8416133742311153,0.9862272573254467,cuda,2.6.0+cu124
weiss2009,matched coordinates + ASR,302.2365819814,12,625,512,-50.941933439994926,2.324931381750815,0.15237161333737118,0.8331953837812373,0.014433002881391599,0.15237161333737118,0.8331953837812373,0.9855669971186084,2.5439650386260837e-12,1.6469039775093884e-06,2.450509425951168,weiss2009-v1-fixed-interface-eq41,0.15237161333928864,0.8331953837786933,0.014433002882018098,0.15237161333928864,0.8331953837786933,0.9855669971179819,cuda,2.6.0+cu124
weiss2009,matched coordinates + ASR,304.6060184013,12,625,512,-50.138580289819835,2.271167916104143,0.16072405088263622,0.8241485560115006,0.015127393105863196,0.16072405088263622,0.8241485560115006,0.9848726068941368,5.019318294330333e-13,1.6469039775093884e-06,2.4686900430824608,weiss2009-v1-fixed-interface-eq41,0.16072405088415168,0.8241485560120025,0.01512739310384581,0.16072405088415168,0.8241485560120025,0.9848726068961542,cuda,2.6.0+cu124
weiss2009,matched coordinates + ASR,307.0910997658,12,625,512,-49.31586557576967,2.216546138645037,0.17018812452665935,0.8139231157810685,0.015888759692272214,0.17018812452665935,0.8139231157810685,0.9841112403077278,5.136224778823362e-12,1.6469039775093884e-06,2.4904554670210928,weiss2009-v1-fixed-interface-eq41,0.1701881245291797,0.8139231157759322,0.01588875969488812,0.1701881245291797,0.8139231157759322,0.984111240305112,cuda,2.6.0+cu124
weiss2009,matched coordinates + ASR,309.4605361857,12,625,512,-48.549775640035094,2.1660849058481086,0.17995255210658684,0.8033819930004955,0.016665454892917708,0.17995255210658684,0.8033819930004955,0.9833345451070823,2.3359092438113294e-12,1.6469039775093884e-06,2.4828270989237353,weiss2009-v1-fixed-interface-eq41,0.179952552105174,0.8033819930028314,0.016665454891994558,0.179952552105174,0.8033819930028314,0.9833345451080054,cuda,2.6.0+cu124
weiss2009,matched coordinates + ASR,311.9456175502,12,625,512,-47.76493033399451,2.114792574156757,0.1910533935371981,0.7914233003206057,0.017523306142196216,0.1910533935371981,0.7914233003206057,0.9824766938578038,6.540323838066797e-13,1.6469039775093884e-06,2.477649718988687,weiss2009-v1-fixed-interface-eq41,0.19105339353185388,0.7914233003212597,0.017523306146886353,0.19105339353185388,0.7914233003212597,0.9824766938531136,cuda,2.6.0+cu124
weiss2009,matched coordinates + ASR,314.3150539701,12,625,512,-47.03383556511832,2.0673839604234265,0.2025661934306392,0.7790677728845631,0.018366033684797722,0.2025661934306392,0.7790677728845631,0.9816339663152023,4.4857451086954825e-12,1.6469039775093884e-06,2.5534414669964463,weiss2009-v1-fixed-interface-eq41,0.20256619343086849,0.7790677728890488,0.018366033680082716,0.20256619343086849,0.7790677728890488,0.9816339663199173,cuda,2.6.0+cu124
weiss2009,matched coordinates + ASR,316.8001353346,12,625,512,-46.28457206352675,2.019171286891906,0.21573482742477235,0.7649404284977261,0.01932474407750151,0.21573482742477235,0.7649404284977261,0.9806752559224985,3.607003584704671e-12,1.6469039775093884e-06,2.4811226789606735,weiss2009-v1-fixed-interface-eq41,0.21573482741976058,0.7649404284941191,0.019324744086120282,0.21573482741976058,0.7649404284941191,0.9806752559138797,cuda,2.6.0+cu124
weiss2009,matched coordinates + ASR,319.1670018668,12,625,512,-45.58712315113076,1.974635616144789,0.2294124262492729,0.7502260399284718,0.02036153382225525,0.2294124262492729,0.7502260399284718,0.9796384661777447,3.020916850005051e-13,1.6469039775093884e-06,2.4700831150403246,weiss2009-v1-fixed-interface-eq41,0.22941242625086486,0.7502260399281697,0.020361533820965394,0.22941242625086486,0.7502260399281697,0.9796384661790346,cuda,2.6.0+cu124
weiss2009,matched coordinates + ASR,321.5364382867,12,625,512,-44.90425082265586,1.9313534715823748,0.2443332112014326,0.7341523381013988,0.02151445069716862,0.2443332112014326,0.7341523381013988,0.9784855493028314,5.788480805790641e-12,1.6469039775093884e-06,2.4731490389676765,weiss2009-v1-fixed-interface-eq41,0.2443332112017496,0.7341523381071873,0.02151445069106317,0.2443332112017496,0.7341523381071873,0.9784855493089368,cuda,2.6.0+cu124
weiss2009,matched coordinates + ASR,324.0215196512,12,625,512,-44.20404668489121,1.8873068562210258,0.2614645614591552,0.7156755803209915,0.022859858219853257,0.2614645614591552,0.7156755803209915,0.9771401417801467,2.109312724485335e-12,1.6469039775093884e-06,2.504777283058502,weiss2009-v1-fixed-interface-eq41,0.26146456145940894,0.7156755803188822,0.022859858221708884,0.26146456145940894,0.7156755803188822,0.9771401417782912,cuda,2.6.0+cu124
weiss2009,matched coordinates + ASR,326.3909560711,12,625,512,-43.55123252907665,1.8465482679765939,0.27935905733780586,0.6963167637728567,0.024324178889337467,0.27935905733780586,0.6963167637728567,0.9756758211106625,1.3750112159982564e-12,1.6469039775093884e-06,2.5113239400088787,weiss2009-v1-fixed-interface-eq41,0.2793590573393015,0.6963167637742317,0.024324178886466874,0.2793590573393015,0.6963167637742317,0.9756758211135332,cuda,2.6.0+cu124
weiss2009,matched coordinates + ASR,328.8760374356,12,625,512,-42.88162560037898,1.8050512368476832,0.29993124140340705,0.6740012344220646,0.0260675241745284,0.29993124140340705,0.6740012344220646,0.9739324758254717,6.3931082650015014e-12,1.6469039775093884e-06,2.527095030993223,weiss2009-v1-fixed-interface-eq41,0.2999312414019598,0.6740012344284577,0.026067524169582468,0.2999312414019598,0.6740012344284577,0.9739324758304175,cuda,2.6.0+cu124
weiss2009,matched coordinates + ASR,331.2454738555,12,625,512,-42.25713202189483,1.7666349850342629,0.3214605350762653,0.6506150171206084,0.027924447803126196,0.3214605350762653,0.6506150171206084,0.9720755521968738,1.5913603768069606e-11,1.6469039775093884e-06,2.4677005300763994,weiss2009-v1-fixed-interface-eq41,0.3214605350756823,0.650615017136522,0.02792444778779568,0.3214605350756823,0.650615017136522,0.9720755522122043,cuda,2.6.0+cu124
weiss2009,matched coordinates + ASR,333.6123403878,12,625,512,-41.646523994588016,1.7293408055006454,0.3450387626455669,0.6249765402389735,0.02998469711545959,0.3450387626455669,0.6249765402389735,0.9700153028845404,1.1116663145571692e-12,1.6469039775093884e-06,2.475983625976369,weiss2009-v1-fixed-interface-eq41,0.34503876264277944,0.6249765402378619,0.029984697119358694,0.34503876264277944,0.6249765402378619,0.9700153028806413,cuda,2.6.0+cu124
weiss2009,matched coordinates + ASR,336.0999916399,12,625,512,-41.01857929737144,1.691266006764551,0.37228110276896026,0.5953216376927433,0.03239725953829642,0.37228110276896026,0.5953216376927433,0.9676027404617036,5.629052779454469e-12,1.6469039775093884e-06,2.471324066980742,weiss2009-v1-fixed-interface-eq41,0.37228110276851545,0.5953216376871142,0.03239725954437034,0.37228110276851545,0.5953216376871142,0.9676027404556297,cuda,2.6.0+cu124
weiss2009,matched coordinates + ASR,338.4668581722,12,625,512,-40.433904211689516,1.6560702862085726,0.40076443765617026,0.5642819974451881,0.03495356489864154,0.40076443765617026,0.5642819974451881,0.9650464351013583,4.195643832360929e-12,1.6469039775093884e-06,2.5047677389811724,weiss2009-v1-fixed-interface-eq41,0.4007644376536666,0.5642819974409925,0.03495356490534096,0.4007644376536666,0.5642819974409925,0.965046435094659,cuda,2.6.0+cu124
weiss2009,matched coordinates + ASR,340.9545094243,12,625,512,-39.83244177614299,1.620122935002221,0.4336145428859935,0.5284388543699221,0.03794660274408446,0.4336145428859935,0.5284388543699221,0.9620533972559155,4.377387341492067e-12,1.6469039775093884e-06,2.4904958580154926,weiss2009-v1-fixed-interface-eq41,0.43361454288824786,0.5284388543655447,0.037946602746207425,0.43361454288824786,0.5284388543655447,0.9620533972537926,cuda,2.6.0+cu124
weiss2009,matched coordinates + ASR,343.3213759566,12,625,512,-39.272252387687026,1.5868801691193748,0.467836769443169,0.4910860806647046,0.04107714989212641,0.467836769443169,0.4910860806647046,0.9589228501078736,6.2506111397908626e-12,1.6469039775093884e-06,2.4763174790423363,weiss2009-v1-fixed-interface-eq41,0.46783676944412445,0.4910860806709552,0.04107714988492034,0.46783676944412445,0.4910860806709552,0.9589228501150797,cuda,2.6.0+cu124
weiss2009,matched coordinates + ASR,345.8090272087,12,625,512,-38.69580451996456,1.5529137646591094,0.5071011503926334,0.4482386257229964,0.04466022388437024,0.5071011503926334,0.4482386257229964,0.9553397761156297,7.742362306828454e-12,1.6469039775093884e-06,2.49100678996183,weiss2009-v1-fixed-interface-eq41,0.5071011503827472,0.44823862573073875,0.04466022388651408,0.5071011503827472,0.44823862573073875,0.9553397761134859,cuda,2.6.0+cu124
weiss2009,matched coordinates + ASR,348.1758937409,12,625,512,-38.1587531014873,1.5214903870244547,0.5476276164508256,0.4039827567801844,0.04838962676899,0.5476276164508256,0.4039827567801844,0.9516103732310099,5.64104318812042e-13,1.6469039775093884e-06,2.4765756690176204,weiss2009-v1-fixed-interface-eq41,0.5476276164622591,0.4039827567807485,0.04838962675699238,0.5476276164622591,0.4039827567807485,0.9516103732430077,cuda,2.6.0+cu124
weiss2009,matched coordinates + ASR,350.5453301609,12,625,512,-37.63195627188934,1.4908761669382806,0.5911369767409649,0.35640956265534307,0.05245346060369205,0.5911369767409649,0.35640956265534307,0.947546539396308,7.1785355437725684e-12,1.6469039775093884e-06,2.5259836439508945,weiss2009-v1-fixed-interface-eq41,0.5911369767380532,0.35640956264816454,0.052453460613782255,0.5911369767380532,0.35640956264816454,0.9475465393862177,cuda,2.6.0+cu124
weiss2009,matched coordinates + ASR,353.0304115253,12,625,512,-37.0907825894381,1.4596436218572977,0.6395399834977646,0.30345430065281487,0.05700571584942049,0.6395399834977646,0.30345430065281487,0.9429942841505795,2.1221913115709867e-13,1.6469039775093884e-06,2.4808992920443416,weiss2009-v1-fixed-interface-eq41,0.6395399834988084,0.3034543006530271,0.05700571584816455,0.6395399834988084,0.3034543006530271,0.9429942841518355,cuda,2.6.0+cu124
weiss2009,matched coordinates + ASR,355.3972780576,12,625,512,-36.58585141268392,1.4307025546282146,0.6875969233163736,0.25088931602085374,0.0615137606627727,0.6875969233163736,0.25088931602085374,0.9384862393372273,9.3539065382231e-12,1.6469039775093884e-06,2.4684008670737967,weiss2009-v1-fixed-interface-eq41,0.6875969233157551,0.25088931601149983,0.06151376067274511,0.6875969233157551,0.25088931601149983,0.9384862393272548,cuda,2.6.0+cu124
weiss2009,matched coordinates + ASR,357.8849293097,12,625,512,-36.06589330698109,1.4011031782216226,0.7389168934086292,0.19476711202295943,0.06631599456841136,0.7389168934086292,0.19476711202295943,0.9336840054315887,4.709954648518533e-12,1.6469039775093884e-06,2.4669433280359954,weiss2009-v1-fixed-interface-eq41,0.7389168934064095,0.1947671120276694,0.06631599456592108,0.7389168934064095,0.1947671120276694,0.9336840054340789,cuda,2.6.0+cu124
weiss2009,matched coordinates + ASR,360.251795842,12,625,512,-35.581128505501525,1.3736940020338668,0.7867191200385463,0.14247477672960576,0.07080610323184797,0.7867191200385463,0.14247477672960576,0.929193896768152,3.860661790255904e-12,1.6469039775093884e-06,2.4715642479714006,weiss2009-v1-fixed-interface-eq41,0.7867191200506459,0.14247477673346642,0.07080610321588765,0.7867191200506459,0.14247477673346642,0.9291938967841123,cuda,2.6.0+cu124
weiss2009,matched coordinates + ASR,362.7394470941,12,625,512,-35.081799921047626,1.3456510810245867,0.8332715631409989,0.09153295297937955,0.07519548387962152,0.8332715631409989,0.09153295297937955,0.9248045161203785,7.12430114901963e-13,1.6469039775093884e-06,2.4942976239835843,weiss2009-v1-fixed-interface-eq41,0.8332715631340345,0.09153295298009198,0.07519548388587352,0.8332715631340345,0.09153295298009198,0.9248045161141265,cuda,2.6.0+cu124
weiss2009,matched coordinates + ASR,365.108883514,12,625,512,-34.61564151771623,1.3196459485513177,0.8711387893046999,0.05016559800751651,0.07869561268778359,0.8711387893046999,0.05016559800751651,0.9213043873122164,3.381808721947266e-13,1.6469039775093884e-06,2.4807678729994223,weiss2009-v1-fixed-interface-eq41,0.8711387893176832,0.050165598007178326,0.0786956126751385,0.8711387893176832,0.050165598007178326,0.9213043873248615,cuda,2.6.0+cu124
weiss2009,matched coordinates + ASR,367.4757500463,12,625,512,-34.15894595289467,1.2943335812932155,0.898538467312317,0.019282695411321306,0.08217883727636169,0.898538467312317,0.019282695411321306,0.9178211627236383,5.588318002791581e-12,1.6469039775093884e-06,2.4783951939316466,weiss2009-v1-fixed-interface-eq41,0.8985384672471592,0.019282695416909624,0.08217883733593113,0.8985384672471592,0.019282695416909624,0.9178211626640689,cuda,2.6.0+cu124
weiss2009,matched coordinates + ASR,369.9608314108,12,625,512,-33.688825298114814,1.268448688450062,0.9062584459778678,0.0037409367276599937,0.09000061729447226,0.9062584459778678,0.0037409367276599937,0.9099993827055277,9.899802332069552e-13,1.6469039775093884e-06,2.4995851500425488,weiss2009-v1-fixed-interface-eq41,0.906258445951928,0.003740936728649974,0.09000061731942208,0.906258445951928,0.003740936728649974,0.9099993826805779,cuda,2.6.0+cu124
weiss2009,matched coordinates + ASR,372.3302678307,12,625,512,-33.24930466573782,1.2444070802396854,0.9074308641967948,0.005127155578406692,0.08744198022479856,0.9074308641967948,0.005127155578406692,0.9125580197752015,2.0396124025823248e-12,1.6469039775093884e-06,2.4720342180226,weiss2009-v1-fixed-interface-eq41,0.9074308642014726,0.0051271555763670795,0.08744198022216036,0.9074308642014726,0.0051271555763670795,0.9125580197778397,cuda,2.6.0+cu124
weiss2009,matched coordinates + ASR,374.8153491951,12,625,512,-32.7972431846638,1.2198402701967492,0.8881844291741225,0.026479784437509746,0.08533578638836771,0.8881844291741225,0.026479784437509746,0.9146642136116323,1.6750906217666284e-12,1.6469039775093884e-06,2.497541738091968,weiss2009-v1-fixed-interface-eq41,0.8881844291680207,0.026479784439184837,0.08533578639279452,0.8881844291680207,0.026479784439184837,0.9146642136072055,cuda,2.6.0+cu124
weiss2009,matched coordinates + ASR,377.1847856151,12,625,512,-32.37449902879465,1.1970151479567872,0.8526595381884645,0.0652049220186331,0.08213553979290239,0.8526595381884645,0.0652049220186331,0.9178644602070976,1.0361642099887547e-11,1.6469039775093884e-06,2.4812570810317993,weiss2009-v1-fixed-interface-eq41,0.852659538178564,0.06520492202899474,0.08213553979244127,0.852659538178564,0.06520492202899474,0.9178644602075587,cuda,2.6.0+cu124
weiss2009,matched coordinates + ASR,379.5516521473,12,625,512,-31.96007967834379,1.1747796747711217,0.8029496465587926,0.1193715027630815,0.07767885067812585,0.8029496465587926,0.1193715027630815,0.9223211493218741,6.823611120587714e-12,1.6469039775093884e-06,2.4863085619872436,weiss2009-v1-fixed-interface-eq41,0.8029496465693001,0.11937150276990512,0.07767885066079476,0.8029496465693001,0.11937150276990512,0.9223211493392053,cuda,2.6.0+cu124
weiss2009,matched coordinates + ASR,382.0393033994,12,625,512,-31.53277345506286,1.1519989991924102,0.7391729485040124,0.18886674638354733,0.07196030511244028,0.7391729485040124,0.18886674638354733,0.9280396948875598,1.296612817114351e-11,1.6469039775093884e-06,2.468139222008176,weiss2009-v1-fixed-interface-eq41,0.7391729485555311,0.18886674639651346,0.07196030504795548,0.7391729485555311,0.18886674639651346,0.9280396949520445,cuda,2.6.0+cu124
weiss2009,matched coordinates + ASR,384.4061699317,12,625,512,-31.133879110344317,1.130867864772247,0.6717556591476914,0.26233466804630484,0.06590967280600374,0.6717556591476914,0.26233466804630484,0.9340903271939962,1.9558799024821383e-12,1.6469039775093884e-06,2.490892236935906,weiss2009-v1-fixed-interface-eq41,0.6717556591429779,0.26233466804434896,0.06590967281267318,0.6717556591429779,0.26233466804434896,0.9340903271873269,cuda,2.6.0+cu124
weiss2009,matched coordinates + ASR,386.8912512962,12,625,512,-30.722902443544235,1.1092337210436622,0.5983218109462772,0.3424729994228336,0.059205189630889166,0.5983218109462772,0.3424729994228336,0.9407948103691108,1.8403611967698907e-12,1.6469039775093884e-06,2.52027957001701,weiss2009-v1-fixed-interface-eq41,0.5983218109503793,0.34247299942099324,0.059205189628627475,0.5983218109503793,0.34247299942099324,0.9407948103713726,cuda,2.6.0+cu124
weiss2009,matched coordinates + ASR,389.2606877161,12,625,512,-30.33834660975793,1.0891171365014904,0.529122823578425,0.4181441545249617,0.05273302189661333,0.529122823578425,0.4181441545249617,0.9472669781033867,2.2933321908169546e-12,1.6469039775093884e-06,2.4956445859279484,weiss2009-v1-fixed-interface-eq41,0.5291228235747822,0.418144154527255,0.05273302189796275,0.5291228235747822,0.418144154527255,0.9472669781020373,cuda,2.6.0+cu124
weiss2009,matched coordinates + ASR,391.7483389682,12,625,512,-29.942077967051734,1.0685168366807625,0.4598482519531061,0.4939541684396384,0.04619757960725551,0.4598482519531061,0.4939541684396384,0.9538024203927444,1.4105383527862614e-13,1.6469039775093884e-06,2.503006602055393,weiss2009-v1-fixed-interface-eq41,0.459848251957506,0.49395416843977946,0.046197579602714534,0.459848251957506,0.49395416843977946,0.9538024203972855,cuda,2.6.0+cu124
weiss2009,matched coordinates + ASR,394.1152055005,12,625,512,-29.571983488152522,1.0493961894140975,0.39870441221914543,0.5608602180872609,0.040435369693593626,0.39870441221914543,0.5608602180872609,0.9595646303064064,6.994405055138486e-13,1.6469039775093884e-06,2.483109305961989,weiss2009-v1-fixed-interface-eq41,0.39870441222022757,0.5608602180879604,0.04043536969181205,0.39870441222022757,0.5608602180879604,0.959564630308188,cuda,2.6.0+cu124
weiss2009,matched coordinates + ASR,396.4846419204,12,625,512,-29.20809580611596,1.0307089282960968,0.3429716198315365,0.6218641785167011,0.03516420165176248,0.3429716198315365,0.6218641785167011,0.9648357983482376,3.163913575576771e-12,1.6469039775093884e-06,2.485014765057713,weiss2009-v1-fixed-interface-eq41,0.34297161982978114,0.621864178519865,0.03516420165035383,0.34297161982978114,0.621864178519865,0.9648357983496461,cuda,2.6.0+cu124
weiss2009,matched coordinates + ASR,398.9697232849,12,625,512,-28.833381464187358,1.0115831789355636,0.29065138147972625,0.6791854706383637,0.030163147881910102,0.29065138147972625,0.6791854706383637,0.9698368521180899,1.59627866480605e-12,1.6469039775093884e-06,2.4704159760149196,weiss2009-v1-fixed-interface-eq41,0.29065138148087316,0.6791854706399599,0.030163147879166963,0.29065138148087316,0.6791854706399599,0.9698368521208331,cuda,2.6.0+cu124
weiss2009,matched coordinates + ASR,401.3391597048,12,625,512,-28.482557752912683,0.993785551376731,0.24644914772693838,0.7276448421154575,0.025906010157604076,0.24644914772693838,0.7276448421154575,0.9740939898423959,7.778222510523847e-13,1.6469039775093884e-06,2.4814882000209764,weiss2009-v1-fixed-interface-eq41,0.24644914772598653,0.7276448421146797,0.025906010159333803,0.24644914772598653,0.7276448421146797,0.9740939898406662,cuda,2.6.0+cu124
weiss2009,matched coordinates + ASR,403.8242410693,12,625,512,-28.121216199631977,0.9755649315490845,0.205656777002877,0.7723680331813524,0.021975189815770624,0.205656777002877,0.7723680331813524,0.9780248101842294,3.785860513971784e-14,1.6469039775093884e-06,2.4647934649838135,weiss2009-v1-fixed-interface-eq41,0.20565677700296575,0.7723680331813902,0.021975189815643947,0.20565677700296575,0.7723680331813902,0.978024810184356,cuda,2.6.0+cu124
weiss2009,matched coordinates + ASR,406.1911076015,12,625,512,-27.78320254725155,0.9586228122745812,0.17163763543247476,0.8096635340203497,0.01869883054717547,0.17163763543247476,0.8096635340203497,0.9813011694528245,2.2588597659023435e-12,1.6469039775093884e-06,2.45798641606234,weiss2009-v1-fixed-interface-eq41,0.17163763543237487,0.8096635340226086,0.01869883054501653,0.17163763543237487,0.8096635340226086,0.9813011694549835,cuda,2.6.0+cu124
weiss2009,matched coordinates + ASR,408.5605440214,12,625,512,-27.450680319712724,0.9420528982667862,0.14180282409200196,0.8423890603054431,0.015808115602554906,0.14180282409200196,0.8423890603054431,0.9841918843974451,2.3271384819167906e-12,1.6469039775093884e-06,2.4593575150938705,weiss2009-v1-fixed-interface-eq41,0.14180282409184417,0.842389060303116,0.015808115605039808,0.14180282409184417,0.842389060303116,0.9841918843949602,cuda,2.6.0+cu124
weiss2009,matched coordinates + ASR,411.0456253859,12,625,512,-27.10807960512773,0.9250819382666321,0.11450398038297843,0.8723597209393029,0.013136298677718705,0.11450398038297843,0.8723597209393029,0.9868637013222814,3.1818991885756986e-13,1.6469039775093884e-06,2.4841595999896526,weiss2009-v1-fixed-interface-eq41,0.11450398038324382,0.8723597209389847,0.01313629867777144,0.11450398038324382,0.8723597209389847,0.9868637013222286,cuda,2.6.0+cu124
weiss2009,matched coordinates + ASR,413.4150618058,12,625,512,-26.787150721380627,0.909278200113324,0.09179674985667743,0.897301800911291,0.010901449232031624,0.09179674985667743,0.897301800911291,0.9890985507679684,1.1246559239452836e-13,1.6469039775093884e-06,2.4596848889486864,weiss2009-v1-fixed-interface-eq41,0.091796749856164,0.8973018009111785,0.010901449232657456,0.091796749856164,0.8973018009111785,0.9890985507673425,cuda,2.6.0+cu124
weiss2009,matched coordinates + ASR,415.9001431703,12,625,512,-26.456425845743755,0.8930874562159827,0.07100590437278262,0.9201491956810456,0.00884489994617177,0.07100590437278262,0.9201491956810456,0.9911551000538282,7.093214904330125e-13,1.6469039775093884e-06,2.4817093439633027,weiss2009-v1-fixed-interface-eq41,0.07100590437275901,0.9201491956803363,0.008844899946904738,0.07100590437275901,0.9201491956803363,0.9911551000530953,cuda,2.6.0+cu124
weiss2009,matched coordinates + ASR,418.2695795902,12,625,512,-26.14655775624,0.8780061247122042,0.05368383485195425,0.939219933465432,0.007096231682613752,0.05368383485195425,0.939219933465432,0.9929037683173862,1.380118241911532e-12,1.6469039775093884e-06,2.4854998911032453,weiss2009-v1-fixed-interface-eq41,0.053683834851977634,0.9392199334640519,0.007096231683970555,0.053683834851977634,0.9392199334640519,0.9929037683160294,cuda,2.6.0+cu124
weiss2009,matched coordinates + ASR,420.7546609547,12,625,512,-25.82716630130485,0.8625512784257839,0.03777507050120899,0.9568048017226244,0.005420127776166628,0.03777507050120899,0.9568048017226244,0.9945798722238334,8.903988657493755e-14,1.6469039775093884e-06,2.501413617981598,weiss2009-v1-fixed-interface-eq41,0.037775070501356256,0.9568048017227134,0.005420127775930372,0.037775070501356256,0.9568048017227134,0.9945798722240697,cuda,2.6.0+cu124
weiss2009,matched coordinates + ASR,423.1240973746,12,625,512,-25.52785667746179,0.8481515503704588,0.02446711667390199,0.9715688165695759,0.0039640667565220555,0.02446711667390199,0.9715688165695759,0.9960359332434779,5.979661210631093e-13,1.6469039775093884e-06,2.532404038007371,weiss2009-v1-fixed-interface-eq41,0.024467116673915986,0.9715688165701739,0.003964066755910101,0.024467116673915986,0.9715688165701739,0.9960359332440899,cuda,2.6.0+cu124
weiss2009,matched coordinates + ASR,425.4909639068,12,625,512,-25.233843234350317,0.8340856220310677,0.012768842209923206,0.9845937304325318,0.002637427357544908,0.012768842209923206,0.9845937304325318,0.9973625726424551,1.7996715229173788e-13,1.6469039775093884e-06,2.4923888540361077,weiss2009-v1-fixed-interface-eq41,0.012768842209896793,0.9845937304327118,0.0026374273573913642,0.012768842209896793,0.9845937304327118,0.9973625726426086,cuda,2.6.0+cu124
weiss2009,matched coordinates + ASR,427.978615159,12,625,512,-24.930061532757477,0.8196350759651475,0.0037161519778771447,0.993230027887549,0.0030538201345738925,0.0037161519778771447,0.993230027887549,0.9969461798654261,5.779043910081327e-12,1.6469039775093884e-06,2.485378638957627,weiss2009-v1-fixed-interface-eq41,0.0037161519773866005,0.993230027893328,0.003053820129285345,0.0037161519773866005,0.993230027893328,0.9969461798707147,cuda,2.6.0+cu124
weiss2009,matched coordinates + ASR,430.3454816912,12,625,512,-24.645900076666646,0.8061943600573214,0.07836091198543062,0.9200007238481234,0.001638364166446027,0.005749923884337959,0.84786306290965,0.998361635833554,3.630429290524262e-14,1.6469039775093884e-06,2.4880321809323505,weiss2009-v1-fixed-interface-eq41,0.07836091198535117,0.9200007238481597,0.0016383641664891035,0.005749923884323617,0.8478630629097285,0.9983616358335108,cuda,2.6.0+cu124
weiss2009,matched coordinates + ASR,432.8331329434,12,625,512,-24.35224123938994,0.7923825774676843,0.10886313565216464,0.8889722002822813,0.002164664065554045,0.011530067664002046,0.7922783742159668,0.997835335934446,7.105427357601002e-15,1.6469039775093884e-06,2.4738991220947355,weiss2009-v1-fixed-interface-eq41,0.1088631356521931,0.8889722002822884,0.002164664065518518,0.01153006766400648,0.7922783742159313,0.9978353359344815,cuda,2.6.0+cu124
weiss2009,matched coordinates + ASR,435.1999994756,12,625,512,-24.077496609502326,0.7795327247230077,0.12830705896098238,0.8690917628322186,0.0026011782067990596,0.016226754679073637,0.7577540356084063,0.9973988217932009,2.4202861936828413e-14,1.6469039775093884e-06,2.5110051080118865,weiss2009-v1-fixed-interface-eq41,0.12830705896101058,0.8690917628322428,0.002601178206746657,0.016226754679029613,0.7577540356085692,0.9973988217932533,cuda,2.6.0+cu124
weiss2009,matched coordinates + ASR,437.6850808401,12,625,512,-23.79380683688277,0.7663382933441976,0.14388114637116595,0.8531689832208618,0.0029498704079722327,0.02055160092251944,0.7306460654333833,0.9970501295920278,4.0101255649460654e-13,1.6469039775093884e-06,2.474718576995656,weiss2009-v1-fixed-interface-eq41,0.14388114637099542,0.8531689832212628,0.0029498704077417504,0.020551600922438226,0.7306460654337897,0.9970501295922582,cuda,2.6.0+cu124
weiss2009,matched coordinates + ASR,440.05451726,12,625,512,-23.527776752945588,0.7540337040404509,0.15586804651593905,0.8409297031106913,0.0032022503733697416,0.024218876416150878,0.7101113714999876,0.9967977496266303,8.537615059367454e-14,1.6469039775093884e-06,2.4816775349900126,weiss2009-v1-fixed-interface-eq41,0.15586804651562,0.8409297031107766,0.0032022503736033325,0.024218876416052342,0.7101113715006144,0.9967977496263967,cuda,2.6.0+cu124
weiss2009,matched coordinates + ASR,442.4213837923,12,625,512,-23.266285769815482,0.7420040150400591,0.16590086565296353,0.8306855537181026,0.003413580628933932,0.02751627536885262,0.6931252328205864,0.9965864193710661,8.204548151979907e-14,1.6469039775093884e-06,2.452234508935362,weiss2009-v1-fixed-interface-eq41,0.1659008656534055,0.8306855537180206,0.0034135806285738868,0.02751627536896669,0.6931252328202522,0.996586419371426,cuda,2.6.0+cu124
weiss2009,matched coordinates + ASR,444.9090350444,12,625,512,-22.995930788105504,0.7296346204435552,0.17488997396276615,0.8214941670253402,0.0036158590118936518,0.03064975203294447,0.678042587075855,0.9963841409881063,7.271960811294775e-14,1.6469039775093884e-06,2.467075658030808,weiss2009-v1-fixed-interface-eq41,0.1748899739629848,0.8214941670254129,0.0036158590116023293,0.030649752032896393,0.678042587075754,0.9963841409883977,cuda,2.6.0+cu124
weiss2009,matched coordinates + ASR,447.2759015767,12,625,512,-22.74287391092045,0.7181197048373072,0.18229222349235685,0.8139045731532151,0.0038032033544280752,0.03336012250676077,0.6657037178514128,0.9961967966455719,2.853273173286652e-14,1.6469039775093884e-06,2.467227966990322,weiss2009-v1-fixed-interface-eq41,0.18229222349241986,0.8139045731532436,0.003803203354336593,0.033360122506771395,0.6657037178514958,0.9961967966456635,cuda,2.6.0+cu124
weiss2009,matched coordinates + ASR,449.7635528288,12,625,512,-22.48119237749724,0.706276807248097,0.18911199107464255,0.8068920929220178,0.003995916003339595,0.035963147648681186,0.6543927295304028,0.9960040839966604,3.348432642269472e-13,1.6469039775093884e-06,2.5019801129819825,weiss2009-v1-fixed-interface-eq41,0.1891119910746204,0.8068920929223526,0.003995916003026956,0.03596314764863791,0.6543927295306345,0.996004083996973,cuda,2.6.0+cu124
weiss2009,matched coordinates + ASR,452.1304193611,12,625,512,-22.236210865287855,0.6952494259704297,0.19485918277891875,0.8009750411722739,0.0041657760488073015,0.038235966019732066,0.6449041942245892,0.9958342239511927,2.368105711525459e-13,1.6469039775093884e-06,2.4722773050889373,weiss2009-v1-fixed-interface-eq41,0.19485918277953934,0.8009750411720371,0.004165776048423497,0.03823596601988199,0.6449041942238174,0.9958342239515765,cuda,2.6.0+cu124
weiss2009,matched coordinates + ASR,454.499855781,12,625,512,-21.99478238961769,0.6844387848902913,0.20000842294086715,0.7956737700615945,0.004317806997538365,0.040334715806888154,0.6364362688049736,0.9956821930024616,4.388711616343244e-13,1.6469039775093884e-06,2.4701604020083323,weiss2009-v1-fixed-interface-eq41,0.2000084229402555,0.7956737700611556,0.004317806998588969,0.04033471580679899,0.6364362688050174,0.995682193001411,cuda,2.6.0+cu124
weiss2009,matched coordinates + ASR,456.9849371454,12,625,512,-21.74558978539577,0.6733399376190564,0.20484806429989938,0.7906837011887995,0.004468234511301183,0.04236495537521989,0.6284954061753195,0.9955317654886988,1.1146639167236572e-13,1.6469039775093884e-06,2.463250217027962,weiss2009-v1-fixed-interface-eq41,0.20484806429940855,0.790683701188911,0.004468234511680436,0.042364955375090725,0.6284954061758122,0.9955317654883196,cuda,2.6.0+cu124
weiss2009,matched coordinates + ASR,459.3543735654,12,625,512,-21.511745717643187,0.6629799219422307,0.20900072794944927,0.7863912585878602,0.0046080134626905744,0.04415460138633363,0.6216888882386385,0.9953919865373094,5.662137425588298e-15,1.6469039775093884e-06,2.5436218819813803,weiss2009-v1-fixed-interface-eq41,0.20900072794974012,0.7863912585878658,0.004608013462394034,0.04415460138641818,0.621688888238451,0.995391986537606,cuda,2.6.0+cu124
weiss2009,matched coordinates + ASR,461.8394549298,12,625,512,-21.27034071229684,0.6523413180139099,0.21293954604208645,0.7823116125386194,0.004748841419294214,0.04589416076056244,0.6152383523458356,0.9952511585807058,1.7286172493413687e-13,1.6469039775093884e-06,2.5127142859855667,weiss2009-v1-fixed-interface-eq41,0.2129395460415101,0.7823116125384465,0.004748841420043393,0.045894160760482326,0.615238352346082,0.9952511585799566,cuda,2.6.0+cu124
weiss2009,matched coordinates + ASR,464.2088913497,12,625,512,-21.04376675452891,0.6424086941064967,0.21634810506370686,0.7787761498682599,0.004875745068033233,0.0474336276833103,0.609661215582175,0.9951242549319668,6.326050794314142e-13,1.6469039775093884e-06,2.4808981290552765,weiss2009-v1-fixed-interface-eq41,0.21634810506435276,0.7787761498688925,0.0048757450667547,0.04743362768331776,0.6096612155822138,0.9951242549332453,cuda,2.6.0+cu124
weiss2009,matched coordinates + ASR,466.6939727142,12,625,512,-20.809828290049516,0.6322067255626762,0.21959925531686883,0.7753993138974928,0.0050014307856383056,0.048933114210831005,0.6043457608217198,0.9949985692143617,8.004708007547379e-14,1.6469039775093884e-06,2.466593710007146,weiss2009-v1-fixed-interface-eq41,0.21959925531634406,0.7753993138975729,0.005001430786083061,0.048933114210712614,0.6043457608222809,0.9949985692139169,cuda,2.6.0+cu124
weiss2009,matched coordinates + ASR,469.0634091341,12,625,512,-20.59022625334932,0.6226796823655026,0.2224145000387766,0.7724643662245795,0.0051211337366439125,0.050260808140747654,0.5997384758057472,0.9948788662633561,6.550315845288424e-14,1.6469039775093884e-06,2.4686655660625547,weiss2009-v1-fixed-interface-eq41,0.22241450003897967,0.772464366224514,0.005121133736506356,0.050260808140864185,0.5997384758053175,0.9948788662634936,cuda,2.6.0+cu124
weiss2009,matched coordinates + ASR,471.4302756664,12,625,512,-20.37415627484352,0.613353104579169,0.22496716491908506,0.7697857866792256,0.005247048401689325,0.05149443025112245,0.5955466208758773,0.9947529515983107,2.2615243011614439e-13,1.6469039775093884e-06,2.475223499001004,weiss2009-v1-fixed-interface-eq41,0.2249671649195411,0.7697857866794517,0.005247048401007204,0.05149443025121675,0.5955466208755394,0.9947529515989928,cuda,2.6.0+cu124
weiss2009,matched coordinates + ASR,473.9153570309,12,625,512,-20.150765666296255,0.6037600444096654,0.2273957710010301,0.7672244145923346,0.005379814406635264,0.05269827205635789,0.591544700934531,0.9946201855933647,2.9032332093947844e-13,1.6469039775093884e-06,2.4862271579913795,weiss2009-v1-fixed-interface-eq41,0.22739577100100844,0.7672244145926249,0.005379814406366701,0.052698272056300136,0.591544700934918,0.9946201855936334,cuda,2.6.0+cu124
weiss2009,matched coordinates + ASR,476.2847934508,12,625,512,-19.94101536854651,0.5947987909402019,0.2295036049362922,0.7650028369008531,0.005493558162854684,0.05376799125823153,0.5880678914978659,0.9945064418371453,3.318456620604593e-13,1.6469039775093884e-06,2.491916802013293,weiss2009-v1-fixed-interface-eq41,0.22950360493808442,0.7650028369005213,0.005493558161394296,0.05376799125868895,0.5880678914960117,0.9945064418386057,cuda,2.6.0+cu124
weiss2009,matched coordinates + ASR,478.7698748153,12,625,512,-19.72436155267259,0.5855896629008525,0.23151252096016042,0.7628865371952254,0.005600941844614238,0.05481343559523135,0.5847489588003705,0.9943990581553858,3.8402614421784165e-13,1.6469039775093884e-06,2.4787102789850906,weiss2009-v1-fixed-interface-eq41,0.23151252095948677,0.7628865371956094,0.005600941844903784,0.05481343559504469,0.5847489588011576,0.9943990581550961,cuda,2.6.0+cu124
weiss2009,matched coordinates + ASR,481.1393112352,12,625,512,-19.520905093583494,0.5769852712475362,0.23323259162811186,0.7610592314541106,0.005708176917777585,0.05573763921052502,0.5818882649760054,0.9942918230822224,1.1732836924238654e-12,1.6469039775093884e-06,2.5085657680174336,weiss2009-v1-fixed-interface-eq41,0.23323259162721532,0.7610592314552839,0.005708176917500807,0.05573763921013108,0.5818882649776006,0.9942918230824992,cuda,2.6.0+cu124
weiss2009,matched coordinates + ASR,483.6269624873,12,625,512,-19.3105042729655,0.5681320091916806,0.23483922337418078,0.7593275915957981,0.005833185030021171,0.056634064010282086,0.579189248103126,0.9941668149699789,9.103828801926284e-14,1.6469039775093884e-06,2.4603907329728827,weiss2009-v1-fixed-interface-eq41,0.23483922337294727,0.7593275915957071,0.005833185031345667,0.05663406400993971,0.5791892481043428,0.9941668149686543,cuda,2.6.0+cu124
