study,series,order,harmonics,slices,wavelength_nm,polarization,eigen_dimension,internal_ratio,G,quadrature_actual,total_finite_layers,device,backend,runtime_seconds_both_polarizations,passivity_ok,error,reflectance,power_into_substrate,relief_absorptance,absorptance_total,difference_from_finite_li_reference_reflectance,difference_from_finite_li_reference_power_into_substrate,difference_from_finite_li_reference_relief_absorptance,transmittance_far
gold_grating_1d,li,2,5,420,400,TE,5,1,,0,420,cpu,torch,0.94512869999744,True,,0.03575515448772459,4.937226443042768e-08,0.964244796140011,0.9642448455122754,0.0021264164214464046,5.225902916043857e-10,0.002126416944036702,
gold_grating_1d,li,2,5,420,400,TM,5,1,,0,420,cpu,torch,0.94512869999744,True,,0.0006049257192917801,0.026729945321814687,0.9726651289588935,0.9993950742807082,0.00025161390101218763,0.00015511844574167544,9.649545527046222e-05,
gold_grating_1d,li,2,5,420,450,TE,5,1,,0,420,cpu,torch,0.8908120999112725,True,,0.052306078838796295,2.0874462886404185e-07,0.9476937124165747,0.9476939211612037,0.0021760713134517037,3.046243988138678e-09,0.002176074359695579,
gold_grating_1d,li,2,5,420,450,TM,5,1,,0,420,cpu,torch,0.8908120999112725,True,,0.0008488379430298612,0.029484641653190632,0.9696665204037795,0.9991511620569702,7.577633721658468e-05,0.0006175198782378058,0.000693296215454442,
gold_grating_1d,li,2,5,420,500,TE,5,1,,0,420,cpu,torch,0.9689851999282837,True,,0.09154551411540024,2.5072221555072668e-06,0.9084519786624442,0.9084544858845998,0.0019911121311101954,6.776179200763379e-08,0.001991179892902206,
gold_grating_1d,li,2,5,420,500,TM,5,1,,0,420,cpu,torch,0.9689851999282837,True,,0.0009258428681971693,0.025557812174910197,0.9735163449568927,0.9990741571318028,9.351144851485569e-05,0.004848947671418347,0.004942459119933296,
gold_grating_1d,li,2,5,420,550,TE,5,1,,0,420,cpu,torch,0.928758499911055,True,,0.5073561027055097,1.9041467581067084e-07,0.4926437068798145,0.4926438972944903,0.0037600767758699805,1.1440842113927055e-08,0.0037600882167120875,
gold_grating_1d,li,2,5,420,550,TM,5,1,,0,420,cpu,torch,0.928758499911055,True,,0.04399009055470532,0.15262733519983326,0.8033825742454614,0.9560099094452947,0.015851199756893433,0.002726210522462774,0.018577410279356332,
gold_grating_1d,li,2,5,420,600,TE,5,1,,0,420,cpu,torch,0.9198111000005156,True,,0.7791760365613802,1.0709082888153874e-08,0.22082395272953687,0.22082396343861976,0.0027518761112912404,9.212040365920956e-10,0.00275187703249527,
gold_grating_1d,li,2,5,420,600,TM,5,1,,0,420,cpu,torch,0.9198111000005156,True,,0.3418172856920535,0.17839620288848712,0.4797865114194594,0.6581827143079465,0.04847188726308238,0.036572675244304326,0.011899212018778083,
gold_grating_1d,li,2,5,420,650,TE,5,1,,0,420,cpu,torch,0.9134364000055939,True,,0.8939872660421957,1.3357696062141475e-09,0.1060127326220347,0.1060127339578043,0.001658797972258319,1.4130460463884018e-10,0.001658798113562926,
gold_grating_1d,li,2,5,420,650,TM,5,1,,0,420,cpu,torch,0.9134364000055939,True,,0.6553958313802634,0.10518406382065612,0.23942010479908052,0.34460416861973664,0.01888720232304253,0.02533155254989619,0.006444350226853662,
gold_grating_1d,li,2,5,420,700,TE,5,1,,0,420,cpu,torch,0.9354330999776721,True,,0.9287533045302687,3.800885369036189e-10,0.07124669508964275,0.07124669546973128,0.0012476002097061567,4.529478702929213e-11,0.0012476002550009524,
gold_grating_1d,li,2,5,420,700,TM,5,1,,0,420,cpu,torch,0.9354330999776721,True,,0.7563740162961342,0.07610628212608128,0.1675197015777845,0.2436259837038658,0.003437809813549464,0.018283009412700515,0.014845199599151038,
gold_grating_1d,li,4,9,420,400,TE,9,1,,0,420,cpu,torch,1.0629354999400675,True,,0.037414056573317235,4.9714925777370726e-08,0.9625858937117571,0.9625859434266828,0.00046751433585375674,1.7992894466133858e-10,0.00046751451578275205,
gold_grating_1d,li,4,9,420,400,TM,9,1,,0,420,cpu,torch,1.0629354999400675,True,,0.0007639551712251909,0.027775889302637018,0.9714601555261378,0.9992360448287748,9.258444907877682e-05,0.0012010624265640056,0.001108477977485145,
gold_grating_1d,li,4,9,420,450,TE,9,1,,0,420,cpu,torch,1.0133368999231607,True,,0.05404247264919223,2.1113939428342598e-07,0.9459573162114134,0.9459575273508077,0.0004396775030557701,6.514785687545501e-10,0.00043967815453427317,
gold_grating_1d,li,4,9,420,450,TM,9,1,,0,420,cpu,torch,1.0133368999231607,True,,0.000903999785666269,0.03130220171344743,0.9677937985008863,0.9990960002143338,2.0614494580176905e-05,0.0012000401820189896,0.0011794256874387843,
gold_grating_1d,li,4,9,420,500,TE,9,1,,0,420,cpu,torch,1.0004753998946398,True,,0.09316469654345702,2.5625726263532753e-06,0.9068327408839166,0.906835303456543,0.0003719297030534141,1.2411321161625286e-08,0.00037194211437463487,
gold_grating_1d,li,4,9,420,500,TM,9,1,,0,420,cpu,torch,1.0004753998946398,True,,0.0010379113442910168,0.031219398685899073,0.9677426899698099,0.998962088655709,1.8557027578991817e-05,0.0008126388395705286,0.0008311958671494146,
gold_grating_1d,li,4,9,420,550,TE,9,1,,0,420,cpu,torch,1.0105465000960976,True,,0.510325252833537,1.9981404546415317e-07,0.4896745473524175,0.489674747166463,0.000790926647842638,2.041472460444731e-09,0.0007909286893150735,
gold_grating_1d,li,4,9,420,550,TM,9,1,,0,420,cpu,torch,1.0105465000960976,True,,0.06018939725866522,0.1654251566473608,0.774385446093974,0.9398106027413348,0.0003481069470664677,0.010071610925064756,0.01041971787213114,
gold_grating_1d,li,4,9,420,600,TE,9,1,,0,420,cpu,torch,1.0579021000303328,True,,0.7813049103557352,1.1466403262809828e-08,0.2186950781778615,0.21869508964426476,0.0006230023169362386,1.6388366193614095e-10,0.0006230024808198953,
gold_grating_1d,li,4,9,420,600,TM,9,1,,0,420,cpu,torch,1.0579021000303328,True,,0.3873165068516057,0.15716711376377818,0.45551637938461614,0.6126834931483943,0.002972666103530197,0.015343586119595382,0.012370920016065157,
gold_grating_1d,li,4,9,420,650,TE,9,1,,0,420,cpu,torch,1.0082841999828815,True,,0.8952550265790415,1.4518983924731385e-09,0.10474497196906006,0.10474497342095845,0.00039103743541246683,2.517581837984921e-11,0.0003910374605882866,
gold_grating_1d,li,4,9,420,650,TM,9,1,,0,420,cpu,torch,1.0082841999828815,True,,0.6755249884094905,0.0896100424193485,0.234864969171161,0.3244750115905095,0.0012419547061846004,0.009757531148588572,0.010999485854773172,
gold_grating_1d,li,4,9,420,700,TE,9,1,,0,420,cpu,torch,1.0121855998877436,True,,0.9296999006598844,4.1728990828091926e-10,0.0703000989228257,0.07030009934011561,0.0003010040800904834,8.093415651991754e-12,0.00030100408818389823,
gold_grating_1d,li,4,9,420,700,TM,9,1,,0,420,cpu,torch,1.0121855998877436,True,,0.7642937579750495,0.06543130726834859,0.1702749347566019,0.2357062420249505,0.004481931865365829,0.007608034554967821,0.012089966420333637,
gold_grating_1d,li,8,17,420,400,TE,17,1,,0,420,cpu,torch,1.2690300000831485,True,,0.03783060419939576,4.98683400248505e-08,0.9621693459322642,0.9621693958006042,5.0966709775231156e-05,2.6514697181564036e-11,5.096673628990356e-05,
gold_grating_1d,li,8,17,420,400,TM,17,1,,0,420,cpu,torch,1.2690300000831485,True,,0.0008595365253625407,0.026738296796430496,0.972402166678207,0.9991404634746375,2.996905058573018e-06,0.0001634699203574841,0.00016646682541598956,
gold_grating_1d,li,8,17,420,450,TE,17,1,,0,420,cpu,torch,1.273279300192371,True,,0.05443312789825681,2.1169969842422678e-07,0.9455666604020447,0.9455668721017432,4.902225399119192e-05,9.117442795375482e-11,4.902234516557247e-05,
gold_grating_1d,li,8,17,420,450,TM,17,1,,0,420,cpu,torch,1.273279300192371,True,,0.0009403285169117667,0.030365862255725167,0.9686938092273631,0.9990596714830883,1.571423666532081e-05,0.0002637007242967289,0.0002794149609619545,
gold_grating_1d,li,8,17,420,500,TE,17,1,,0,420,cpu,torch,1.3826112998649478,True,,0.0934938736418903,2.5732001770916535e-06,0.9065035531579326,0.9065061263581097,4.2752604620138746e-05,1.7837704232470352e-09,4.275438839063117e-05,
gold_grating_1d,li,8,17,420,500,TM,17,1,,0,420,cpu,torch,1.3826112998649478,True,,0.0010592783376027926,0.03088099297867178,0.9680597286837255,0.9989407216623972,3.9924020890767624e-05,0.0004742331323432346,0.0005141571532338851,
gold_grating_1d,li,8,17,420,550,TE,17,1,,0,420,cpu,torch,1.313122000079602,True,,0.5110243730152408,2.015599319935335e-07,0.4889754254248272,0.48897562698475916,9.180646613882182e-05,2.955859310644074e-10,9.180676172476643e-05,
gold_grating_1d,li,8,17,420,550,TM,17,1,,0,420,cpu,torch,1.313122000079602,True,,0.0629204543658319,0.15361211312138212,0.7834674325127859,0.9370795456341681,0.003079164054233141,0.001741432600913917,0.0013377314533191687,
gold_grating_1d,li,8,17,420,600,TE,17,1,,0,420,cpu,torch,1.2992922000121325,True,,0.7818552015774336,1.1606725775625513e-08,0.21814478681584062,0.2181447984225664,7.271109523787622e-05,2.356114912045619e-11,7.271111879902925e-05,
gold_grating_1d,li,8,17,420,600,TM,17,1,,0,420,cpu,torch,1.2992922000121325,True,,0.3957504534232261,0.1404765532789391,0.4637729932978348,0.6042495465767739,0.005461280468090246,0.0013469743652436972,0.004114306102846521,
gold_grating_1d,li,8,17,420,650,TE,17,1,,0,420,cpu,torch,1.30052819987759,True,,0.895600182931445,1.4734764101680158e-09,0.10439981559507854,0.10439981706855495,4.5881083008958434e-05,3.597800684971918e-12,4.5881086606761046e-05,
gold_grating_1d,li,8,17,420,650,TM,17,1,,0,420,cpu,torch,1.30052819987759,True,,0.6791278193227233,0.07964743426698861,0.24122474641028813,0.32087218067727674,0.004844785619417369,0.00020507700377131455,0.004639708615646054,
gold_grating_1d,li,8,17,420,700,TE,17,1,,0,420,cpu,torch,1.2978157000616193,True,,0.9299654503315484,4.242320042976569e-10,0.07003454924421956,0.07003454966845157,3.5454408426449646e-05,1.1513196352541176e-12,3.54544095777648e-05,
gold_grating_1d,li,8,17,420,700,TM,17,1,,0,420,cpu,torch,1.2978157000616193,True,,0.766416108141966,0.0581871750857625,0.17539671677227148,0.23358389185803397,0.00660428203228236,0.00036390237238173584,0.006968184404664068,
gold_grating_1d,li,12,25,420,400,TE,25,1,,0,420,cpu,torch,1.80549280019477,True,,0.037865843960091315,4.9886562533392894e-08,0.9621341061533462,0.9621341560399087,1.572694907967659e-05,8.292188639170241e-12,1.5726957371842154e-05,
gold_grating_1d,li,12,25,420,400,TM,25,1,,0,420,cpu,torch,1.80549280019477,True,,0.0008477289746625067,0.026207404678449328,0.9729448663468883,0.9991522710253375,8.810645641461022e-06,0.00036742219762368397,0.0003762328432652673,
gold_grating_1d,li,12,25,420,450,TE,25,1,,0,420,cpu,torch,1.8116558000911027,True,,0.054467152177005984,2.1176247863854296e-07,0.9455326360605154,0.9455328478229941,1.499797524201485e-05,2.839421363756984e-11,1.499800363624626e-05,
gold_grating_1d,li,12,25,420,450,TM,25,1,,0,420,cpu,torch,1.8116558000911027,True,,0.0009270960293856467,0.029788076301010432,0.9692848276696039,0.9990729039706143,2.4817491392007925e-06,0.00031408523041800626,0.00031160348127878823,
gold_grating_1d,li,12,25,420,500,TE,25,1,,0,420,cpu,torch,1.7907849999610335,True,,0.09352359681594187,2.5744253047637126e-06,0.9064738287587534,0.9064764031840581,1.3029430568564648e-05,5.586427511879369e-10,1.3029989211377213e-05,
gold_grating_1d,li,12,25,420,500,TM,25,1,,0,420,cpu,torch,1.7907849999610335,True,,0.0010432234527718955,0.030123136316223667,0.9688336402310045,0.9989567765472281,2.386913605987055e-05,0.00028362353010487687,0.0002597543940451308,
gold_grating_1d,li,12,25,420,550,TE,25,1,,0,420,cpu,torch,1.7994131001178175,True,,0.5110889312209983,2.017627479411625e-07,0.48891086701625375,0.4889110687790017,2.7248260381362854e-05,9.27699834354095e-11,2.7248353151321236e-05,
gold_grating_1d,li,12,25,420,550,TM,25,1,,0,420,cpu,torch,1.7994131001178175,True,,0.06255486688440298,0.14869859586510037,0.7887465372504967,0.9374451331155971,0.00271357657280423,0.006654949857195669,0.003941373284391592,
gold_grating_1d,li,12,25,420,600,TE,25,1,,0,420,cpu,torch,1.930443099932745,True,,0.7819067255133458,1.1622898382204968e-08,0.21809326286375577,0.21809327448665417,2.1187159325641858e-05,7.388542541001671e-12,2.1187166714176087e-05,
gold_grating_1d,li,12,25,420,600,TM,25,1,,0,420,cpu,torch,1.930443099932745,True,,0.3961567377262736,0.13571300013218196,0.46813026214154446,0.6038432622737264,0.005867564771137701,0.006110527512000835,0.00024296274086316183,
gold_grating_1d,li,12,25,420,650,TE,25,1,,0,420,cpu,torch,2.0998992999084294,True,,0.8956328564913512,1.4759472333308557e-09,0.1043671420327016,0.10436714350864884,1.3207523102853891e-05,1.126977522132048e-12,1.3207524229827405e-05,
gold_grating_1d,li,12,25,420,650,TM,25,1,,0,420,cpu,torch,2.0998992999084294,True,,0.6788104625339353,0.07658681012808499,0.24460272733797972,0.3211895374660647,0.004527428830629399,0.003265701142674937,0.0012617276879544614,
gold_grating_1d,li,12,25,420,700,TE,25,1,,0,420,cpu,torch,1.89817909989506,True,,0.929990780906184,4.250230891272625e-10,0.07000921866879288,0.07000921909381597,1.0123833790842696e-05,3.6023480564853763e-13,1.0123834151082312e-05,
gold_grating_1d,li,12,25,420,700,TM,25,1,,0,420,cpu,torch,1.89817909989506,True,,0.7652210029909426,0.05560027040504161,0.17917872660401574,0.23477899700905736,0.00540917688125897,0.0022230023083391545,0.0031861745729198088,
gold_grating_1d,li,16,33,420,400,TE,33,1,,0,420,cpu,torch,2.793693199986592,True,,0.037873939133515264,4.989111583439786e-08,0.962126010975369,0.9621260608664848,7.631775655728146e-06,3.7388876342014585e-12,7.631779394667859e-06,
gold_grating_1d,li,16,33,420,400,TM,33,1,,0,420,cpu,torch,2.793693199986592,True,,0.000837047609888851,0.026139133018194788,0.9730238193719163,0.9991629523901111,1.9492010415116763e-05,0.0004356938578782242,0.0004551858682932952,
gold_grating_1d,li,16,33,420,450,TE,33,1,,0,420,cpu,torch,4.218233400024474,True,,0.05447493801996917,2.117781135886334e-07,0.9455248502019172,0.9455250619800308,7.212132278826278e-06,1.2759263547142246e-11,7.212145038071327e-06,
gold_grating_1d,li,16,33,420,450,TM,33,1,,0,420,cpu,torch,4.218233400024474,True,,0.0009134265809565105,0.02967137051898092,0.9694152029000626,0.9990865734190435,1.1187699289935378e-05,0.0004307910124475185,0.0004419787117374563,
gold_grating_1d,li,16,33,420,500,TE,33,1,,0,420,cpu,torch,3.0972685997840017,True,,0.0935304048500968,2.574737563405034e-06,0.9064670204123398,0.9064695951499032,6.2213964136387245e-06,2.4638410986666266e-10,6.22164279784343e-06,
gold_grating_1d,li,16,33,420,500,TM,33,1,,0,420,cpu,torch,3.0972685997840017,True,,0.0010211436601175424,0.02983551961653913,0.9691433367233433,0.9989788563398825,1.7893434055174344e-06,0.0005712402297894138,0.0005694508863839376,
gold_grating_1d,li,16,33,420,550,TE,33,1,,0,420,cpu,torch,2.8167534000240266,True,,0.5111029308105757,2.0181477991678582e-07,0.4888968673746444,0.4888970691894243,1.3248670803989171e-05,4.0738007812075053e-11,1.3248711541957725e-05,
gold_grating_1d,li,16,33,420,550,TM,33,1,,0,420,cpu,torch,2.8167534000240266,True,,0.06063083523581415,0.14595131134614597,0.7934178534180398,0.9393691647641859,0.0007895449242153948,0.009402234376150065,0.008612689451934719,
gold_grating_1d,li,16,33,420,600,TE,33,1,,0,420,cpu,torch,2.6727583999745548,True,,0.7819174664659889,1.1627036849282199e-08,0.21808252190697422,0.21808253353401108,1.0446206682557246e-05,3.2500754637703778e-12,1.0446209932624129e-05,
gold_grating_1d,li,16,33,420,600,TM,33,1,,0,420,cpu,torch,2.6727583999745548,True,,0.37606528413825047,0.13257019443907064,0.4913645214226789,0.6239347158617495,0.01422388881688541,0.009253333205112152,0.02347722202199759,
gold_grating_1d,li,16,33,420,650,TE,33,1,,0,420,cpu,torch,2.751462000189349,True,,0.8956394921345947,1.4765776012770971e-09,0.1043605063888277,0.1043605078654053,6.571879859307295e-06,4.966095758905859e-13,6.571880355923931e-06,
gold_grating_1d,li,16,33,420,650,TM,33,1,,0,420,cpu,torch,2.751462000189349,True,,0.6348606141355873,0.07626133196833887,0.2888780538960739,0.36513938586441275,0.039422419567718636,0.0035911793024210603,0.043013598870139724,
gold_grating_1d,li,16,33,420,700,TE,33,1,,0,420,cpu,torch,3.02116319979541,True,,0.9299958374912117,4.2522433253693074e-10,0.07000416208356394,0.07000416250878827,5.067248763146459e-06,1.589913959802725e-13,5.067248922144274e-06,
gold_grating_1d,li,16,33,420,700,TM,33,1,,0,420,cpu,torch,3.02116319979541,True,,0.7186721999397979,0.05641378125987816,0.2249140188003239,0.2813278000602021,0.04113962616988576,0.0014094914535026093,0.042549117623388366,
gold_grating_1d,li,24,49,420,400,TE,49,1,,0,420,cpu,torch,3.2506370001938194,True,,0.03787923005695928,4.989371936255523e-08,0.9621207200493214,0.9621207699430407,2.3408522117143726e-06,1.1353594768333548e-12,2.3408533470492543e-06,
gold_grating_1d,li,24,49,420,400,TM,49,1,,0,420,cpu,torch,3.2506370001938194,True,,0.000842900925386083,0.026588074465082476,0.9725690246095314,0.9991570990746139,1.363869491788469e-05,1.3247589009463684e-05,3.9110590843716153e-07,
gold_grating_1d,li,24,49,420,450,TE,49,1,,0,420,cpu,torch,3.3535398999229074,True,,0.05447993661320984,2.117870106260776e-07,0.9455198515997796,0.9455200633867902,2.2135390381622377e-06,3.862226102931931e-12,2.2135429004199736e-06,
gold_grating_1d,li,24,49,420,450,TM,49,1,,0,420,cpu,torch,3.3535398999229074,True,,0.0009185178007611022,0.030124849871786957,0.9689566323274519,0.9990814821992389,6.096479485343713e-06,2.268834035851902e-05,1.659186087321629e-05,
gold_grating_1d,li,24,49,420,500,TE,49,1,,0,420,cpu,torch,3.2546554000582546,True,,0.09353471580935495,2.5749098795734706e-06,0.9064627092807656,0.9064652841906451,1.910437155486222e-06,7.406794142996104e-11,1.910511223557343e-06,
gold_grating_1d,li,24,49,420,500,TM,49,1,,0,420,cpu,torch,3.2546554000582546,True,,0.0010151091091604692,0.03041585699287589,0.9685690338979637,0.9989848908908395,4.245207551555746e-06,9.097146547346752e-06,4.851938995686922e-06,
gold_grating_1d,li,24,49,420,550,TE,49,1,,0,420,cpu,torch,3.218168399995193,True,,0.5111120594619861,2.0184329312729256e-07,0.48888773869472074,0.4888879405380139,4.120019393538676e-06,1.222479730534259e-11,4.120031618315423e-06,
gold_grating_1d,li,24,49,420,550,TM,49,1,,0,420,cpu,torch,3.218168399995193,True,,0.06025229940799278,0.15640799916074233,0.7833397014312649,0.9397477005920072,0.00041100909639402855,0.00105445343844629,0.0014654625348402561,
gold_grating_1d,li,24,49,420,600,TE,49,1,,0,420,cpu,torch,3.3763021999038756,True,,0.7819246336555592,1.1629311223074466e-08,0.21807535471512957,0.2180753663444408,3.279017112278737e-06,9.757016715037213e-13,3.2790180879704867e-06,
gold_grating_1d,li,24,49,420,600,TM,49,1,,0,420,cpu,torch,3.3763021999038756,True,,0.39243244523537985,0.14249279107507903,0.46507476368954115,0.6075675547646202,0.0021432722802439685,0.0006692634308962386,0.0028125357111401517,
gold_grating_1d,li,24,49,420,650,TE,49,1,,0,420,cpu,torch,3.627399899996817,True,,0.8956439878297642,1.4769250378515297e-09,0.10435601069331078,0.10435601217023582,2.076184689836502e-06,1.4917300145801082e-13,2.0761848390088433e-06,
gold_grating_1d,li,24,49,420,650,TM,49,1,,0,420,cpu,torch,3.627399899996817,True,,0.6723574062772552,0.08028571202700047,0.24735688169574438,0.32764259372274485,0.0019256274260507356,0.0004332007562405371,0.0014924266698101984,
gold_grating_1d,li,24,49,420,700,TE,49,1,,0,420,cpu,torch,3.4648595999460667,True,,0.9299992969877714,4.253355367529668e-10,0.07000070258689307,0.0700007030122286,1.60775220348075e-06,4.77871799442093e-14,1.6077522512758513e-06,
gold_grating_1d,li,24,49,420,700,TM,49,1,,0,420,cpu,torch,3.4648595999460667,True,,0.7588620434995826,0.05808189955989343,0.18305605694052393,0.24113795650041736,0.0009497826101010354,0.00025862684651266343,0.0006911557635883858,
gold_grating_1d,asr_r4,2,5,420,400,TE,20,4,0.001,192,420,cpu,torch,3.086243199883029,True,,0.038116460955731006,4.9808715426660334e-08,0.9618834892355537,0.961883539044269,0.00023489004656001428,8.613929537173056e-11,0.0002348899604206478,0.0
gold_grating_1d,asr_r4,2,5,420,400,TM,20,4,0.001,192,420,cpu,torch,3.086243199883029,True,,0.000393245873961385,0.027675313423090396,0.9719314407029482,0.9996067541260386,0.0004632937463425827,0.001100486547017384,0.0006371928006747574,0.0
gold_grating_1d,asr_r4,2,5,420,450,TE,20,4,0.001,192,420,cpu,torch,2.7470340998843312,True,,0.05469860833040484,2.1171393745135677e-07,0.9453011799556577,0.9453013916695951,0.0002164581781568392,7.693540082375663e-11,0.0002164581012215061,0.0
gold_grating_1d,asr_r4,2,5,420,450,TM,20,4,0.001,192,420,cpu,torch,2.7470340998843312,True,,0.0005150435293931321,0.03085764710117826,0.9686273093694286,0.9994849564706069,0.0004095707508533138,0.0007554855697498204,0.00034591481889645337,0.0
gold_grating_1d,asr_r4,2,5,420,500,TE,20,4,0.001,192,420,cpu,torch,2.802761700004339,True,,0.09371849834928248,2.577452124496725e-06,0.906278924198593,0.9062815016507175,0.00018187210277204047,2.4681769818244195e-09,0.00018187457094898107,0.0
gold_grating_1d,asr_r4,2,5,420,500,TM,20,4,0.001,192,420,cpu,torch,2.802761700004339,True,,0.0006162431987928837,0.028720974898928185,0.970662781902279,0.9993837568012072,0.0004031111179191413,0.0016857849474003588,0.00208889606531959,0.0
gold_grating_1d,asr_r4,2,5,420,550,TE,20,4,0.001,192,420,cpu,torch,2.758919000159949,True,,0.5116019444284748,2.024100228866784e-07,0.48839785316150225,0.48839805557152516,0.0004857649470951797,5.545049620805039e-10,0.0004857655016001772,0.0
gold_grating_1d,asr_r4,2,5,420,550,TM,20,4,0.001,192,420,cpu,torch,2.758919000159949,True,,0.04830721001432123,0.15748687616660637,0.7942059138190724,0.9516927899856787,0.011534080297277524,0.0021333304443103274,0.009400749852967238,0.0
gold_grating_1d,asr_r4,2,5,420,600,TE,20,4,0.001,192,420,cpu,torch,2.5425527999177575,True,,0.782367307427855,1.1679481559773189e-08,0.21763268089266347,0.21763269257214501,0.0004393947551835087,4.91946350272196e-11,0.0004393948043781293,0.0
gold_grating_1d,asr_r4,2,5,420,600,TM,20,4,0.001,192,420,cpu,torch,2.5425527999177575,True,,0.38307908276464336,0.16258383367195578,0.4543370835634009,0.6169209172353567,0.007210090190492513,0.020760306027772985,0.013550215837280388,0.0
gold_grating_1d,asr_r4,2,5,420,650,TE,20,4,0.001,192,420,cpu,torch,3.2293640999123454,True,,0.8959462300930123,1.4851060426941076e-09,0.10405376842188163,0.10405376990698767,0.0003001660785583171,8.031831841119899e-12,0.0003001660865901423,0.0
gold_grating_1d,asr_r4,2,5,420,650,TM,20,4,0.001,192,420,cpu,torch,3.2293640999123454,True,,0.6562880463248446,0.08873725936015048,0.2549746943150049,0.3437119536751554,0.01799498737846128,0.008884748089390548,0.009110239289070732,0.0
gold_grating_1d,asr_r4,2,5,420,700,TE,20,4,0.001,192,420,cpu,torch,2.7430396999698132,True,,0.9302443914828006,4.280733691919482e-10,0.06975560808912605,0.06975560851719942,0.00024348674282570482,2.6900452590372046e-12,0.00024348674551574745,0.0
gold_grating_1d,asr_r4,2,5,420,700,TM,20,4,0.001,192,420,cpu,torch,2.7430396999698132,True,,0.7086935606433631,0.06240263879647866,0.22890380056015824,0.2913064393566369,0.05111826546632059,0.004579366083097891,0.0465388993832227,0.0
gold_grating_1d,asr_r4,4,9,420,400,TE,36,4,0.001,192,420,cpu,torch,3.7664421999361366,True,,0.03792703403206384,4.989859071046471e-08,0.9620729160693454,0.9620729659679361,4.5463122892851204e-05,3.7359884326465465e-12,4.54631266288974e-05,0.0
gold_grating_1d,asr_r4,4,9,420,400,TM,36,4,0.001,192,420,cpu,torch,3.7664421999361366,True,,0.0008416686599836678,0.027551493384938106,0.9716068379550782,0.9991583313400163,1.4870960320299896e-05,0.0009766665088650935,0.0009617955485448082,0.0
gold_grating_1d,asr_r4,4,9,420,450,TE,36,4,0.001,192,420,cpu,torch,4.536710999906063,True,,0.054524653101500696,2.118156986877406e-07,0.9454751350828007,0.9454753468984993,4.25029492526971e-05,2.4825835560073614e-11,4.250297407848436e-05,0.0
gold_grating_1d,asr_r4,4,9,420,450,TM,36,4,0.001,192,420,cpu,torch,4.536710999906063,True,,0.0010205807872763185,0.03093837067244777,0.968041048540276,0.9989794192127237,9.596650702987258e-05,0.0008362091410193326,0.0009321756480491494,0.0
gold_grating_1d,asr_r4,4,9,420,500,TE,36,4,0.001,192,420,cpu,torch,4.418579199817032,True,,0.09357296734374045,2.5755459650793445e-06,0.9064244571102945,0.9064270326562596,3.6341097230011e-05,5.620175644439203e-10,3.6341659247485225e-05,0.0
gold_grating_1d,asr_r4,4,9,420,500,TM,36,4,0.001,192,420,cpu,torch,4.418579199817032,True,,0.0011736832803169762,0.030221507850384,0.968604808869299,0.998826316719683,0.00015432896360495127,0.00018525199594454297,3.0923032339646994e-05,0.0
gold_grating_1d,asr_r4,4,9,420,550,TE,36,4,0.001,192,420,cpu,torch,4.794705400010571,True,,0.5112102941351178,2.019515988851672e-07,0.48878950391328335,0.48878970586488224,9.411465373809769e-05,9.608096056929845e-11,9.41147498190742e-05,0.0
gold_grating_1d,asr_r4,4,9,420,550,TM,36,4,0.001,192,420,cpu,torch,4.794705400010571,True,,0.06025348934823891,0.1547073485287827,0.7850391621229784,0.9397465106517611,0.00041219903664015817,0.0006461971935133315,0.00023399815687330516,0.0
gold_grating_1d,asr_r4,4,9,420,600,TE,36,4,0.001,192,420,cpu,torch,5.179980000015348,True,,0.7820123418761477,1.1638470908053005e-08,0.21798764648538144,0.21798765812385235,8.442920347617733e-05,8.183983307035223e-12,8.44292116601586e-05,0.0
gold_grating_1d,asr_r4,4,9,420,600,TM,36,4,0.001,192,420,cpu,torch,5.179980000015348,True,,0.3657325528058236,0.14713700250857675,0.48713044468559963,0.6342674471941764,0.024556620149312258,0.005313474864393958,0.019243145284918328,0.0
gold_grating_1d,asr_r4,4,9,420,650,TE,36,4,0.001,192,420,cpu,torch,5.262006300035864,True,,0.8957036676649713,1.4783910392144677e-09,0.10429633085663763,0.10429633233502866,5.760365051732386e-05,1.3168283614800015e-12,5.760365183414551e-05,0.0
gold_grating_1d,asr_r4,4,9,420,650,TM,36,4,0.001,192,420,cpu,torch,5.262006300035864,True,,0.644453521571812,0.08485466673180492,0.27069181169638307,0.355546478428188,0.029829512131493874,0.005002155461044988,0.024827356670448886,0.0
gold_grating_1d,asr_r4,4,9,420,700,TE,36,4,0.001,192,420,cpu,torch,5.65260719996877,True,,0.9300476509719604,4.2582230936440345e-10,0.06995234860221729,0.0699523490280396,4.67462319855283e-05,4.3898543149243613e-13,4.674623242451048e-05,0.0
gold_grating_1d,asr_r4,4,9,420,700,TM,36,4,0.001,192,420,cpu,torch,5.65260719996877,True,,0.733741606708726,0.06232392134127182,0.20393447195000217,0.266258393291274,0.02607021940095766,0.004500648627891055,0.02156957077306662,0.0
gold_grating_1d,asr_r4,8,17,420,400,TE,68,4,0.001,192,420,cpu,torch,12.3482327000238,True,,0.03788705750501519,4.989614679624303e-08,0.962112892598838,0.9621129424949848,5.48659584419936e-06,1.2920742109668298e-12,5.486597136283855e-06,0.0
gold_grating_1d,asr_r4,8,17,420,400,TM,68,4,0.001,192,420,cpu,torch,12.3482327000238,True,,0.0008163861688775604,0.02694076322334304,0.9722428506077794,0.9991836138311224,4.015345142640734e-05,0.00036593634727002944,0.0003257828958436182,0.0
gold_grating_1d,asr_r4,8,17,420,450,TE,68,4,0.001,192,420,cpu,torch,12.52423209999688,True,,0.05448723424525232,2.1179564921465294e-07,0.9455125539590984,0.9455127657547476,5.0840930043219434e-06,4.7763624724109795e-12,5.084097780772012e-06,0.0
gold_grating_1d,asr_r4,8,17,420,450,TM,68,4,0.001,192,420,cpu,torch,12.52423209999688,True,,0.0009371616310397317,0.03041546618615529,0.9686473721828049,0.9990628383689603,1.2547350793285818e-05,0.00031330465472685295,0.00032585200552015525,0.0
gold_grating_1d,asr_r4,8,17,420,500,TE,68,4,0.001,192,420,cpu,torch,12.460736400214955,True,,0.09354093679701629,2.575066109325119e-06,0.9064564881368744,0.9064590632029838,4.310550505856603e-06,8.216181021855482e-11,4.310632667592351e-06,0.0
gold_grating_1d,asr_r4,8,17,420,500,TM,68,4,0.001,192,420,cpu,torch,12.460736400214955,True,,0.0010551828637861563,0.03021587040391665,0.9687289467322973,0.9989448171362139,3.582854707413134e-05,0.00019088944241189496,0.00015506089533789957,0.0
gold_grating_1d,asr_r4,8,17,420,550,TE,68,4,0.001,192,420,cpu,torch,13.076787299942225,True,,0.5111269309549652,2.0186868304478097e-07,0.48887286717635176,0.4888730690450348,1.0751473585535187e-05,1.3165120183074139e-11,1.0751486750670836e-05,0.0
gold_grating_1d,asr_r4,8,17,420,550,TM,68,4,0.001,192,420,cpu,torch,13.076787299942225,True,,0.05966072323724496,0.15251434081550344,0.7878249359472517,0.9403392767627551,0.0001805670743537935,0.0028392049067925973,0.0030197719811465573,0.0
gold_grating_1d,asr_r4,8,17,420,600,TE,68,4,0.001,192,420,cpu,torch,11.058021900011227,True,,0.7819373488120951,1.163137434971048e-08,0.21806263955653057,0.2180626511879049,9.436139423613099e-06,1.0874249645102806e-12,9.43614051102104e-06,0.0
gold_grating_1d,asr_r4,8,17,420,600,TM,68,4,0.001,192,420,cpu,torch,11.058021900011227,True,,0.38175893189625976,0.1436585747798476,0.4745824933238927,0.6182410681037402,0.00853024105887612,0.0018350471356647913,0.006695193923211384,0.0
gold_grating_1d,asr_r4,8,17,420,650,TE,68,4,0.001,192,420,cpu,torch,708.7437130000908,True,,0.8956524179455144,1.4772457452743498e-09,0.10434758057723983,0.10434758205448558,6.353931060409934e-06,1.7153442136206038e-13,6.3539312319393915e-06,0.0
gold_grating_1d,asr_r4,8,17,420,650,TM,68,4,0.001,192,420,cpu,torch,708.7437130000908,True,,0.6663576410667255,0.08206542760923914,0.2515769313240354,0.33364235893327454,0.00792539263658043,0.002212916338479212,0.005712476298101232,0.0
gold_grating_1d,asr_r4,8,17,420,700,TE,68,4,0.001,192,420,cpu,torch,6.758852800121531,True,,0.930006019850804,4.2543974939735855e-10,0.06999397972375625,0.069993980149196,5.115110829123637e-06,5.6425464447537176e-14,5.115110885550722e-06,0.0
gold_grating_1d,asr_r4,8,17,420,700,TM,68,4,0.001,192,420,cpu,torch,6.758852800121531,True,,0.7552727682164353,0.05990441089310648,0.1848228208904582,0.2447272317835647,0.004539057893248377,0.0020811381797257167,0.0024579197135226605,0.0
gold_grating_1d,asr_r4,12,25,420,400,TE,100,4,0.001,250,420,cpu,torch,11.409450500039384,True,,0.03788262930353246,4.989521455969475e-08,0.962117320801253,0.9621173706964675,1.0583943614653202e-06,3.5983766268361357e-13,1.0583947213094191e-06,0.0
gold_grating_1d,asr_r4,12,25,420,400,TM,100,4,0.001,250,420,cpu,torch,11.409450500039384,True,,0.0008268418516385731,0.026589585633067864,0.9725835725152935,0.9991731581483614,2.969776866539465e-05,1.4758756994852351e-05,1.49390116704895e-05,0.0
gold_grating_1d,asr_r4,12,25,420,450,TE,100,4,0.001,250,420,cpu,torch,11.829557499848306,True,,0.054483140243082234,2.117921467433004e-07,0.9455166479647711,0.9455168597569178,9.90090834235291e-07,1.2738911198595464e-12,9.900921080774339e-07,0.0
gold_grating_1d,asr_r4,12,25,420,450,TM,100,4,0.001,250,420,cpu,torch,11.829557499848306,True,,0.0009409030573527422,0.030088779402996653,0.9689703175396506,0.9990590969426473,1.628877710629635e-05,1.3382128431785323e-05,2.906648674527723e-06,0.0
gold_grating_1d,asr_r4,12,25,420,500,TE,100,4,0.001,250,420,cpu,torch,11.268592900130898,True,,0.09353747278724575,2.5750076357337086e-06,0.9064599522051184,0.9064625272127542,8.465407353164256e-07,2.368821880804626e-11,8.465644235622349e-07,0.0
gold_grating_1d,asr_r4,12,25,420,500,TM,100,4,0.001,250,420,cpu,torch,11.268592900130898,True,,0.0010657098140125266,0.03003777664325876,0.9688965135427287,0.9989342901859875,4.6355497300501654e-05,0.000368983203069783,0.0003226277057692961,0.0
gold_grating_1d,asr_r4,12,25,420,550,TE,100,4,0.001,250,420,cpu,torch,11.644636899931356,True,,0.5111181670321849,2.018593964022082e-07,0.48888163110841865,0.48888183296781507,1.987550805271354e-06,3.878477610312477e-12,1.9875546837799796e-06,0.0
gold_grating_1d,asr_r4,12,25,420,550,TM,100,4,0.001,250,420,cpu,torch,11.644636899931356,True,,0.061406558508564996,0.15110405198019808,0.7874893895112369,0.938593441491435,0.0015652681969662435,0.0042494937420979595,0.002684225545131813,0.0
gold_grating_1d,asr_r4,12,25,420,600,TE,100,4,0.001,250,420,cpu,torch,11.916567099979147,True,,0.781929591500222,1.1630600668190847e-08,0.2180703968691773,0.218070408499778,1.6788275505330574e-06,3.137434448781213e-13,1.6788278642820842e-06,0.0
gold_grating_1d,asr_r4,12,25,420,600,TM,100,4,0.001,250,420,cpu,torch,11.916567099979147,True,,0.3906267944786735,0.1408238305620763,0.46854937495925025,0.6093732055213266,0.0003376215235376123,0.0009996970821064821,0.0006620755585689531,0.0
gold_grating_1d,asr_r4,12,25,420,650,TE,100,4,0.001,250,420,cpu,torch,11.366876600077376,True,,0.8956471686153852,1.4771227702643774e-09,0.10435282990749205,0.10435283138461482,1.1046009311677096e-06,4.8559411389661096e-14,1.1046009797260892e-06,0.0
gold_grating_1d,asr_r4,12,25,420,650,TM,100,4,0.001,250,420,cpu,torch,11.366876600077376,True,,0.6740026141801666,0.0799130967052587,0.2460842891145747,0.3259973858198334,0.00028041952313928586,6.0585434498772184e-05,0.00021983408864051368,0.0
gold_grating_1d,asr_r4,12,25,420,700,TE,100,4,0.001,250,420,cpu,torch,11.517551199998707,True,,0.9300017814744098,4.2539904347143334e-10,0.06999821810019113,0.06999821852559018,8.767344349402961e-07,1.571953852232253e-14,8.767344506638297e-07,0.0
gold_grating_1d,asr_r4,12,25,420,700,TM,100,4,0.001,250,420,cpu,torch,11.517551199998707,True,,0.7615634437882894,0.05819477665329189,0.18024177955841866,0.23843655621171056,0.0017516176786057658,0.00037150393991112335,0.002123121618516882,0.0
gold_grating_1d,asr_r4,16,33,420,400,TE,132,4,0.001,330,420,cpu,torch,21.473242999985814,True,,0.03788196979430598,4.9895021816936346e-08,0.9621179803106722,0.962118030205694,3.988851349848166e-07,1.670949042815493e-13,3.9888530212195406e-07,0.0
gold_grating_1d,asr_r4,16,33,420,400,TM,132,4,0.001,330,420,cpu,torch,21.473242999985814,True,,0.0008317881773104031,0.026460094557145177,0.9727081172655444,0.9991682118226896,2.4751442993564622e-05,0.00011473231892783486,0.00013948376192141065,0.0
gold_grating_1d,asr_r4,16,33,420,450,TE,132,4,0.001,330,420,cpu,torch,20.97980899992399,True,,0.054482526086622005,2.117914536680707e-07,0.9455172621219243,0.945517473913378,3.7593437400562646e-07,5.808158901791257e-13,3.759349548326796e-07,0.0
gold_grating_1d,asr_r4,16,33,420,450,TM,132,4,0.001,330,420,cpu,torch,20.97980899992399,True,,0.0009314173725722425,0.02996724576004143,0.9691013368673863,0.9990685826274277,6.803092325796635e-06,0.00013491577138700916,0.0001281126790612097,0.0
gold_grating_1d,asr_r4,16,33,420,500,TE,132,4,0.001,330,420,cpu,torch,20.88121290015988,True,,0.09353694989345068,2.5749951050551967e-06,0.9064604751114443,0.9064630501065494,3.236469402478903e-07,1.1157540296191036e-11,3.236580976562209e-07,0.0
gold_grating_1d,asr_r4,16,33,420,500,TM,132,4,0.001,330,420,cpu,torch,20.88121290015988,True,,0.0010434700937537358,0.02999439977913575,0.9689621301271105,0.9989565299062463,2.4115777041710824e-05,0.0004123600671927935,0.0003882442901511629,0.0
gold_grating_1d,asr_r4,16,33,420,550,TE,132,4,0.001,330,420,cpu,torch,21.09947449993342,True,,0.5111169047045364,2.0185736007882368e-07,0.4888828934381035,0.4888830952954636,7.252231567500544e-07,1.8421542257852616e-12,7.252249989431192e-07,0.0
gold_grating_1d,asr_r4,16,33,420,550,TM,132,4,0.001,330,420,cpu,torch,21.09947449993342,True,,0.061400781664660786,0.1507813908071033,0.7878178275282359,0.9385992183353392,0.0015594913530620341,0.00457215491519275,0.003012663562130813,0.0
gold_grating_1d,asr_r4,16,33,420,600,TE,132,4,0.001,330,420,cpu,torch,21.513510700082406,True,,0.7819285062565662,1.1630434699854608e-08,0.21807148211299912,0.21807149374343382,5.935838947035421e-07,1.4777510863896365e-13,5.935840424742267e-07,0.0
gold_grating_1d,asr_r4,16,33,420,600,TM,132,4,0.001,330,420,cpu,torch,21.513510700082406,True,,0.39177342138226895,0.13950139003618742,0.46872518858154355,0.608226578617731,0.0014842484271330725,0.002322137607995378,0.0008378891808622502,0.0
gold_grating_1d,asr_r4,16,33,420,650,TE,132,4,0.001,330,420,cpu,torch,21.250261100009084,True,,0.8956464469687188,1.4770969039118048e-09,0.10435355155418434,0.10435355303128124,3.8295426474377336e-07,2.269305881707882e-14,3.8295428743395643e-07,0.0
gold_grating_1d,asr_r4,16,33,420,650,TM,132,4,0.001,330,420,cpu,torch,21.250261100009084,True,,0.674795564698097,0.07895896454770444,0.24624547075419856,0.325204435301903,0.0005125309947910939,0.0008935467230554855,0.0003810157282643778,0.0
gold_grating_1d,asr_r4,16,33,420,700,TE,132,4,0.001,330,420,cpu,torch,21.22931670001708,True,,0.9300012049398985,4.2539062062296573e-10,0.06999879463471091,0.06999879506010154,3.0019992358631953e-07,7.296690054718933e-15,3.001999308860359e-07,0.0
gold_grating_1d,asr_r4,16,33,420,700,TM,132,4,0.001,330,420,cpu,torch,21.22931670001708,True,,0.761937079679098,0.05749764887918271,0.18056527144171933,0.23806292032090204,0.002125253569414287,0.00032562383419805496,0.0017996297352162183,0.0
gold_grating_1d,asr_r4,24,49,420,400,TE,196,4,0.001,490,420,cpu,torch,59.77968610008247,True,,0.037881769722900756,4.989493769046366e-08,0.9621181803821615,0.9621182302770992,1.9881372976399136e-07,8.296843159489605e-14,1.9881381285724586e-07,0.0
gold_grating_1d,asr_r4,24,49,420,400,TM,196,4,0.001,490,420,cpu,torch,59.77968610008247,True,,0.0008353659026188199,0.026677881461600703,0.9724867526357805,0.9991646340973812,2.1173717685147838e-05,0.00010305458552769056,8.18808678424432e-05,0.0
gold_grating_1d,asr_r4,24,49,420,450,TE,196,4,0.001,490,420,cpu,torch,57.13338060001843,True,,0.054482336875973016,2.1179115551003173e-07,0.9455174513328715,0.945517663124027,1.8672372501665757e-07,2.826578511996113e-13,1.8672400770025632e-07,0.0
gold_grating_1d,asr_r4,24,49,420,450,TM,196,4,0.001,490,420,cpu,torch,57.13338060001843,True,,0.0009220245523462894,0.030181207748611036,0.9688967676990428,0.9990779754476538,2.5897279001564893e-06,7.904621718259758e-05,7.645648928233939e-05,0.0
gold_grating_1d,asr_r4,24,49,420,500,TE,196,4,0.001,490,420,cpu,torch,49.82325830007903,True,,0.09353678646026035,2.574989175910953e-06,0.9064606385505638,0.9064632135397397,1.6021374991959103e-07,5.228396052607158e-12,1.6021897819573638e-07,0.0
gold_grating_1d,asr_r4,24,49,420,500,TM,196,4,0.001,490,420,cpu,torch,49.82325830007903,True,,0.0010197332702951854,0.030329965250152607,0.9686503014795522,0.9989802667297049,3.7895358316044833e-07,7.679459617593656e-05,7.641564259286415e-05,0.0
gold_grating_1d,asr_r4,24,49,420,550,TE,196,4,0.001,490,420,cpu,torch,52.412309599807486,True,,0.5111165426869753,2.0185637285934902e-07,0.4888832554566519,0.48888345731302474,3.632055955993252e-07,8.54934751124322e-13,3.632064505265653e-07,0.0
gold_grating_1d,asr_r4,24,49,420,550,TM,196,4,0.001,490,420,cpu,torch,52.412309599807486,True,,0.059948084396363385,0.15743954638637495,0.7826123692172617,0.9400519156036367,0.00010679408476463315,0.0020860006640789075,0.002192794748843374,0.0
gold_grating_1d,asr_r4,24,49,420,600,TE,196,4,0.001,490,420,cpu,torch,81.47301099984907,True,,0.7819282120314919,1.1630355503741376e-08,0.2180717763381526,0.21807178796850812,2.9935882039922035e-07,6.857899540637518e-14,2.993588889832477e-07,0.0
gold_grating_1d,asr_r4,24,49,420,600,TM,196,4,0.001,490,420,cpu,torch,81.47301099984907,True,,0.39162163312443216,0.14464647240816897,0.4637318944673988,0.6083783668755678,0.001332460169296279,0.0028229447639861738,0.0041554049332824805,0.0
gold_grating_1d,asr_r4,24,49,420,650,TE,196,4,0.001,490,420,cpu,torch,80.63029060000554,True,,0.895646258074576,1.4770847501500436e-09,0.10435374044833927,0.10435374192542402,1.9406012197187295e-07,1.053929705592816e-14,1.940601325051139e-07,0.0
gold_grating_1d,asr_r4,24,49,420,650,TM,196,4,0.001,490,420,cpu,torch,80.63029060000554,True,,0.6769690830701423,0.0813839480785379,0.24164696885131987,0.32303091692985775,0.0026860493668363628,0.0015314368077779666,0.0042174861746143155,0.0
gold_grating_1d,asr_r4,24,49,420,700,TE,196,4,0.001,490,420,cpu,torch,79.32850549998693,True,,0.9300010573166291,4.253867161182701e-10,0.06999894225798421,0.06999894268337092,1.5257665419987632e-07,3.3921853590712863e-15,1.5257665758605654e-07,0.0
gold_grating_1d,asr_r4,24,49,420,700,TM,196,4,0.001,490,420,cpu,torch,79.32850549998693,True,,0.7646405001627343,0.05906897162632255,0.17629052821094313,0.23535949983726567,0.004828674053050652,0.0012456989129417811,0.0060743729659924195,0.0
