wavelength,eta0
0.95,0.10401373465375041
0.9520348012279751,0.10277677076086178
0.9540696024559502,0.10184904784119553
0.9561044036839254,0.1006227474301431
0.9581579083146299,0.09938578353725447
0.9601920645976832,0.09814881964436761
0.9622268658256585,0.09722109672470136
0.964280370456363,0.09598413283181362
0.9663151716843381,0.0947578324207603
0.9683499729123133,0.09352086852787345
0.9704034775430178,0.0925931456082072
0.9724382787709929,0.09135618171531945
0.9744724350540463,0.0904284587956532
0.9765259396847509,0.08920215838459988
0.9805955421407012,0.08734671254526916
0.9826490467714057,0.0864189896256029
0.9846838479993808,0.08549126670593754
0.9867180042824343,0.08487278475949278
0.9887715089131388,0.08456354378627129
0.990806310141114,0.08456354378627129
0.992841111369089,0.08549126670593754
0.9948946159997936,0.08765595351849154
0.9969294172277687,0.09321162755465195
0.9989635735108221,0.11204333647568543
1.0010170781415266,0.4842628334165813
1.0030518793695018,0.5506110173954468
1.005086680597477,0.43488024903758404
1.0071401852281814,0.31882957622466446
1.0091749864561566,0.23363901984293012
1.0112097876841317,0.17376356933805592
1.0132626473699147,0.13117362288810686
1.0152974485978898,0.10031350645692072
1.0173322498258648,0.07747232836583695
1.0193857544565694,0.060186824310911824
1.0214205556845446,0.04691078942603788
1.0234553569125198,0.0364179233001618
1.0255082165983025,0.028398984960061213
1.0275430178262777,0.021915588004234543
1.0295778190542528,0.016669154941296505
1.0316313236849572,0.01265968577124621
1.0336661249129324,0.009258035065805359
1.0357009261409076,0.006794770761864299
1.0377537858266903,0.004939324922532684
1.0397885870546655,0.0033931200564225605
1.0418233882826407,0.0021668196453692445
1.0438768929133453,0.0015483376989253728
1.0459116941413205,0.000929855752481501
1.0479464953692954,0.0006206147792608974
1.0499993550550784,0.0006206147792608974
