style,caption_modes,pdf_curve_index,vertex,wavelength,eta0,pdf_x_pt,pdf_y_from_top_pt
solid,19,57,0,1.16,0.998314418983127,226.2946996,432.2112944
solid,19,57,1,1.1604069334416682,0.8928784202037194,229.9047263,440.6667112
solid,19,57,2,1.1608138668833365,0.6780685566485971,233.51475299999998,457.8933411
solid,19,57,3,1.161220897052707,0.10039378659962761,237.12563780000002,504.2198426
solid,19,57,4,1.1616315061470455,0.3589561022392047,240.7682723,483.48449439999996
solid,19,57,5,1.1620384395887138,0.6836774727909409,244.378299,457.4435353
solid,19,57,6,1.162445373030382,0.19405978000261204,247.98832570000002,496.70831880000003
solid,19,57,7,1.1628560788524225,0.007294497159211488,251.6318183,511.6859197
solid,19,57,8,1.1632630122940908,0.033101323762329216,255.24184499999998,509.6163469
solid,19,57,9,1.163669945735759,0.045438033101319775,258.8518717,508.62700720000004
solid,19,57,10,1.1640806515577995,0.051046949243664486,262.4953643,508.1772014
solid,19,57,11,1.164487584999468,0.05440358040657056,266.105391,507.9080171
solid,19,57,12,1.1648945184411363,0.056655865386009197,269.7154177,507.72739559999997
solid,19,57,13,1.1653052242631767,0.05946032345718155,273.3589103,507.5024927
solid,19,57,14,1.165712157704845,0.06226478152835391,276.968937,507.2775898
solid,19,57,15,1.1661190911465134,0.06618811665382829,280.5789637,506.96295879999997
solid,19,57,16,1.1665297969685537,0.07179703279617211,284.2224563,506.513153
solid,19,57,17,1.166936730410222,0.07964370304711998,287.832483,505.883891
solid,19,57,18,1.1673436638518904,0.08974265827750738,291.4425097,505.0740075
solid,19,57,19,1.1677543696739308,0.10264607157906624,295.08600229999996,504.0392211
solid,19,57,20,1.1681613031155993,0.12114387015213524,298.69602899999995,502.5557942
solid,19,57,21,1.1685682365572676,0.14638399279268466,302.3060557,500.5316681
solid,19,57,22,1.168978942379308,0.18115636670105317,305.9495483,497.7431052
solid,19,57,23,1.1693858758209763,0.23051773492785088,309.559575,493.78458109999997
solid,19,57,24,1.1697928092626446,0.2994957787820196,313.1696017,488.25290199999995
solid,19,57,25,1.170203515084685,0.38531510193405527,316.8130943,481.3706402
solid,19,57,26,1.1706104485263533,0.0011334079251339446,320.42312100000004,512.1800069
solid,19,57,27,1.1710173819680219,0.006175620104909463,324.03314770000003,511.7756478
solid,19,57,28,1.1714279910623602,0.6769496795942951,327.6757822,457.9830692
solid,19,57,29,1.1718350212317306,0.92876967116639,331.28666699999997,437.78842019999996
solid,19,57,30,1.1722419546733989,0.9999999999999964,334.89669369999996,432.0761196
solid,19,57,31,1.1726525637677374,0.9506531626440333,338.5393282,436.03347840000004
solid,19,57,32,1.1730594972094057,0.8805417108647289,342.1493549,441.6560509
solid,19,57,33,1.1734665273787759,0.454293145788224,345.7602397,475.8389611
solid,19,57,34,1.1738771364731144,0.547392435228641,349.4028742,468.37288399999994
solid,19,57,35,1.1742840699147827,0.500283351981281,353.0129009,472.1507866
solid,19,57,36,1.1746910033564513,0.4593353579679995,356.62292759999997,475.434602
solid,19,57,37,1.1751017091784917,0.4313053081271123,360.26642019999997,477.6824657
solid,19,57,38,1.17550864262016,0.4144785597000791,363.87644689999996,479.0318831
solid,19,57,39,1.1759155760618283,0.4077507665034332,367.48647359999995,479.571417
solid,19,57,40,1.1763262818838687,0.4105552245746056,371.1299662,479.3465141
solid,19,57,41,1.176733215325537,0.4212063528967258,374.7399929,478.4923492
solid,19,57,42,1.1771401487672053,0.4402708554323631,378.3500196,476.9634756
solid,19,57,43,1.1775508545892457,0.4677487321815157,381.99351219999994,474.75989330000004
solid,19,57,44,1.177957788030914,0.5030878100524534,385.6035389,471.9258837
solid,19,57,45,1.1783647214725825,0.5451546811200361,389.2135656,468.5523402
solid,19,57,46,1.178775427294623,0.5933826414216972,392.8570582,464.6847095
solid,19,57,47,1.1791823607362912,0.6421773056859257,396.4670849,460.77163210000003
solid,19,57,48,1.1795892941779595,0.6842441767535092,400.07711159999997,457.39808860000005
solid,19,57,49,1.18,0.7021898022348445,403.7206042,455.9589431
dashed,38,58,0,1.16,0.998314418983127,226.2946996,432.2112944
dashed,38,58,1,1.1604069334416682,0.8923262471119866,229.9047263,440.71099259999994
dashed,38,58,2,1.1608138668833365,0.6780685566485971,233.51475299999998,457.8933411
dashed,38,58,3,1.161220897052707,0.10039378659962761,237.12563780000002,504.2198426
dashed,38,58,4,1.1616315061470455,0.3583893982766355,240.7682723,483.5299411
dashed,38,58,5,1.1620384395887138,0.6831252996992081,244.378299,457.4878167
dashed,38,58,6,1.162445373030382,0.19517865705691406,247.98832570000002,496.6185907
dashed,38,58,7,1.1628560788524225,0.007294497159211488,251.6318183,511.6859197
dashed,38,58,8,1.1632630122940908,0.03253461979976091,255.24184499999998,509.6617936
dashed,38,58,9,1.163669945735759,0.04487132913875147,258.8518717,508.6724539
dashed,38,58,10,1.1640806515577995,0.05048024528109618,262.4953643,508.2226481
dashed,38,58,11,1.164487584999468,0.053284703352268536,266.105391,507.9977452
dashed,38,58,12,1.1648945184411363,0.05552245746087259,269.7154177,507.818289
dashed,38,58,13,1.1653052242631767,0.058326915532044055,273.3589103,507.59338610000003
dashed,38,58,14,1.165712157704845,0.06113137360321641,276.968937,507.3684832
dashed,38,58,15,1.1661190911465134,0.06506923959952537,280.5789637,507.0526869
dashed,38,58,16,1.1665297969685537,0.07067815574187009,284.2224563,506.6028811
dashed,38,58,17,1.166936730410222,0.07852482599281796,287.832483,505.9736191
dashed,38,58,18,1.1673436638518904,0.08805707726063705,291.4425097,505.2091823
dashed,38,58,19,1.1677543696739308,0.10151266365392964,295.08600229999996,504.1301145
dashed,38,58,20,1.1681613031155993,0.11947282000609949,298.69602899999995,502.6898037
dashed,38,58,21,1.1685682365572676,0.14469841177581433,302.3060557,500.6668429
dashed,38,58,22,1.168978942379308,0.17947078568418195,305.9495483,497.87828
dashed,38,58,23,1.1693858758209763,0.22826544994841225,309.559575,493.9652026
dashed,38,58,24,1.1697928092626446,0.2978101977651484,313.1696017,488.3880768
dashed,38,58,25,1.170203515084685,0.38362952091718494,316.8130943,481.50581500000004
dashed,38,58,26,1.1706104485263533,0.0011334079251339446,320.42312100000004,512.1800069
dashed,38,58,27,1.1710173819680219,0.005056743050607437,324.03314770000003,511.8653759
dashed,38,58,28,1.1714279910623602,0.6724596405062515,327.6757822,458.3431469
dashed,38,58,29,1.1718350212317306,0.9265319170577868,331.28666699999997,437.96787639999997
dashed,38,58,30,1.1722419546733989,0.9999999999999964,334.89669369999996,432.0761196
dashed,38,58,31,1.1726525637677374,0.9517720396983353,338.5393282,435.94375030000003
dashed,38,58,32,1.1730594972094057,0.8811084148272972,342.1493549,441.6106042
dashed,38,58,33,1.1734665273787759,0.49243668173033317,345.7602397,472.7800486
dashed,38,58,34,1.1738771364731144,0.5591769714758978,349.4028742,467.42782569999997
dashed,38,58,35,1.1742840699147827,0.5103823072116676,353.0129009,471.3409031
dashed,38,58,36,1.1746910033564513,0.4700010171609552,356.62292759999997,474.5792718
dashed,38,58,37,1.1751017091784917,0.44195643644923255,360.26642019999997,476.8283008
dashed,38,58,38,1.17550864262016,0.4256963919847694,363.87644689999996,478.13227149999994
dashed,38,58,39,1.1759155760618283,0.4200874758424238,367.48647359999995,478.5820773
dashed,38,58,40,1.1763262818838687,0.42344410700532986,371.1299662,478.312893
dashed,38,58,41,1.176733215325537,0.43578081634431953,374.7399929,477.3235533
dashed,38,58,42,1.1771401487672053,0.45653089989682716,378.3500196,475.6595049
dashed,38,58,43,1.1775508545892457,0.48570888853368643,381.99351219999994,473.31958249999997
dashed,38,58,44,1.177957788030914,0.5232857205132264,385.6035389,470.3061167
dashed,38,58,45,1.1783647214725825,0.567590345689414,389.2135656,466.753117
dashed,38,58,46,1.178775427294623,0.6175038870079455,392.8570582,462.75031149999995
dashed,38,58,47,1.1791823607362912,0.6679841322890452,396.4670849,458.7020593
dashed,38,58,48,1.1795892941779595,0.7111698804109299,400.07711159999997,455.2387877
dashed,38,58,49,1.18,0.7302343829465672,403.7206042,453.7099141
diamond,38,59,0,1.1600000483638508,0.9983144189831261,226.29512864999998,432.21129440000004
diamond,38,60,1,1.1604069818055192,0.8923189816765689,229.90515534999997,440.71157525
diamond,38,61,2,1.1608139152471875,0.6780685566485971,233.51518204999996,457.8933411
diamond,38,62,3,1.161220848688856,0.10039378659962761,237.12520874999996,504.2198426
diamond,38,63,4,1.1616315545108964,0.35838939827663463,240.76870135000001,483.52994110000003
diamond,38,64,5,1.1620384879525647,0.6831252996992081,244.37872805,457.4878167
diamond,38,65,6,1.162445421394233,0.19517865705691406,247.98875475,496.6185907
diamond,38,66,7,1.1628561272162734,0.007294497159211488,251.63224735,511.6859197
diamond,38,67,8,1.1632630606579417,0.03253461979976091,255.24227405,509.6617936
diamond,38,68,9,1.16366999409961,0.04487132913875147,258.85230075000004,508.6724539
diamond,38,69,10,1.1640806999216504,0.05048024528109618,262.49579335,508.2226481
diamond,38,70,11,1.164487633363319,0.053284703352268536,266.10582005,507.9977452
diamond,38,71,12,1.1648945668049873,0.05552972289629032,269.71584674999997,507.81770635
diamond,38,72,13,1.1653051758993258,0.05833418096746179,273.35848124999995,507.59280345
diamond,38,73,14,1.165712206068696,0.06113137360321641,276.96936604999996,507.3684832
diamond,38,74,15,1.1661191395103643,0.06506923959952537,280.57939275,507.0526869
diamond,38,75,16,1.1665297486047028,0.07067815574187009,284.22202725,506.6028811
diamond,38,76,17,1.1669366820463711,0.07852482599281796,287.83205395000005,505.9736191
diamond,38,77,18,1.1673437122157413,0.08805707726063705,291.44293875,505.2091823
diamond,38,78,19,1.1677543213100798,0.10151992908934648,295.08557325,504.12953185000003
diamond,38,79,20,1.1681612547517484,0.11946555457068175,298.69559995,502.69038635
diamond,38,80,21,1.1685681881934167,0.14469841177581433,302.30562664999997,500.6668429
diamond,38,81,22,1.168978894015457,0.1794780511195997,305.94911924999997,497.87769735
diamond,38,82,23,1.1693858274571254,0.22826544994841225,309.55914595,493.9652026
diamond,38,83,24,1.1697927608987937,0.297817463200567,313.16917265,488.38749414999995
diamond,38,84,25,1.170203466720834,0.38362952091718494,316.81266525,481.505815
diamond,38,85,26,1.1706104001625024,0.0011261424897170969,320.42269194999994,512.1805895499999
diamond,38,86,27,1.171017333604171,0.005056743050607437,324.03271865,511.8653759
diamond,38,87,28,1.171428039426211,0.6724669059416692,327.67621125,458.34256425
diamond,38,88,29,1.1718349728678796,0.9265319170577859,331.28623795,437.9678764
diamond,38,89,30,1.172241906309548,0.9999999999999973,334.89626465,432.07611959999997
diamond,38,90,31,1.1726526121315883,0.9517720396983362,338.53975725,435.9437503
diamond,38,91,32,1.1730595455732566,0.8811084148272972,342.14978395,441.6106042
diamond,38,92,33,1.173466479014925,0.49243668173033317,345.75981065,472.7800486
diamond,38,93,34,1.1738771848369653,0.5591769714758978,349.40330325,467.42782569999997
diamond,38,94,35,1.1742841182786337,0.5103823072116676,353.01332994999996,471.3409031
diamond,38,95,36,1.1746910517203022,0.4700010171609552,356.62335665,474.5792718
diamond,38,96,37,1.1751017575423426,0.44195643644923344,360.26684924999995,476.82830079999997
diamond,38,97,38,1.175508690984011,0.4256963919847685,363.87687595,478.1322715
diamond,38,98,39,1.1759156244256792,0.4200874758424238,367.48690265,478.58207730000004
diamond,38,99,40,1.1763263302477196,0.423444107005329,371.13039525,478.31289300000003
diamond,38,100,41,1.176733263689388,0.4357808163443204,374.74042195,477.32355329999996
diamond,38,101,42,1.1771401971310562,0.456538165332244,378.35044865,475.65892225000005
diamond,38,102,43,1.1775508062253948,0.4857016230982696,381.99308314999996,473.32016515
diamond,38,103,44,1.177957836394765,0.5232784550778087,385.60396794999997,470.30669935000003
diamond,38,104,45,1.1783647698364335,0.5675903456894131,389.21399465,466.75311700000003
diamond,38,105,46,1.178775378930772,0.6175038870079446,392.85662915,462.7503115
diamond,38,106,47,1.1791823123724403,0.6679841322890452,396.46665585,458.7020593
diamond,38,107,48,1.1795892458141086,0.7111698804109299,400.07668255,455.2387877
diamond,38,108,49,1.179999951636149,0.7302343829465672,403.72017515,453.7099141
