profile,label,frequency_THz,order,harmonics,grid,epsilon_real,epsilon_imag,R_x,T_x,A_x,R0_x,T0_x,balance_x,polarization_delta_T,minimum_jacobian,elapsed_s,revision,R_y,T_y,A_y,R0_y,T0_y,balance_y
identity,matched coordinates (no ASR),370.0,6,169,1024,-33.6814911003288,1.2680462516358566,0.7455422342180935,0.02255676201139004,0.23190100377051645,0.7455422342180935,0.02255676201139004,0.7680989962294835,3.2751579226442118e-15,0.00819916908544327,11.800986595917493,weiss2009-v1-fixed-interface-eq41,0.7455422342180624,0.022556762011393314,0.23190100377054426,0.7455422342180624,0.022556762011393314,0.7680989962294558
identity,matched coordinates (no ASR),370.0,7,225,1024,-33.6814911003288,1.2680462516358566,0.8649343119685936,0.004962071875681263,0.13010361615572513,0.8649343119685936,0.004962071875681263,0.8698963838442749,9.992007221626409e-16,0.00819916908544327,13.800938716856763,weiss2009-v1-fixed-interface-eq41,0.8649343119685703,0.004962071875682262,0.13010361615574745,0.8649343119685703,0.004962071875682262,0.8698963838442526
identity,matched coordinates (no ASR),370.0,8,289,1024,-33.6814911003288,1.2680462516358566,0.9162859167445794,0.0078024229610260095,0.07591166029439461,0.9162859167445794,0.0078024229610260095,0.9240883397056053,3.4009253746525303e-15,0.00819916908544327,51.37566181202419,weiss2009-v1-fixed-interface-eq41,0.916285916744504,0.00780242296102941,0.0759116602944666,0.916285916744504,0.00780242296102941,0.9240883397055334
identity,matched coordinates (no ASR),370.0,9,361,1024,-33.6814911003288,1.2680462516358566,0.6449859060725814,0.035156844925365666,0.3198572490020529,0.6449859060725814,0.035156844925365666,0.6801427509979471,3.069766663088558e-14,0.00819916908544327,69.97178546478972,weiss2009-v1-fixed-interface-eq41,0.6449859060725741,0.03515684492533497,0.3198572490020909,0.6449859060725741,0.03515684492533497,0.6801427509979091
identity,matched coordinates (no ASR),370.0,10,441,1024,-33.6814911003288,1.2680462516358566,0.8854375425310667,0.003928839960030222,0.11063361750890312,0.8854375425310667,0.003928839960030222,0.8893663824910969,4.0462425077159025e-15,0.00819916908544327,88.64490907103755,weiss2009-v1-fixed-interface-eq41,0.8854375425310085,0.003928839960034268,0.11063361750895725,0.8854375425310085,0.003928839960034268,0.8893663824910427
identity,matched coordinates (no ASR),370.0,11,529,1024,-33.6814911003288,1.2680462516358566,0.8941242583169557,0.004768954105942742,0.10110678757710151,0.8941242583169557,0.004768954105942742,0.8988932124228984,2.6281060661048627e-16,0.00819916908544327,110.40222154185176,weiss2009-v1-fixed-interface-eq41,0.8941242583168973,0.004768954105943005,0.10110678757715964,0.8941242583168973,0.004768954105943005,0.8988932124228404
identity,matched coordinates (no ASR),370.0,12,625,1024,-33.6814911003288,1.2680462516358566,0.8758246092757773,0.007234957468223341,0.11694043325599934,0.8758246092757773,0.007234957468223341,0.8830595667440007,2.4250566832417775e-14,0.00819916908544327,132.80128519493155,weiss2009-v1-fixed-interface-eq41,0.8758246092757035,0.007234957468247592,0.11694043325604891,0.8758246092757035,0.007234957468247592,0.883059566743951
identity,matched coordinates (no ASR),370.0,13,729,1024,-33.6814911003288,1.2680462516358566,0.8845227619651412,0.003497225976259795,0.11198001205859898,0.8845227619651412,0.003497225976259795,0.888019987941401,4.718014173787921e-15,0.00819916908544327,163.28889091615565,weiss2009-v1-fixed-interface-eq41,0.8845227619651683,0.003497225976255077,0.11198001205857659,0.8845227619651683,0.003497225976255077,0.8880199879414234
identity,matched coordinates (no ASR),370.0,14,841,1024,-33.6814911003288,1.2680462516358566,0.9010113617656518,0.003340988575640197,0.09564764965870803,0.9010113617656518,0.003340988575640197,0.904352350341292,8.332744216854593e-15,0.00819916908544327,200.35927160992287,weiss2009-v1-fixed-interface-eq41,0.9010113617654747,0.0033409885756318643,0.09564764965889344,0.9010113617654747,0.0033409885756318643,0.9043523503411065
identity,matched coordinates (no ASR),370.0,15,961,1024,-33.6814911003288,1.2680462516358566,0.8398157068116129,0.008856056325073833,0.1513282368633133,0.8398157068116129,0.008856056325073833,0.8486717631366867,6.192962809237201e-15,0.00819916908544327,230.66995910694823,weiss2009-v1-fixed-interface-eq41,0.8398157068113333,0.00885605632506764,0.15132823686359903,0.8398157068113333,0.00885605632506764,0.8486717631364009
weiss2009,matched coordinates + ASR,370.0,6,169,256,-33.6814911003288,1.2680462516358566,0.8509649247649302,0.014375368702903017,0.13465970653216675,0.8509649247649302,0.014375368702903017,0.8653402934678333,2.2502832930371142e-14,5.101560566760088e-06,10.238026028964669,weiss2009-v1-fixed-interface-eq41,0.8509649247650604,0.01437536870292552,0.13465970653201412,0.8509649247650604,0.01437536870292552,0.8653402934679859
weiss2009,matched coordinates + ASR,370.0,7,225,256,-33.6814911003288,1.2680462516358566,0.9065675828920217,0.0025744521794055643,0.09085796492857277,0.9065675828920217,0.0025744521794055643,0.9091420350714272,2.4316486324504893e-15,5.101560566760088e-06,12.67908540694043,weiss2009-v1-fixed-interface-eq41,0.9065675828920499,0.002574452179407996,0.09085796492854215,0.9065675828920499,0.002574452179407996,0.9091420350714579
weiss2009,matched coordinates + ASR,370.0,8,289,256,-33.6814911003288,1.2680462516358566,0.9063420943266632,0.0028173698324105464,0.09084053584092622,0.9063420943266632,0.0028173698324105464,0.9091594641590738,4.4935843240834217e-14,5.101560566760088e-06,44.75449839886278,weiss2009-v1-fixed-interface-eq41,0.906342094327155,0.0028173698324554823,0.09084053584038956,0.906342094327155,0.0028173698324554823,0.9091594641596105
weiss2009,matched coordinates + ASR,370.0,9,361,256,-33.6814911003288,1.2680462516358566,0.9056471956965746,0.0031447750264573804,0.09120802927696803,0.9056471956965746,0.0031447750264573804,0.908791970723032,1.622920547950102e-14,5.101560566760088e-06,54.56793072796427,weiss2009-v1-fixed-interface-eq41,0.9056471956966541,0.003144775026441151,0.09120802927690476,0.9056471956966541,0.003144775026441151,0.9087919707230953
weiss2009,matched coordinates + ASR,370.0,10,441,256,-33.6814911003288,1.2680462516358566,0.9116094673906633,0.0026150880199384235,0.08577544458939829,0.9116094673906633,0.0026150880199384235,0.9142245554106017,2.6968444838404437e-14,5.101560566760088e-06,77.98488765000366,weiss2009-v1-fixed-interface-eq41,0.9116094673841624,0.002615088019911455,0.08577544459592618,0.9116094673841624,0.002615088019911455,0.9142245554040739
weiss2009,matched coordinates + ASR,370.0,11,529,256,-33.6814911003288,1.2680462516358566,0.9172599044263531,0.0029681772479109242,0.07977191832573599,0.9172599044263531,0.0029681772479109242,0.920228081674264,1.358500985315647e-13,5.101560566760088e-06,94.22155963792466,weiss2009-v1-fixed-interface-eq41,0.917259904427142,0.002968177247775074,0.07977191832508292,0.917259904427142,0.002968177247775074,0.9202280816749171
weiss2009,matched coordinates + ASR,370.0,12,625,256,-33.6814911003288,1.2680462516358566,0.9071514259684276,0.003608603701926967,0.08923997032964547,0.9071514259684276,0.003608603701926967,0.9107600296703545,6.456076992455984e-14,5.101560566760088e-06,109.9561601059977,weiss2009-v1-fixed-interface-eq41,0.907151425942629,0.003608603701862406,0.08923997035550861,0.907151425942629,0.003608603701862406,0.9107600296444914
weiss2009,matched coordinates + ASR,370.0,13,729,256,-33.6814911003288,1.2680462516358566,0.9099700474061343,0.0031123975247282372,0.08691755506913747,0.9099700474061343,0.0031123975247282372,0.9130824449308625,3.869475052875604e-12,5.101560566760088e-06,132.04969235812314,weiss2009-v1-fixed-interface-eq41,0.9099700474567616,0.003112397520858762,0.08691755502237966,0.9099700474567616,0.003112397520858762,0.9130824449776204
weiss2009,matched coordinates + ASR,370.0,14,841,256,-33.6814911003288,1.2680462516358566,0.9104694905214071,0.0032425121600904486,0.08628799731850242,0.9104694905214071,0.0032425121600904486,0.9137120026814975,2.275215927119434e-10,5.101560566760088e-06,161.76281806407496,weiss2009-v1-fixed-interface-eq41,0.9104694966255661,0.003242511932568856,0.08628799144186505,0.9104694966255661,0.003242511932568856,0.913712008558135
weiss2009,matched coordinates + ASR,370.0,15,961,256,-33.6814911003288,1.2680462516358566,0.911765521737879,0.003117720586806028,0.08511675767531503,0.911765521737879,0.003117720586806028,0.914883242324685,2.1612341256915801e-10,5.101560566760088e-06,182.34129303111695,weiss2009-v1-fixed-interface-eq41,0.911765508757377,0.0031177203706826153,0.08511677087194033,0.911765508757377,0.0031177203706826153,0.9148832291280596
