wavelength_nm,order,slices,grid,epsilon_material_real,epsilon_material_imag,reflectance,transmittance_far,absorptance_total,motheye_absorptance,substrate_absorptance,power_into_substrate,passivity_warning,reduced_dimension,full_dimension,symmetry_reduction,symmetry_irrep,runtime_seconds
400.0,6,50,128,-4.055700000000001,11.4829,0.0024517867086994776,0.0,0.9975482132913005,0.9077807520092306,0.08976746128206993,0.08976746128206993,False,43,338,D6-E1-source-row,E1,24.704858175944537
550.0,6,50,128,-0.9627151515151512,21.181018181818185,0.00547073676059888,0.0,0.9945292632394012,0.8769982610642588,0.11753100217514229,0.11753100217514229,False,43,338,D6-E1-source-row,E1,9.01005791919306
700.0,6,50,128,-2.13785777777778,20.675639999999998,0.011734037698476071,0.0,0.988265962301524,0.8397286029975501,0.1485373593039738,0.1485373593039738,False,43,338,D6-E1-source-row,E1,9.05159207386896
400.0,6,60,128,-4.055700000000001,11.4829,0.002462607254749487,0.0,0.9975373927452506,0.9068567176595224,0.09068067508572816,0.09068067508572816,False,43,338,D6-E1-source-row,E1,11.186193685978651
550.0,6,60,128,-0.9627151515151512,21.181018181818185,0.0053928352941363476,0.0,0.9946071647058636,0.8762579360667435,0.11834922863912009,0.11834922863912009,False,43,338,D6-E1-source-row,E1,10.753158864099532
700.0,6,60,128,-2.13785777777778,20.675639999999998,0.011846249621107337,0.0,0.9881537503788926,0.8388741274410958,0.1492796229377969,0.1492796229377969,False,43,338,D6-E1-source-row,E1,10.740110037848353
400.0,6,70,128,-4.055700000000001,11.4829,0.0025118512163581678,0.0,0.9974881487836418,0.9064426363951084,0.09104551238853345,0.09104551238853345,False,43,338,D6-E1-source-row,E1,12.877081401180476
550.0,6,70,128,-0.9627151515151512,21.181018181818185,0.0056057328044827725,0.0,0.9943942671955173,0.8758334046979978,0.11856086249751951,0.11856086249751951,False,43,338,D6-E1-source-row,E1,12.539981195237488
700.0,6,70,128,-2.13785777777778,20.675639999999998,0.011942681818796356,0.0,0.9880573181812037,0.8385473884683181,0.14950992971288557,0.14950992971288557,False,43,338,D6-E1-source-row,E1,12.828767919912934
400.0,6,80,128,-4.055700000000001,11.4829,0.002499508394683402,0.0,0.9975004916053166,0.9061441083267329,0.09135638327858372,0.09135638327858372,False,43,338,D6-E1-source-row,E1,14.335971679072827
550.0,6,80,128,-0.9627151515151512,21.181018181818185,0.005594669956735616,0.0,0.9944053300432644,0.8756910389939188,0.11871429104934555,0.11871429104934555,False,43,338,D6-E1-source-row,E1,14.308444059919566
700.0,6,80,128,-2.13785777777778,20.675639999999998,0.011999854907811114,0.0,0.9880001450921889,0.838352518623111,0.14964762646907792,0.14964762646907792,False,43,338,D6-E1-source-row,E1,14.418136748950928
400.0,6,90,128,-4.055700000000001,11.4829,0.0025121188032470243,0.0,0.997487881196753,0.9058629333790094,0.09162494781774363,0.09162494781774363,False,43,338,D6-E1-source-row,E1,16.085291766561568
550.0,6,90,128,-0.9627151515151512,21.181018181818185,0.005598100830981358,0.0,0.9944018991690187,0.8754340922449965,0.11896780692402223,0.11896780692402223,False,43,338,D6-E1-source-row,E1,16.314128753729165
700.0,6,90,128,-2.13785777777778,20.675639999999998,0.012025626060998704,0.0,0.9879743739390013,0.8380896676616656,0.1498847062773358,0.1498847062773358,False,43,338,D6-E1-source-row,E1,16.183702513109893
400.0,6,100,128,-4.055700000000001,11.4829,0.0025378941240327894,0.0,0.9974621058759672,0.9057110241804613,0.09175108169550585,0.09175108169550585,False,43,338,D6-E1-source-row,E1,18.00926080206409
550.0,6,100,128,-0.9627151515151512,21.181018181818185,0.005625022466706868,0.0,0.9943749775332932,0.8753237385793806,0.11905123895391262,0.11905123895391262,False,43,338,D6-E1-source-row,E1,17.985686311032623
700.0,6,100,128,-2.13785777777778,20.675639999999998,0.012095318500471765,0.0,0.9879046814995283,0.837937872097408,0.14996680940212026,0.14996680940212026,False,43,338,D6-E1-source-row,E1,18.03718294389546
400.0,4,60,128,-4.055700000000001,11.4829,0.001666385366395036,0.0,0.9983336146336049,0.909505214115099,0.08882840051850599,0.08882840051850599,False,21,162,D6-E1-source-row,E1,6.495225675869733
550.0,4,60,128,-0.9627151515151512,21.181018181818185,0.0025316844082268228,0.0,0.9974683155917732,0.8839959255121302,0.11347239007964298,0.11347239007964298,False,21,162,D6-E1-source-row,E1,6.297972864005715
700.0,4,60,128,-2.13785777777778,20.675639999999998,0.01009582490402658,0.0,0.9899041750959734,0.8445692799528559,0.14533489514311754,0.14533489514311754,False,21,162,D6-E1-source-row,E1,6.341234064195305
400.0,8,60,128,-4.055700000000001,11.4829,0.002974443382731376,0.0,0.9970255566172687,0.9077480664547485,0.08927749016252019,0.08927749016252019,False,73,578,D6-E1-source-row,E1,18.57303305482492
550.0,8,60,128,-0.9627151515151512,21.181018181818185,0.00728473891160254,0.0,0.9927152610883975,0.8745958300758672,0.11811943101253036,0.11811943101253036,False,73,578,D6-E1-source-row,E1,17.2622242430225
700.0,8,60,128,-2.13785777777778,20.675639999999998,0.013575729217988445,0.0,0.9864242707820116,0.8383068883890477,0.14811738239296393,0.14811738239296393,False,73,578,D6-E1-source-row,E1,17.385933534707874
400.0,10,60,128,-4.055700000000001,11.4829,0.0032872599713592242,0.0,0.9967127400286407,0.909850219265337,0.0868625207633037,0.0868625207633037,False,111,882,D6-E1-source-row,E1,26.470631869044155
550.0,10,60,128,-0.9627151515151512,21.181018181818185,0.008250659876045495,0.0,0.9917493401239545,0.8756021966109269,0.11614714351302767,0.11614714351302767,False,111,882,D6-E1-source-row,E1,26.231089883018285
700.0,10,60,128,-2.13785777777778,20.675639999999998,0.014490897905792966,0.0,0.9855091020942071,0.839968896791979,0.14554020530222814,0.14554020530222814,False,111,882,D6-E1-source-row,E1,26.179932879749686
400.0,12,60,128,-4.055700000000001,11.4829,0.003387650503247013,0.0,0.996612349496753,0.9118834268796582,0.08472892261709485,0.08472892261709485,False,157,1250,D6-E1-source-row,E1,38.70641508232802
550.0,12,60,128,-0.9627151515151512,21.181018181818185,0.00861097930630509,0.0,0.991389020693695,0.8770978082567711,0.1142912124369238,0.1142912124369238,False,157,1250,D6-E1-source-row,E1,38.858922361861914
700.0,12,60,128,-2.13785777777778,20.675639999999998,0.014911616372588825,0.0,0.9850883836274111,0.8424950157640793,0.14259336786333188,0.14259336786333188,False,157,1250,D6-E1-source-row,E1,38.8061123942025
400.0,14,60,128,-4.055700000000001,11.4829,0.0032996771563180353,0.0,0.9967003228436819,0.9138620882625534,0.08283823458112854,0.08283823458112854,False,211,1682,D6-E1-source-row,E1,53.49621767504141
550.0,14,60,128,-0.9627151515151512,21.181018181818185,0.008683023902366548,0.0,0.9913169760976335,0.8783503947881619,0.11296658130947163,0.11296658130947163,False,211,1682,D6-E1-source-row,E1,53.52675150800496
700.0,14,60,128,-2.13785777777778,20.675639999999998,0.014884880220255303,0.0,0.9851151197797448,0.8436013347186525,0.14151378506109225,0.14151378506109225,False,211,1682,D6-E1-source-row,E1,53.41296060197055
400.0,16,60,128,-4.055700000000001,11.4829,0.003410876617168753,0.0,0.9965891233828312,0.914193298015694,0.08239582536713715,0.08239582536713715,False,273,2178,D6-E1-source-row,E1,74.4856958379969
550.0,16,60,128,-0.9627151515151512,21.181018181818185,0.009144906756630189,0.0,0.9908550932433698,0.8787740953865106,0.1120809978568592,0.1120809978568592,False,273,2178,D6-E1-source-row,E1,74.23013785108924
700.0,16,60,128,-2.13785777777778,20.675639999999998,0.015639198258374593,0.0,0.9843608017416254,0.8457437153760192,0.13861708636560618,0.13861708636560618,False,273,2178,D6-E1-source-row,E1,74.20564697869122
400.0,18,60,128,-4.055700000000001,11.4829,0.00390683779726134,0.0,0.9960931622027387,0.9199247633359573,0.07616839886678135,0.07616839886678135,False,343,2738,D6-E1-source-row,E1,98.66493377415463
550.0,18,60,128,-0.9627151515151512,21.181018181818185,0.009754172522371476,0.0,0.9902458274776286,0.8878638658359284,0.10238196164170021,0.10238196164170021,False,343,2738,D6-E1-source-row,E1,98.68281448585913
700.0,18,60,128,-2.13785777777778,20.675639999999998,0.016213656589183938,0.0,0.983786343410816,0.8540362467615437,0.12975009664927245,0.12975009664927245,False,343,2738,D6-E1-source-row,E1,98.55848950054497
400.0,20,60,128,-4.055700000000001,11.4829,0.0037401538833290136,0.0,0.996259846116671,0.9278320173251284,0.06842782879154258,0.06842782879154258,False,421,3362,D6-E1-source-row,E1,136.0590423536487
550.0,20,60,128,-0.9627151515151512,21.181018181818185,0.009728461547640125,0.0,0.9902715384523598,0.8937943371032755,0.09647720134908437,0.09647720134908437,False,421,3362,D6-E1-source-row,E1,118.52817857312039
700.0,20,60,128,-2.13785777777778,20.675639999999998,0.01620929660621801,0.0,0.9837907033937819,0.8590806834849712,0.12471001990881067,0.12471001990881067,False,421,3362,D6-E1-source-row,E1,118.36214540712535
400.0,20,60,96,-4.055700000000001,11.4829,0.002770762758255665,0.0,0.9972292372417443,0.9406922395086605,0.05653699773308369,0.05653699773308369,False,421,3362,D6-E1-source-row,E1,118.30073618376628
550.0,20,60,96,-0.9627151515151512,21.181018181818185,0.008380943390637611,0.0,0.9916190566093623,0.9088777625567627,0.08274129405259963,0.08274129405259963,False,421,3362,D6-E1-source-row,E1,118.63788193836808
700.0,20,60,96,-2.13785777777778,20.675639999999998,0.015698071776089315,0.0,0.9843019282239107,0.8775238370771683,0.10677809114674236,0.10677809114674236,False,421,3362,D6-E1-source-row,E1,117.96480416413397
400.0,20,60,192,-4.055700000000001,11.4829,0.0038151327223118225,0.0,0.9961848672776882,0.9167652365774731,0.07941963070021503,0.07941963070021503,False,421,3362,D6-E1-source-row,E1,119.01582350488752
550.0,20,60,192,-0.9627151515151512,21.181018181818185,0.009813756616136532,0.0,0.9901862433838635,0.8834509934490715,0.10673524993479197,0.10673524993479197,False,421,3362,D6-E1-source-row,E1,118.45517304213718
700.0,20,60,192,-2.13785777777778,20.675639999999998,0.01594134120224257,0.0,0.9840586587977574,0.8506475825168033,0.13341107628095417,0.13341107628095417,False,421,3362,D6-E1-source-row,E1,118.583924818784
400.0,20,60,256,-4.055700000000001,11.4829,0.0035505245884815627,0.0,0.9964494754115184,0.9146456628250111,0.0818038125865073,0.0818038125865073,False,421,3362,D6-E1-source-row,E1,118.43669761810452
550.0,20,60,256,-0.9627151515151512,21.181018181818185,0.009242228215409761,0.0,0.9907577717845902,0.8776482427861755,0.11310952899841471,0.11310952899841471,False,421,3362,D6-E1-source-row,E1,118.44422643305734
700.0,20,60,256,-2.13785777777778,20.675639999999998,0.015226366825738188,0.0,0.9847736331742618,0.8429794310937533,0.14179420208050852,0.14179420208050852,False,421,3362,D6-E1-source-row,E1,118.41615669569
400.0,20,50,256,-4.055700000000001,11.4829,0.0033627242471015264,0.0,0.9966372757528985,0.9160010520749136,0.08063622367798498,0.08063622367798498,False,421,3362,D6-E1-source-row,E1,98.78772778995335
550.0,20,50,256,-0.9627151515151512,21.181018181818185,0.009007530943902593,0.0,0.9909924690560974,0.8780893237896163,0.1129031452664811,0.1129031452664811,False,421,3362,D6-E1-source-row,E1,99.02580333314836
700.0,20,50,256,-2.13785777777778,20.675639999999998,0.014876717477496972,0.0,0.985123282522503,0.8435211724788062,0.1416021100436968,0.1416021100436968,False,421,3362,D6-E1-source-row,E1,98.66296280687675
400.0,20,70,256,-4.055700000000001,11.4829,0.0036754830958450773,0.0,0.9963245169041549,0.9134464204121276,0.08287809649202726,0.08287809649202726,False,421,3362,D6-E1-source-row,E1,138.20653948700055
550.0,20,70,256,-0.9627151515151512,21.181018181818185,0.009421200016502531,0.0,0.9905787999834975,0.8769992540994282,0.1135795458840693,0.1135795458840693,False,421,3362,D6-E1-source-row,E1,138.14752010488883
700.0,20,70,256,-2.13785777777778,20.675639999999998,0.015501647607945885,0.0,0.9844983523920541,0.8422840447658441,0.14221430762620998,0.14221430762620998,False,421,3362,D6-E1-source-row,E1,138.3986234269105
400.0,20,80,256,-4.055700000000001,11.4829,0.00377450838516899,0.0,0.996225491614831,0.9125013933084479,0.08372409830638303,0.08372409830638303,False,421,3362,D6-E1-source-row,E1,157.7496164208278
550.0,20,80,256,-0.9627151515151512,21.181018181818185,0.00956964605228932,0.0,0.9904303539477107,0.8763846592255397,0.1140456947221711,0.1140456947221711,False,421,3362,D6-E1-source-row,E1,157.64423923986033
700.0,20,80,256,-2.13785777777778,20.675639999999998,0.015756264875202892,0.0,0.9842437351247971,0.8419540913301569,0.1422896437946403,0.1422896437946403,False,421,3362,D6-E1-source-row,E1,157.9332160768099
400.0,20,90,256,-4.055700000000001,11.4829,0.0038756347405824727,0.0,0.9961243652594175,0.9117571074371129,0.08436725782230464,0.08436725782230464,False,421,3362,D6-E1-source-row,E1,177.7364092823118
550.0,20,90,256,-0.9627151515151512,21.181018181818185,0.009740949491210531,0.0,0.9902590505087895,0.8759255800573351,0.11433347045145434,0.11433347045145434,False,421,3362,D6-E1-source-row,E1,177.882578400895
700.0,20,90,256,-2.13785777777778,20.675639999999998,0.015941189515450014,0.0,0.98405881048455,0.8418458657790161,0.1422129447055339,0.1422129447055339,False,421,3362,D6-E1-source-row,E1,178.08502450119704
400.0,20,100,256,-4.055700000000001,11.4829,0.0039498284791089164,0.0,0.996050171520891,0.9112404438936751,0.08480972762721599,0.08480972762721599,False,421,3362,D6-E1-source-row,E1,217.4245229298249
550.0,20,100,256,-0.9627151515151512,21.181018181818185,0.009866742894302994,0.0,0.990133257105697,0.8757942771278516,0.11433897997784534,0.11433897997784534,False,421,3362,D6-E1-source-row,E1,197.82651560008526
700.0,20,100,256,-2.13785777777778,20.675639999999998,0.01605676039798218,0.0,0.9839432396020178,0.8415191993113471,0.14242404029067063,0.14242404029067063,False,421,3362,D6-E1-source-row,E1,196.95892656128854
400.0,4,60,256,-4.055700000000001,11.4829,0.0016734295428434665,0.0,0.9983265704571566,0.9095568496889634,0.08876972076819314,0.08876972076819314,False,21,162,D6-E1-source-row,E1,6.746957611758262
550.0,4,60,256,-0.9627151515151512,21.181018181818185,0.0026787351824898763,0.0,0.9973212648175102,0.8839518968968515,0.11336936792065869,0.11336936792065869,False,21,162,D6-E1-source-row,E1,6.3207468800246716
700.0,4,60,256,-2.13785777777778,20.675639999999998,0.010344030390587422,0.0,0.9896559696094126,0.8443710229077203,0.14528494670169234,0.14528494670169234,False,21,162,D6-E1-source-row,E1,6.317448482848704
400.0,6,60,256,-4.055700000000001,11.4829,0.0024642834256288215,0.0,0.9975357165743712,0.907001914804253,0.09053380177011822,0.09053380177011822,False,43,338,D6-E1-source-row,E1,10.910877618007362
550.0,6,60,256,-0.9627151515151512,21.181018181818185,0.005481606911206297,0.0,0.9945183930887938,0.8764060078894247,0.11811238519936906,0.11811238519936906,False,43,338,D6-E1-source-row,E1,10.739026938099414
700.0,6,60,256,-2.13785777777778,20.675639999999998,0.01187661544033398,0.0,0.988123384559666,0.8390313870537356,0.14909199750593038,0.14909199750593038,False,43,338,D6-E1-source-row,E1,10.830892363097519
400.0,8,60,256,-4.055700000000001,11.4829,0.002946803215123662,0.0,0.9970531967848764,0.907913027893374,0.08914016889150231,0.08914016889150231,False,73,578,D6-E1-source-row,E1,17.623450892046094
550.0,8,60,256,-0.9627151515151512,21.181018181818185,0.007287578778846508,0.0,0.9927124212211534,0.874900297590524,0.1178121236306294,0.1178121236306294,False,73,578,D6-E1-source-row,E1,17.294638776686043
700.0,8,60,256,-2.13785777777778,20.675639999999998,0.013560493064108614,0.0,0.9864395069358913,0.8385736927887706,0.14786581414712077,0.14786581414712077,False,73,578,D6-E1-source-row,E1,17.27055553905666
400.0,10,60,256,-4.055700000000001,11.4829,0.003264800452821251,0.0,0.9967351995471787,0.9099625681074143,0.08677263143976441,0.08677263143976441,False,111,882,D6-E1-source-row,E1,25.979917760007083
550.0,10,60,256,-0.9627151515151512,21.181018181818185,0.00824143438089382,0.0,0.9917585656191061,0.8759215062348549,0.11583705938425132,0.11583705938425132,False,111,882,D6-E1-source-row,E1,25.904252864420414
700.0,10,60,256,-2.13785777777778,20.675639999999998,0.014494959518439987,0.0,0.98550504048156,0.8402031157549975,0.14530192472656242,0.14530192472656242,False,111,882,D6-E1-source-row,E1,25.923246840015054
400.0,12,60,256,-4.055700000000001,11.4829,0.0033554837368770817,0.0,0.9966445162631229,0.9119362195629136,0.08470829670020928,0.08470829670020928,False,157,1250,D6-E1-source-row,E1,37.43151649367064
550.0,12,60,256,-0.9627151515151512,21.181018181818185,0.0085589508357892,0.0,0.9914410491642108,0.8772075745713184,0.11423347459289249,0.11423347459289249,False,157,1250,D6-E1-source-row,E1,37.18287853524089
700.0,12,60,256,-2.13785777777778,20.675639999999998,0.014766897405712617,0.0,0.9852331025942874,0.8418861066033506,0.1433469959909368,0.1433469959909368,False,157,1250,D6-E1-source-row,E1,37.18201159313321
400.0,14,60,256,-4.055700000000001,11.4829,0.003315093901236305,0.0,0.9966849060987637,0.9132868233367879,0.08339808276197584,0.08339808276197584,False,211,1682,D6-E1-source-row,E1,51.23947828775272
550.0,14,60,256,-0.9627151515151512,21.181018181818185,0.008606248070439455,0.0,0.9913937519295606,0.8777467830840234,0.11364696884553716,0.11364696884553716,False,211,1682,D6-E1-source-row,E1,51.24421423301101
700.0,14,60,256,-2.13785777777778,20.675639999999998,0.014731225826768718,0.0,0.9852687741732313,0.8427026238145535,0.1425661503586778,0.1425661503586778,False,211,1682,D6-E1-source-row,E1,51.22867480106652
400.0,16,60,256,-4.055700000000001,11.4829,0.003286388755732581,0.0,0.9967136112442674,0.9139064620116444,0.082807149232623,0.082807149232623,False,273,2178,D6-E1-source-row,E1,76.24269528314471
550.0,16,60,256,-0.9627151515151512,21.181018181818185,0.00872288171491536,0.0,0.9912771182850847,0.877481503689236,0.11379561459584858,0.11379561459584858,False,273,2178,D6-E1-source-row,E1,76.74568888079375
700.0,16,60,256,-2.13785777777778,20.675639999999998,0.014748034511676224,0.0,0.9852519654883237,0.8426068106961964,0.14264515479212736,0.14264515479212736,False,273,2178,D6-E1-source-row,E1,76.75709724985063
400.0,18,60,256,-4.055700000000001,11.4829,0.0034090308030764564,0.0,0.9965909691969236,0.9140645185866466,0.08252645061027697,0.08252645061027697,False,343,2738,D6-E1-source-row,E1,96.6620757621713
550.0,18,60,256,-0.9627151515151512,21.181018181818185,0.00899062057163682,0.0,0.9910093794283632,0.8774765887983239,0.11353279063003933,0.11353279063003933,False,343,2738,D6-E1-source-row,E1,96.89502033311874
700.0,18,60,256,-2.13785777777778,20.675639999999998,0.01498689225349263,0.0,0.9850131077465074,0.8426984038053577,0.14231470394114976,0.14231470394114976,False,343,2738,D6-E1-source-row,E1,96.96170586999506
400.0,8,60,96,-4.055700000000001,11.4829,0.0028517921945956557,0.0,0.9971482078054044,0.907955696824504,0.08919251098090028,0.08919251098090028,False,73,578,D6-E1-source-row,E1,17.232005508150905
550.0,8,60,96,-0.9627151515151512,21.181018181818185,0.007287735696904347,0.0,0.9927122643030957,0.8750237458535959,0.11768851844949973,0.11768851844949973,False,73,578,D6-E1-source-row,E1,17.324385377112776
700.0,8,60,96,-2.13785777777778,20.675639999999998,0.01350791108280445,0.0,0.9864920889171955,0.8388040593146301,0.14768802960256544,0.14768802960256544,False,73,578,D6-E1-source-row,E1,17.147475829347968
400.0,8,60,192,-4.055700000000001,11.4829,0.0028691219263441434,0.0,0.9971308780736559,0.9080081196909309,0.08912275838272499,0.08912275838272499,False,73,578,D6-E1-source-row,E1,17.376708249095827
550.0,8,60,192,-0.9627151515151512,21.181018181818185,0.007266275814241965,0.0,0.992733724185758,0.8750798649796488,0.11765385920610916,0.11765385920610916,False,73,578,D6-E1-source-row,E1,17.23500395193696
700.0,8,60,192,-2.13785777777778,20.675639999999998,0.013502822705451903,0.0,0.9864971772945481,0.8387862684864951,0.14771090880805304,0.14771090880805304,False,73,578,D6-E1-source-row,E1,17.182065475732088
400.0,8,50,128,-4.055700000000001,11.4829,0.0028696701839144435,0.0,0.9971303298160855,0.9089806367988258,0.08814969301725967,0.08814969301725967,False,73,578,D6-E1-source-row,E1,14.350041306111962
550.0,8,50,128,-0.9627151515151512,21.181018181818185,0.007149651945698829,0.0,0.9928503480543012,0.8758306476752118,0.11701970037908939,0.11701970037908939,False,73,578,D6-E1-source-row,E1,14.257315950002521
700.0,8,50,128,-2.13785777777778,20.675639999999998,0.01332477591769177,0.0,0.9866752240823082,0.8395874066757366,0.14708781740657162,0.14708781740657162,False,73,578,D6-E1-source-row,E1,14.329596837982535
400.0,8,70,128,-4.055700000000001,11.4829,0.0030003159690639553,0.0,0.9969996840309361,0.907173916177076,0.08982576785386014,0.08982576785386014,False,73,578,D6-E1-source-row,E1,20.162131149787456
550.0,8,70,128,-0.9627151515151512,21.181018181818185,0.007407756408496013,0.0,0.992592243591504,0.8742137970410491,0.11837844655045499,0.11837844655045499,False,73,578,D6-E1-source-row,E1,20.04157188301906
700.0,8,70,128,-2.13785777777778,20.675639999999998,0.013676078707585445,0.0,0.9863239212924145,0.8379446437371894,0.14837927755522512,0.14837927755522512,False,73,578,D6-E1-source-row,E1,19.993774756323546
400.0,8,80,128,-4.055700000000001,11.4829,0.0029723956679448605,0.0,0.9970276043320552,0.9067180098853772,0.090309594446678,0.090309594446678,False,73,578,D6-E1-source-row,E1,23.02633677283302
550.0,8,80,128,-0.9627151515151512,21.181018181818185,0.007438490964721345,0.0,0.9925615090352786,0.8739181548994952,0.11864335413578338,0.11864335413578338,False,73,578,D6-E1-source-row,E1,22.95570175210014
700.0,8,80,128,-2.13785777777778,20.675639999999998,0.01376848364887969,0.0,0.9862315163511203,0.8376058890405179,0.14862562731060236,0.14862562731060236,False,73,578,D6-E1-source-row,E1,23.01536657474935
400.0,8,90,128,-4.055700000000001,11.4829,0.003048369595996604,0.0,0.9969516304040034,0.906322809321898,0.0906288210821053,0.0906288210821053,False,73,578,D6-E1-source-row,E1,25.848823508713394
550.0,8,90,128,-0.9627151515151512,21.181018181818185,0.007486400252941782,0.0,0.9925135997470582,0.8735301088819741,0.1189834908650841,0.1189834908650841,False,73,578,D6-E1-source-row,E1,25.688094199169427
700.0,8,90,128,-2.13785777777778,20.675639999999998,0.013841051942331093,0.0,0.9861589480576689,0.8372068267280175,0.1489521213296514,0.1489521213296514,False,73,578,D6-E1-source-row,E1,25.844521287363023
400.0,8,100,128,-4.055700000000001,11.4829,0.003071813722828332,0.0,0.9969281862771716,0.9061050268787836,0.09082315939838802,0.09082315939838802,False,73,578,D6-E1-source-row,E1,28.526402624789625
550.0,8,100,128,-0.9627151515151512,21.181018181818185,0.007557098230638682,0.0,0.9924429017693613,0.8733287914720493,0.11911411029731198,0.11911411029731198,False,73,578,D6-E1-source-row,E1,28.756670611910522
700.0,8,100,128,-2.13785777777778,20.675639999999998,0.013909870248297904,0.0,0.9860901297517021,0.8370129838131819,0.14907714593852017,0.14907714593852017,False,73,578,D6-E1-source-row,E1,28.602279677055776
