wavelength_nm,polarization,low,high,dR_pp,dT_pp,dA_pp,max_abs_pp,pass
400,TE,16,24,-0.00023063831305625282,1.8417315688928242e-06,0.00022879658149177473,0.00023063831305625282,True
400,TM,16,24,-0.004892016659172049,-0.011989623992952197,0.016881640652122165,0.016881640652122165,True
400,TE,24,32,-7.265473220274821e-06,3.5862044635377103e-07,6.906852778598704e-06,7.265473220274821e-06,True
400,TM,24,32,-0.006252393326359323,-0.004979080609020595,0.011231473935380265,0.011231473935380265,True
400,TE,32,40,9.104924017511173e-06,1.2078705092667522e-07,-9.225711061766617e-06,9.225711061766617e-06,True
400,TM,32,40,-0.0016034196722636285,-0.0012380741170631149,0.002841493789329519,0.002841493789329519,True
400,TE,40,48,-3.3413233013757093e-07,6.474215475386251e-08,2.6939017683247357e-07,3.3413233013757093e-07,True
400,TM,40,48,-0.00047424338473905925,-0.0009298459749423893,0.0014040893596800608,0.0014040893596800608,True
400,TE,48,56,-2.687299960335565e-06,3.88072084016311e-08,2.648492747336917e-06,2.687299960335565e-06,True
400,TM,48,56,-0.000823828838046603,-0.0020430960949929106,0.002866924933031534,0.002866924933031534,True
400,TE,56,64,-1.9642689974563865e-06,2.1285239935490757e-08,1.942983751668237e-06,1.9642689974563865e-06,True
400,TM,56,64,-0.000945137670898405,-0.002278499608777615,0.003223637279681224,0.003223637279681224,True
400,TE,64,72,-3.178370538980957e-07,1.0728108041545758e-08,3.0710894938223987e-07,3.178370538980957e-07,True
400,TM,64,72,-0.0007358530866453938,-0.0016668018083688257,0.002402654895017342,0.002402654895017342,True
400,TE,72,80,3.465500025834345e-07,6.1743868861024315e-09,-3.5272438303479703e-07,3.5272438303479703e-07,True
400,TM,72,80,-0.0002771221748125441,-0.0011612054407833527,0.0014383276155993663,0.0014383276155993663,True
450,TE,16,24,-0.0002604884796503226,3.3504159371291944e-06,0.00025713806371951975,0.0002604884796503226,True
450,TM,16,24,-0.008554397871498448,-0.0170738044488708,0.02562820232037133,0.02562820232037133,True
450,TE,24,32,-2.74502268082788e-05,6.55810113056295e-07,2.6794416685405054e-05,2.74502268082788e-05,True
450,TM,24,32,-0.0035270894427737176,-0.008128994006730006,0.01165608344949609,0.01165608344949609,True
450,TE,32,40,-2.128249218524836e-06,2.2086960642457012e-07,1.907379620913474e-06,2.128249218524836e-06,True
450,TM,32,40,-0.0022563777757056425,-0.002038200040253152,0.004294577815966427,0.004294577815966427,True
450,TE,40,48,-4.219736202126789e-06,1.180449690809369e-07,4.101691231106486e-06,4.219736202126789e-06,True
450,TM,40,48,-0.0015942001408454642,-0.0012848862554329377,0.002879086396279096,0.002879086396279096,True
450,TE,48,56,-4.028546132794908e-06,7.059522311208188e-08,3.957950911459562e-06,4.028546132794908e-06,True
450,TM,48,56,-0.0005235245700320468,-0.0029128077334898694,0.0034363323035191407,0.0034363323035191407,True
450,TE,56,64,-2.523847891788833e-06,3.874718458140702e-08,2.485100702998011e-06,2.523847891788833e-06,True
450,TM,56,64,-0.0014060504908000593,-0.0032133741382112113,0.004619424629015434,0.004619424629015434,True
450,TE,64,72,-8.775555837559068e-07,1.9581851872158603e-08,8.57973725398864e-07,8.775555837559068e-07,True
450,TM,64,72,-0.002055073627307835,-0.0026130875856705815,0.004668161212972866,0.004668161212972866,True
450,TE,72,80,-1.8104293897369672e-07,1.1286374416161812e-08,1.697565754632535e-07,1.8104293897369672e-07,True
450,TM,72,80,-0.0006850024558184564,-0.0020370416738885178,0.0027220441297104436,0.0027220441297104436,True
500,TE,16,24,-0.0004632968798434778,3.277920431470505e-05,0.000430517675520381,0.0004632968798434778,True
500,TM,16,24,-0.017757466528026122,-0.010007136737900935,0.027764603265933996,0.027764603265933996,True
500,TE,24,32,-7.766772041062353e-05,6.4274205293377365e-06,7.124029988148095e-05,7.766772041062353e-05,True
500,TM,24,32,-0.005763035804520061,-0.005159680797429955,0.010922716601946547,0.010922716601946547,True
500,TE,32,40,-2.240750198445607e-05,2.1759401436487885e-06,2.023156184804975e-05,2.240750198445607e-05,True
500,TM,32,40,-0.0023467610802192784,5.414614392684758e-05,0.0022926149363056147,0.0023467610802192784,True
500,TE,40,48,-1.370832267422184e-05,1.1625108739142173e-06,1.2545811800546147e-05,1.370832267422184e-05,True
500,TM,40,48,-0.0017370752864766248,-0.00016999102289971812,0.0019070663093589957,0.0019070663093589957,True
500,TE,48,56,-8.966168052459977e-06,6.94246593156353e-07,8.271921458913312e-06,8.966168052459977e-06,True
500,TM,48,56,-0.0002662989029011964,-0.0032257845448205313,0.003492083447731442,0.003492083447731442,True
500,TE,56,64,-5.086020576916539e-06,3.804527004200309e-07,4.705567890894713e-06,5.086020576916539e-06,True
500,TM,56,64,-0.0022743818753383216,-0.0025701599176308765,0.00484454179295879,0.00484454179295879,True
500,TE,64,72,-2.356779912893181e-06,1.92405421759953e-07,2.164374479640685e-06,2.356779912893181e-06,True
500,TM,64,72,-0.004256684050663734,-0.0038349088605907355,0.00809159291126349,0.00809159291126349,True
500,TE,72,80,-1.1848857478513608e-06,1.1108957456186508e-07,1.0737961630979953e-06,1.1848857478513608e-06,True
500,TM,72,80,-0.0011617449664540203,-0.003185135666985972,0.004346880633443462,0.004346880633443462,True
550,TE,16,24,-0.0007994375401332299,3.2661290105774274e-05,0.0007667762500274122,0.0007994375401332299,True
550,TM,16,24,-0.21364105611986622,0.2292746748579294,-0.015633618738075672,0.2292746748579294,True
550,TE,24,32,-0.00013991472870289456,6.396771232185846e-06,0.0001335179574735168,0.00013991472870289456,True
550,TM,24,32,-0.05816236154359833,-0.20973479815517282,0.26789715969878225,0.26789715969878225,True
550,TE,32,40,-4.2670899147445596e-05,2.1727525809024824e-06,4.0498146564038606e-05,4.2670899147445596e-05,True
550,TM,32,40,0.055601801629019676,-0.012592153696680541,-0.04300964793233497,0.055601801629019676,True
550,TE,40,48,-2.481086575079061e-05,1.1620185599229942e-06,2.36488471916374e-05,2.481086575079061e-05,True
550,TM,40,48,0.019779613268321172,0.09453266559188711,-0.1143122788602069,0.1143122788602069,True
550,TE,48,56,-1.5890019333664185e-05,6.944776808422322e-07,1.5195541652746059e-05,1.5890019333664185e-05,True
550,TM,48,56,-0.002301690041429938,0.10002039122469775,-0.0977187011832692,0.10002039122469775,True
550,TE,56,64,-8.906958981480528e-06,3.800410526533758e-07,8.526917927298427e-06,8.906958981480528e-06,True
550,TM,56,64,0.005267256174108781,0.020390438349041085,-0.025657694523162355,0.025657694523162355,True
550,TE,64,72,-4.22985205750237e-06,1.9198903007753426e-07,4.037863027273048e-06,4.22985205750237e-06,True
550,TM,64,72,-0.029118411314330017,-0.03777434018291115,0.06689275149724949,0.06689275149724949,True
550,TE,72,80,-2.2223313744795803e-06,1.1086026867552015e-07,2.1114711090675087e-06,2.2223313744795803e-06,True
550,TM,72,80,-0.013630525737493016,-0.04859567623439476,0.062226201971893325,0.062226201971893325,True
600,TE,16,24,-0.00012279447043628267,1.8619393089625892e-06,0.00012093253112799296,0.00012279447043628267,True
600,TM,16,24,-0.23947734344511099,0.361401125120997,-0.12192378167588114,0.361401125120997,True
600,TE,24,32,-1.2129446735897886e-05,3.6595367123329293e-07,1.1763493062977304e-05,1.2129446735897886e-05,True
600,TM,24,32,0.0811492767261602,-0.0814856157995314,0.0003363390733590599,0.0814856157995314,True
600,TE,32,40,-6.160892684903274e-07,1.2466608917803697e-07,4.914231799268975e-07,6.160892684903274e-07,True
600,TM,32,40,-0.0030909384259994455,0.16102125311981408,-0.15793031469381047,0.16102125311981408,True
600,TE,40,48,-1.6545098069364883e-06,6.658619320390425e-08,1.587923614820852e-06,1.6545098069364883e-06,True
600,TM,40,48,-0.0432925661317661,-0.10966760911898521,0.15296017525076033,0.15296017525076033,True
600,TE,48,56,-1.829527573882217e-06,3.972974203789235e-08,1.7897978321634866e-06,1.829527573882217e-06,True
600,TM,48,56,0.060500711611866445,-0.007492340119874541,-0.05300837149200266,0.060500711611866445,True
600,TE,56,64,-1.155101336802744e-06,2.172899017901836e-08,1.133372345973882e-06,1.155101336802744e-06,True
600,TM,56,64,-0.028230173467744257,-0.004254594129499134,0.03248476759725172,0.03248476759725172,True
600,TE,64,72,-3.8604106578077335e-07,1.0989123963556745e-08,3.7505194228071304e-07,3.8604106578077335e-07,True
600,TM,64,72,0.05273255071466358,-0.06702715925119285,0.014294608536524755,0.06702715925119285,True
600,TE,72,80,-5.9368643334778426e-08,6.358082604244336e-09,5.3010559830646287e-08,5.9368643334778426e-08,True
600,TM,72,80,-0.05003856744754363,0.08524114669040128,-0.035202579242854526,0.08524114669040128,True
650,TE,16,24,8.080394486853493e-06,2.1851689717722502e-07,-8.298911384485574e-06,8.298911384485574e-06,False
650,TM,16,24,-1.3395513725749209,1.7905158010391053,-0.4509644284641845,1.7905158010391053,False
650,TE,24,32,8.870528600546379e-06,4.305094129019378e-08,-8.913579542524364e-06,8.913579542524364e-06,False
650,TM,24,32,0.33384768954867194,-0.5944369180670206,0.26058922851834865,0.5944369180670206,False
650,TE,32,40,5.147674730920926e-06,1.4698541671382607e-08,-5.162373271916376e-06,5.162373271916376e-06,True
650,TM,32,40,0.06507338271816432,0.27830791910483654,-0.3433813018229981,0.3433813018229981,True
650,TE,40,48,1.9679398888250432e-06,7.844003952842409e-09,-1.975783893437555e-06,1.975783893437555e-06,True
650,TM,40,48,-0.3555546421253025,0.39771602786993765,-0.0421613857446379,0.39771602786993765,True
650,TE,48,56,6.439148991788102e-07,4.674393059766541e-09,-6.485892919960712e-07,6.485892919960712e-07,True
650,TM,48,56,0.20919691232055004,-0.469795034286441,0.26059812196588816,0.469795034286441,True
650,TE,56,64,2.5861736085985854e-07,2.5552700277228974e-09,-2.6117263074443287e-07,2.6117263074443287e-07,False
650,TM,56,64,-0.15743263203804592,0.6002077203990874,-0.4427750883610415,0.6002077203990874,False
650,TE,64,72,2.527800524454449e-07,1.293362210780496e-09,-2.5407341508465464e-07,2.5407341508465464e-07,True
650,TM,64,72,0.24832176012853924,-0.4937265509540767,0.245404790825543,0.4937265509540767,True
650,TE,72,80,2.4690547384409456e-07,7.494317739290316e-10,-2.476549049168497e-07,2.476549049168497e-07,True
650,TM,72,80,0.00461383664769055,-0.05740939963746472,0.052795562989771394,0.05740939963746472,True
700,TE,16,24,2.9176211968628962e-05,5.0601386755871173e-08,-2.9226813355598402e-05,2.9226813355598402e-05,False
700,TM,16,24,1.317324337272019,-2.153434317098532,0.8361099798265104,2.153434317098532,False
700,TE,24,32,1.1269950694892117e-05,9.984784311286068e-09,-1.127993547872519e-05,1.127993547872519e-05,False
700,TM,24,32,-0.6997083801435156,0.6318682385059449,0.06784014163757068,0.6997083801435156,False
700,TE,32,40,5.449354201214618e-06,3.4140745460531935e-09,-5.452768275793218e-06,5.452768275793218e-06,False
700,TM,32,40,0.542994451973744,-0.25955811848541455,-0.2834363334883294,0.542994451973744,False
700,TE,40,48,2.3261739645619173e-06,1.8208632679276447e-09,-2.3279948281607066e-06,2.3279948281607066e-06,True
700,TM,40,48,0.2955357268857206,-0.18526426810994978,-0.11027145877576805,0.2955357268857206,True
700,TE,48,56,9.78262570949795e-07,1.084166092280671e-09,-9.793467370400322e-07,9.793467370400322e-07,False
700,TM,48,56,-0.7792821784756376,0.12331160668193619,0.6559705717936959,0.7792821784756376,False
700,TE,56,64,4.641856232723285e-07,5.924645946050839e-10,-4.647780875444152e-07,4.647780875444152e-07,False
700,TM,56,64,0.8177984104781544,-0.1489276906441378,-0.6688707198340138,0.8177984104781544,False
700,TE,64,72,3.2803880722909184e-07,3.000587090265256e-10,-3.283388658181785e-07,3.283388658181785e-07,True
700,TM,64,72,-0.4202391823210583,0.12668144848876073,0.2935577338322948,0.4202391823210583,True
700,TE,72,80,2.6662673180410934e-07,1.740445686143685e-10,-2.668007766104541e-07,2.668007766104541e-07,True
700,TM,72,80,0.08920683454451961,-0.2222908679369695,0.1330840333924499,0.2222908679369695,True
