wavelength_nm,polarization,order,slices,grid,reflectance,power_into_substrate,relief_absorptance,absorptance_total,transmittance_far,runtime_seconds,peak_cuda_allocated_bytes,peak_cuda_reserved_bytes,coefficient_method,grid_used,maximum_fill_fraction_error_all_layers,maximum_selected_electric_mode_condition,maximum_selected_magnetic_mode_condition,maximum_selected_reciprocal_epsilon_condition,maximum_selected_eigen_residual
400,TE,32,300,576,0.03787737197437274,4.989331352063499e-08,0.9621225781323137,0.9621226280256272,0.0,11.664876516908407,569789440,601882624,analytic,,,8.684728266951147,6507.006381651183,6.5409470487535994,3.956240607826675e-15
400,TM,32,300,576,0.0008493652398440953,0.026448160096956063,0.9727024746631998,0.9991506347601559,0.0,11.664876516908407,569789440,601882624,analytic,,,8.684728266951147,6507.006381651183,6.5409470487535994,3.956240607826675e-15
450,TE,32,300,576,0.05447783749390039,2.1178593637349698e-07,0.9455219507201633,0.9455221625060997,0.0,8.145239313133061,569789440,601882624,analytic,,,8.705876113398975,8094.582330862251,6.285920157170736,4.750681710879038e-15
450,TM,32,300,576,0.0009229406497157067,0.02998668639895577,0.9690903729513286,0.9990770593502843,0.0,8.145239313133061,569789440,601882624,analytic,,,8.705876113398975,8094.582330862251,6.285920157170736,4.750681710879038e-15
500,TE,32,300,576,0.09353213749828954,2.574925790319675e-06,0.90646528757592,0.9064678625017104,0.0,7.853657002095133,569789440,601882624,analytic,,,20.413020678279068,25875.177106676438,6.179825142331391,4.623127274242924e-15
500,TM,32,300,576,0.0010241900603415416,0.03028275836354634,0.9686930515761122,0.9989758099396585,0.0,7.853657002095133,569789440,601882624,analytic,,,20.413020678279068,25875.177106676438,6.179825142331391,4.623127274242924e-15
550,TE,32,300,576,0.5111088867389794,2.0184756924844818e-07,0.48889091141345137,0.48889111326102064,0.0,8.115334587171674,569789440,601882624,analytic,,,9.682713251783166,11049.47871821948,19.815267482069345,5.449940816862054e-15
550,TM,32,300,576,0.060612155507045,0.1528047137381392,0.7865831307548158,0.939387844492955,0.0,8.115334587171674,569789440,601882624,analytic,,,9.682713251783166,11049.47871821948,19.815267482069345,5.449940816862054e-15
600,TE,32,300,576,0.7819232242103149,1.1629621862861125e-08,0.21807676416006322,0.2180767757896851,0.0,8.010176389012486,569789440,601882624,analytic,,,12.562406004426425,15991.842205427713,50.55533823124453,5.039845463477098e-15
600,TM,32,300,576,0.3917374673507255,0.1393114590683094,0.4689510735809651,0.6082625326492745,0.0,8.010176389012486,569789440,601882624,analytic,,,12.562406004426425,15991.842205427713,50.55533823124453,5.039845463477098e-15
650,TE,32,300,576,0.8956434259377566,1.476969275489439e-09,0.10435657258527414,0.10435657406224341,0.0,7.857067902106792,569789440,601882624,analytic,,,14.918741780500344,17728.247468488124,73.90501618615488,6.486641572093748e-15
650,TM,32,300,576,0.6681949476432383,0.07832172816107286,0.25348332419568886,0.3318050523567617,0.0,7.857067902106792,569789440,601882624,analytic,,,14.918741780500344,17728.247468488124,73.90501618615488,6.486641572093748e-15
700,TE,32,300,576,0.9299989956613571,4.253489565709145e-10,0.07000100391329392,0.07000100433864287,0.0,7.975425612181425,569789440,601882624,analytic,,,18.739616559003885,17560.217426281994,133.48860498915968,5.121766321004768e-15
700,TM,32,300,576,0.7532819591681034,0.05720643843019725,0.1895116024016994,0.24671804083189663,0.0,7.975425612181425,569789440,601882624,analytic,,,18.739616559003885,17560.217426281994,133.48860498915968,5.121766321004768e-15
400,TE,40,300,576,0.03787783752384812,4.989354838296643e-08,0.9621221125826035,0.9621221624761519,0.0,14.358160599134862,865288704,1010827264,analytic,,,15.641806648429588,20122.603671744728,6.578829269068739,5.285312427522445e-15
400,TM,40,300,576,0.0008485438222497218,0.02650496947301725,0.972646486704733,0.9991514561777503,0.0,14.358160599134862,865288704,1010827264,analytic,,,15.641806648429588,20122.603671744728,6.578829269068739,5.285312427522445e-15
450,TE,40,300,576,0.054478278315544394,2.1178673622069272e-07,0.9455215098977193,0.9455217216844556,0.0,11.701701584272087,865288704,1010827264,analytic,,,14.730672032600593,24749.671375664453,6.266447429523606,5.916070879662378e-15
450,TM,40,300,576,0.0009201460117152628,0.030029863027466425,0.9690499909608182,0.9990798539882847,0.0,11.701701584272087,865288704,1010827264,analytic,,,14.730672032600593,24749.671375664453,6.266447429523606,5.916070879662378e-15
500,TE,40,300,576,0.09353251850399351,2.5749413137450823e-06,0.9064649065546928,0.9064674814960065,0.0,11.504576202016324,865288704,1010827264,analytic,,,12.329162848411373,25929.269838947916,5.479490464525966,5.177980122777615e-15
500,TM,40,300,576,0.0010154532645800698,0.03027899484946822,0.9687055518859518,0.9989845467354199,0.0,11.504576202016324,865288704,1010827264,analytic,,,12.329162848411373,25929.269838947916,5.479490464525966,5.177980122777615e-15
550,TE,40,300,576,0.511109694015111,2.0185013924986768e-07,0.48889010413474976,0.48889030598488903,0.0,12.137188791763037,865288704,1010827264,analytic,,,12.315398421604119,26975.61117266795,10.988066995120128,4.889967394279887e-15
550,TM,40,300,576,0.05940420394107204,0.1543785190501713,0.7862172770087567,0.940595796058928,0.0,12.137188791763037,865288704,1010827264,analytic,,,12.315398421604119,26975.61117266795,10.988066995120128,4.889967394279887e-15
600,TE,40,300,576,0.7819238581410883,1.1629826743536552e-08,0.21807613022908492,0.21807614185891167,0.0,11.417642920743674,865288704,1010827264,analytic,,,18.388360666519002,49643.531583941214,27.446723852461126,5.634947065250132e-15
600,TM,40,300,576,0.38801640172549784,0.14108410897609724,0.47089948929840486,0.6119835982745021,0.0,11.417642920743674,865288704,1010827264,analytic,,,18.388360666519002,49643.531583941214,27.446723852461126,5.634947065250132e-15
650,TE,40,300,576,0.8956438236620854,1.4770005587728298e-09,0.10435617486091404,0.10435617633791461,0.0,11.748383252881467,865288704,1010827264,analytic,,,13.88179445499221,39374.8256064517,101.42601366900517,1.0501706110058117e-14
650,TM,40,300,576,0.662484053478012,0.08013972881270506,0.257376217709283,0.337515946521988,0.0,11.748383252881467,865288704,1010827264,analytic,,,13.88179445499221,39374.8256064517,101.42601366900517,1.0501706110058117e-14
700,TE,40,300,576,0.9299993017690046,4.2535896587715567e-10,0.07000069780563645,0.07000069823099542,0.0,11.382969871163368,865288704,1010827264,analytic,,,21.57160504160164,39132.23011181979,254.75435489423165,1.2424800432316889e-14
700,TM,40,300,576,0.7575554218837262,0.057965818873562495,0.18447875924271134,0.24244457811627385,0.0,11.382969871163368,865288704,1010827264,analytic,,,21.57160504160164,39132.23011181979,254.75435489423165,1.2424800432316889e-14
400,TE,48,300,576,0.037878065634129154,4.9893656920510606e-08,0.962121884472214,0.9621219343658709,0.0,15.727655334863812,1225523712,1331691520,analytic,,,13.716317029974821,19640.274942946406,6.579840547437638,5.622749996767538e-15
400,TM,48,300,576,0.0008521669050384976,0.026520045733920194,0.9726277873610413,0.9991478330949615,0.0,15.727655334863812,1225523712,1331691520,analytic,,,13.716317029974821,19640.274942946406,6.579840547437638,5.622749996767538e-15
450,TE,48,300,576,0.05447849360000303,2.117871050224119e-07,0.9455212946128919,0.945521506399997,0.0,15.582152883056551,1225523712,1331691520,analytic,,,12.430235690158224,27547.631476369646,6.270903300338379,5.659257760673186e-15
450,TM,48,300,576,0.000923616643317682,0.03005242600171834,0.969023957354964,0.9990763833566824,0.0,15.582152883056551,1225523712,1331691520,analytic,,,12.430235690158224,27547.631476369646,6.270903300338379,5.659257760673186e-15
500,TE,48,300,576,0.09353270404725779,2.574948346310107e-06,0.9064647210043959,0.9064672959527422,0.0,14.686301149893552,1225523712,1331691520,analytic,,,10.959540398740451,23530.786944367395,5.4985009395971405,6.08925405417292e-15
500,TM,48,300,576,0.0010205323761548776,0.03036053008790629,0.9686189375359389,0.9989794676238452,0.0,14.686301149893552,1225523712,1331691520,analytic,,,10.959540398740451,23530.786944367395,5.4985009395971405,6.08925405417292e-15
550,TE,48,300,576,0.5111100963816375,2.0185129834223712e-07,0.48888970176706414,0.4888899036183625,0.0,14.850897484924644,1225523712,1331691520,analytic,,,10.023771355122582,24220.6749698624,11.130458217307199,7.193042896229594e-15
550,TM,48,300,576,0.059952502379243724,0.15475028613195885,0.7852972114887974,0.9400474976207562,0.0,14.850897484924644,1225523712,1331691520,analytic,,,10.023771355122582,24220.6749698624,11.130458217307199,7.193042896229594e-15
600,TE,48,300,576,0.7819241797154921,1.1629919300958272e-08,0.2180758086545886,0.2180758202845079,0.0,15.524429806973785,1225523712,1331691520,analytic,,,11.490186203142022,27473.10303209796,28.360226118386326,7.725978125399307e-15
600,TM,48,300,576,0.3906651583549698,0.14147468016626047,0.4678601614787697,0.6093348416450302,0.0,15.524429806973785,1225523712,1331691520,analytic,,,11.490186203142022,27473.10303209796,28.360226118386326,7.725978125399307e-15
650,TE,48,300,576,0.8956440278399589,1.4770147172445334e-09,0.10435597068302639,0.10435597216004111,0.0,15.47419728897512,1225523712,1331691520,analytic,,,35.07425196826346,59522.59440231123,112.34861123371863,6.796982727407965e-15
650,TM,48,300,576,0.6736185097898666,0.07960223474726898,0.24677925546286444,0.3263814902101334,0.0,15.47419728897512,1225523712,1331691520,analytic,,,35.07425196826346,59522.59440231123,112.34861123371863,6.796982727407965e-15
700,TE,48,300,576,0.9299994601672916,4.253635037413263e-10,0.07000053940734487,0.07000053983270837,0.0,15.59554384695366,1225523712,1331691520,analytic,,,22.31108205585738,44296.068508337776,109.12094793073858,1.9497568011789887e-14
700,TM,48,300,576,0.7610580833428401,0.05775877597447917,0.18118314068268074,0.23894191665715991,0.0,15.59554384695366,1225523712,1331691520,analytic,,,22.31108205585738,44296.068508337776,109.12094793073858,1.9497568011789887e-14
400,TE,56,180,576,0.0378663181139381,4.988978750125165e-08,0.9621336319962743,0.9621336818860619,0.0,12.258737544994801,1012066304,1967128576,analytic,,,9.879676276568931,22457.731887916772,6.575795927692439,5.68473978218786e-15
400,TM,56,180,576,0.0008450729613228925,0.026280990205796165,0.9728739368328809,0.9991549270386771,0.0,12.258737544994801,1012066304,1967128576,analytic,,,9.879676276568931,22457.731887916772,6.575795927692439,5.68473978218786e-15
450,TE,56,180,576,0.05446614401584707,2.1177505440735706e-07,0.9455336442090986,0.945533855984153,0.0,11.827587244100869,1012066304,1967128576,analytic,,,10.439844219687023,28394.40993123402,6.2867189116221445,5.696749578857274e-15
450,TM,56,180,576,0.0009177891481467728,0.029792118821917266,0.969290092029936,0.9990822108518532,0.0,11.827587244100869,1012066304,1967128576,analytic,,,10.439844219687023,28394.40993123402,6.2867189116221445,5.696749578857274e-15
500,TE,56,180,576,0.09351926378540219,2.5748503774783792e-06,0.9064781613642203,0.9064807362145978,0.0,11.445584821980447,1012066304,1967128576,analytic,,,16.554159114958242,52689.68338230173,5.776246495264074,7.17816402746413e-15
500,TM,56,180,576,0.0010099079121116954,0.029979053027161064,0.9690110390607273,0.9989900920878884,0.0,11.445584821980447,1012066304,1967128576,analytic,,,16.554159114958242,52689.68338230173,5.776246495264074,7.17816402746413e-15
550,TE,56,180,576,0.5110897251079939,2.0184114426506293e-07,0.48891007305086187,0.4889102748920061,0.0,12.138869867660105,1012066304,1967128576,analytic,,,10.155779321649046,44555.92960476224,13.805875362205217,8.227893631320442e-15
550,TM,56,180,576,0.05692171436054372,0.15265297392643926,0.790425311713017,0.9430782856394563,0.0,12.138869867660105,1012066304,1967128576,analytic,,,10.155779321649046,44555.92960476224,13.805875362205217,8.227893631320442e-15
600,TE,56,180,576,0.7819119856064063,1.1628996771235039e-08,0.21808800276459694,0.2180880143935937,0.0,11.850137067958713,1012066304,1967128576,analytic,,,15.423005822560166,52306.81308729092,52.70097949843114,8.640104749962204e-15
600,TM,56,180,576,0.3761905672666615,0.1403773973798803,0.48343203535345824,0.6238094327333386,0.0,11.850137067958713,1012066304,1967128576,analytic,,,15.423005822560166,52306.81308729092,52.70097949843114,8.640104749962204e-15
650,TE,56,180,576,0.895637493453212,1.4768617166286207e-09,0.10436250506992631,0.10436250654678803,0.0,11.736842556856573,1012066304,1967128576,analytic,,,16.109950203274778,48411.13673540287,82.15487164968424,1.393169504432562e-14
650,TM,56,180,576,0.6641257802265585,0.07975215921841308,0.2561220605550284,0.33587421977344145,0.0,11.736842556856573,1012066304,1967128576,analytic,,,16.109950203274778,48411.13673540287,82.15487164968424,1.393169504432562e-14
700,TE,56,180,576,0.9299948789499319,4.2531172005608276e-10,0.07000512062475635,0.07000512105006806,0.0,11.416261535137892,1012066304,1967128576,analytic,,,29.003370031086632,75587.29330704316,170.03492057545776,6.528098242613472e-14
700,TM,56,180,576,0.7451650951961903,0.05814354134317015,0.1966913634606395,0.25483490480380966,0.0,11.416261535137892,1012066304,1967128576,analytic,,,29.003370031086632,75587.29330704316,170.03492057545776,6.528098242613472e-14
400,TE,56,220,576,0.03787243985241926,4.989181317636596e-08,0.9621275102557676,0.9621275601475807,0.0,14.454468177165836,1224873984,1967128576,analytic,,,15.7045219045898,22197.19672740331,6.580008866934676,5.529258813401909e-15
400,TM,56,220,576,0.0008486625218606904,0.026381202015019027,0.9727701354631203,0.9991513374781393,0.0,14.454468177165836,1224873984,1967128576,analytic,,,15.7045219045898,22197.19672740331,6.580008866934676,5.529258813401909e-15
450,TE,56,220,576,0.054472573815517934,2.1178137085471803e-07,0.9455272144031112,0.945527426184482,0.0,14.433226739987731,1224873984,1967128576,analytic,,,14.899379172810123,27770.61520527176,6.292119876234885,5.458745022142309e-15
450,TM,56,220,576,0.0009200347347493291,0.02989896338303083,0.9691810018822198,0.9990799652652507,0.0,14.433226739987731,1224873984,1967128576,analytic,,,14.899379172810123,27770.61520527176,6.292119876234885,5.458745022142309e-15
500,TE,56,220,576,0.093526250097883,2.574902762257747e-06,0.9064711749993548,0.906473749902117,0.0,14.350800447165966,1224873984,1967128576,analytic,,,11.64906607038656,34755.472941608255,5.6944246048769,6.880599613774574e-15
500,TM,56,220,576,0.0010138759365832483,0.030123703337627403,0.9688624207257894,0.9989861240634168,0.0,14.350800447165966,1224873984,1967128576,analytic,,,11.64906607038656,34755.472941608255,5.6944246048769,6.880599613774574e-15
550,TE,56,220,576,0.5111003411279444,2.0184668388314366e-07,0.4888994570253717,0.48889965887205555,0.0,14.63762172870338,1224873984,1967128576,analytic,,,11.787399777318337,41910.16993850691,12.881447597550459,7.656671127578451e-15
550,TM,56,220,576,0.0579565849782288,0.15315232163935594,0.7888910933824154,0.9420434150217712,0.0,14.63762172870338,1224873984,1967128576,analytic,,,11.787399777318337,41910.16993850691,12.881447597550459,7.656671127578451e-15
600,TE,56,220,576,0.7819183578937758,1.1629496784206896e-08,0.21808163047672738,0.21808164210622416,0.0,14.238284419290721,1224873984,1967128576,analytic,,,10.86050258999766,39506.06846189714,42.811106567882014,7.93394597169077e-15
600,TM,56,220,576,0.38183288826792955,0.1404963222643611,0.4776707894677093,0.6181671117320704,0.0,14.238284419290721,1224873984,1967128576,analytic,,,10.86050258999766,39506.06846189714,42.811106567882014,7.93394597169077e-15
650,TE,56,220,576,0.8956409149420064,1.4769443341779202e-09,0.1043590835810493,0.10435908505799363,0.0,14.90263245999813,1224873984,1967128576,analytic,,,17.426978602339886,83336.63653851097,140.38804816719525,2.660844509716592e-14
650,TM,56,220,576,0.6647832421648474,0.08010703830375793,0.25510971953139466,0.3352167578351526,0.0,14.90263245999813,1224873984,1967128576,analytic,,,17.426978602339886,83336.63653851097,140.38804816719525,2.660844509716592e-14
700,TE,56,220,576,0.9299972809329383,4.253396159545839e-10,0.07000271864172207,0.07000271906706168,0.0,14.670243293046951,1224873984,1967128576,analytic,,,12.161652110547143,58965.672391292144,84.0141691980564,1.5075817313554984e-14
700,TM,56,220,576,0.7535912506736979,0.057927063062334444,0.18848168626396763,0.24640874932630208,0.0,14.670243293046951,1224873984,1967128576,analytic,,,12.161652110547143,58965.672391292144,84.0141691980564,1.5075817313554984e-14
400,TE,56,260,576,0.03787596299460744,4.9892979059654604e-08,0.9621239871124134,0.9621240370053925,0.0,17.144024609122425,1437681664,1967128576,analytic,,,12.6022539551934,20984.503875719114,6.574820151463043,5.818310789586022e-15
400,TM,56,260,576,0.0008508752241086122,0.026442638635646366,0.972706486140245,0.9991491247758914,0.0,17.144024609122425,1437681664,1967128576,analytic,,,12.6022539551934,20984.503875719114,6.574820151463043,5.818310789586022e-15
450,TE,56,260,576,0.054476274045900025,2.1178500643936672e-07,0.9455235141690935,0.9455237259541,0.0,16.918075339868665,1437681664,1967128576,analytic,,,11.208073151171256,26686.1425250833,6.29060676574597,5.40219675689035e-15
450,TM,56,260,576,0.0009214462893086838,0.029964412258607565,0.9691141414520837,0.9990785537106913,0.0,16.918075339868665,1437681664,1967128576,analytic,,,11.208073151171256,26686.1425250833,6.29060676574597,5.40219675689035e-15
500,TE,56,260,576,0.09353027003970267,2.5749329369866457e-06,0.9064671550273603,0.9064697299602973,0.0,16.781537789851427,1437681664,1967128576,analytic,,,10.94529943085764,33730.78193269367,5.638262582623051,7.036538925995017e-15
500,TM,56,260,576,0.0010164255051295836,0.03021170820679254,0.9687718662880779,0.9989835744948704,0.0,16.781537789851427,1437681664,1967128576,analytic,,,10.94529943085764,33730.78193269367,5.638262582623051,7.036538925995017e-15
550,TE,56,260,576,0.5111064511218095,2.018498772509341e-07,0.4888933470283132,0.4888935488781905,0.0,16.435170627664775,1437681664,1967128576,analytic,,,10.077175990196519,36537.285725794136,12.321366812698237,7.73386035725345e-15
550,TM,56,260,576,0.058673133161963376,0.15338315094581642,0.7879437158922201,0.9413268668380366,0.0,16.435170627664775,1437681664,1967128576,analytic,,,10.077175990196519,36537.285725794136,12.321366812698237,7.73386035725345e-15
600,TE,56,260,576,0.7819220265844975,1.1629784953322522e-08,0.21807796178571756,0.2180779734155025,0.0,16.944701259955764,1437681664,1967128576,analytic,,,19.378132689883447,65482.589657382494,37.502393991012134,7.87377883918897e-15
600,TM,56,260,576,0.38376297355133426,0.14136834266524845,0.4748686837834173,0.6162370264486657,0.0,16.944701259955764,1437681664,1967128576,analytic,,,19.378132689883447,65482.589657382494,37.502393991012134,7.87377883918897e-15
650,TE,56,260,576,0.89564288526166,1.4769919430243043e-09,0.10435711326134803,0.10435711473833997,0.0,17.07654803711921,1437681664,1967128576,analytic,,,14.252119437336887,81467.0189576574,160.6293623686261,1.668200533360325e-14
650,TM,56,260,576,0.669442470146828,0.07977791836148798,0.25077961149168404,0.330557529853172,0.0,17.07654803711921,1437681664,1967128576,analytic,,,14.252119437336887,81467.0189576574,160.6293623686261,1.668200533360325e-14
700,TE,56,260,576,0.9299986644128035,4.2535569008512665e-10,0.07000133516184076,0.07000133558719646,0.0,17.106093345209956,1437681664,1967128576,analytic,,,31.77099260295648,82749.56285281069,59.7681672895243,1.073272766191637e-14
700,TM,56,260,576,0.7514036252888426,0.05742795363453043,0.19116842107662693,0.24859637471115736,0.0,17.106093345209956,1437681664,1967128576,analytic,,,31.77099260295648,82749.56285281069,59.7681672895243,1.073272766191637e-14
400,TE,56,300,576,0.037878174314884404,4.989371086717952e-08,0.9621217757914048,0.9621218256851156,0.0,20.65044541284442,1650489344,1967128576,analytic,,,10.257170113220356,20347.961826631774,6.576533272984514,5.7840849371032e-15
400,TM,56,300,576,0.0008523369986761737,0.026482790430657214,0.9726648725706666,0.9991476630013238,0.0,20.65044541284442,1650489344,1967128576,analytic,,,10.257170113220356,20347.961826631774,6.576533272984514,5.7840849371032e-15
450,TE,56,300,576,0.05447859643559435,2.117872884968799e-07,0.9455211917771171,0.9455214035644056,0.0,20.075956800952554,1650489344,1967128576,analytic,,,9.789366286982695,25883.3322849375,6.291910382985749,5.176734903060695e-15
450,TM,56,300,576,0.0009223823954504525,0.03000722738217916,0.9690703902223703,0.9990776176045495,0.0,20.075956800952554,1650489344,1967128576,analytic,,,9.789366286982695,25883.3322849375,6.291910382985749,5.176734903060695e-15
500,TE,56,300,576,0.09353279287734,2.5749518870252017e-06,0.906464632170773,0.90646720712266,0.0,19.454376456327736,1650489344,1967128576,analytic,,,10.986952308364302,32759.886982545755,5.668263193555012,7.195268918560747e-15
500,TM,56,300,576,0.0010181462272934553,0.03026952115679143,0.9687123326159152,0.9989818537727065,0.0,19.454376456327736,1650489344,1967128576,analytic,,,10.986952308364302,32759.886982545755,5.668263193555012,7.195268918560747e-15
550,TE,56,300,576,0.5111102862214308,2.0185188368940747e-07,0.48888951192668545,0.48888971377856916,0.0,19.24506591912359,1650489344,1967128576,analytic,,,10.167244366135524,35197.98062140283,12.613789386444376,7.231847978284713e-15
550,TM,56,300,576,0.05914571385708232,0.15354087681673437,0.7873134093261833,0.9408542861429177,0.0,19.24506591912359,1650489344,1967128576,analytic,,,10.167244366135524,35197.98062140283,12.613789386444376,7.231847978284713e-15
600,TE,56,300,576,0.7819243297769349,1.1629965986725488e-08,0.21807565859309908,0.21807567022306507,0.0,19.864305591210723,1650489344,1967128576,analytic,,,12.840996485006396,44209.324398403194,40.19314555688078,8.148539770313059e-15
600,TM,56,300,576,0.38733777233115785,0.1414138043535248,0.47124842331531736,0.6126622276688422,0.0,19.864305591210723,1650489344,1967128576,analytic,,,12.840996485006396,44209.324398403194,40.19314555688078,8.148539770313059e-15
650,TE,56,300,576,0.895644122418245,1.4770218495739977e-09,0.10435587610473317,0.10435587758175502,0.0,19.20846544811502,1650489344,1967128576,analytic,,,23.12628720015517,68497.43366501512,164.43711696889545,1.4408308191444725e-14
650,TM,56,300,576,0.6671195322971004,0.07919942289689125,0.25368104480600834,0.3328804677028996,0.0,19.20846544811502,1650489344,1967128576,analytic,,,23.12628720015517,68497.43366501512,164.43711696889545,1.4408308191444725e-14
700,TE,56,300,576,0.9299995331809017,4.253657869771206e-10,0.07000046639373254,0.07000046681909833,0.0,20.068324415013194,1650489344,1967128576,analytic,,,33.161717118463365,63795.70127946409,63.75931633908925,1.0080298593214901e-14
700,TM,56,300,576,0.7559165437984098,0.0582102093647837,0.1858732468368065,0.24408345620159022,0.0,20.068324415013194,1650489344,1967128576,analytic,,,33.161717118463365,63795.70127946409,63.75931633908925,1.0080298593214901e-14
400,TE,64,300,576,0.03787823750452862,4.989374155019103e-08,0.9621217126017299,0.9621217624954714,0.0,28.321458746679127,2209309184,2231369728,analytic,,,11.720738492379967,37062.97692922729,6.561863560067053,6.359942690780749e-15
400,TM,64,300,576,0.0008531409205549635,0.026518095917518577,0.9726287631619265,0.999146859079445,0.0,28.321458746679127,2209309184,2231369728,analytic,,,11.720738492379967,37062.97692922729,6.561863560067053,6.359942690780749e-15
450,TE,64,300,576,0.05447865611781896,2.117873927897183e-07,0.9455211320947883,0.945521343882181,0.0,24.28786025196314,2209309184,2231369728,analytic,,,14.265046509097822,40820.4810709993,6.29215080362601,5.821749762093786e-15
450,TM,64,300,576,0.0009230922276087009,0.030044634326163035,0.9690322734462283,0.9990769077723913,0.0,24.28786025196314,2209309184,2231369728,analytic,,,14.265046509097822,40820.4810709993,6.29215080362601,5.821749762093786e-15
500,TE,64,300,576,0.09353284435494955,2.5749538877890523e-06,0.9064645806911626,0.9064671556450504,0.0,23.969117971137166,2209309184,2231369728,analytic,,,10.932007885723337,43389.41687060418,6.091586155456832,8.411191130206848e-15
500,TM,64,300,576,0.0010173910782401022,0.030340683383488855,0.9686419255382711,0.9989826089217599,0.0,23.969117971137166,2209309184,2231369728,analytic,,,10.932007885723337,43389.41687060418,6.091586155456832,8.411191130206848e-15
550,TE,64,300,576,0.5111103969599944,2.018522139671609e-07,0.4888894011877917,0.4888896030400056,0.0,24.032409285660833,2209309184,2231369728,analytic,,,10.496058648027594,56063.40671806991,19.36633619353715,7.314955543067882e-15
550,TM,64,300,576,0.05936138916430326,0.15521490566310825,0.7854237051725885,0.9406386108356968,0.0,24.032409285660833,2209309184,2231369728,analytic,,,10.496058648027594,56063.40671806991,19.36633619353715,7.314955543067882e-15
600,TE,64,300,576,0.7819244177420464,1.1629992344144794e-08,0.21807557062796132,0.21807558225795365,0.0,24.234756011050195,2209309184,2231369728,analytic,,,13.096485428457031,75323.9433685309,42.09368520470428,7.906446145439952e-15
600,TM,64,300,576,0.38873579599381664,0.1418891243614549,0.4693750796447284,0.6112642040061833,0.0,24.234756011050195,2209309184,2231369728,analytic,,,13.096485428457031,75323.9433685309,42.09368520470428,7.906446145439952e-15
650,TE,64,300,576,0.8956441780389984,1.4770258787386942e-09,0.1043558204839757,0.10435582196100157,0.0,24.21005571540445,2209309184,2231369728,analytic,,,35.315087632312924,146069.65187432017,110.87551252510164,7.226290103441488e-15
650,TM,64,300,576,0.6717425984968302,0.07991065058974584,0.248346750913424,0.32825740150316984,0.0,24.21005571540445,2209309184,2231369728,analytic,,,35.315087632312924,146069.65187432017,110.87551252510164,7.226290103441488e-15
700,TE,64,300,576,0.9299995762225234,4.2536707754308175e-10,0.07000042335210954,0.07000042377747662,0.0,24.303188422694802,2209309184,2231369728,analytic,,,19.456393624337498,87340.62281286098,45.741363239877046,8.568573813391548e-15
700,TM,64,300,576,0.7595537802436833,0.05797355159628251,0.18247266816003424,0.24044621975631675,0.0,24.303188422694802,2209309184,2231369728,analytic,,,19.456393624337498,87340.62281286098,45.741363239877046,8.568573813391548e-15
400,TE,72,180,576,0.03786641698092715,4.988983538384669e-08,0.9621335331292374,0.9621335830190728,0.0,17.32759293075651,1700936704,2808086528,analytic,,,38.346414901736196,78646.67218285838,6.406238617703133,6.279499731187995e-15
400,TM,72,180,576,0.0008460357367452208,0.026229791467763997,0.9729241727954907,0.9991539642632548,0.0,17.32759293075651,1700936704,2808086528,analytic,,,38.346414901736196,78646.67218285838,6.406238617703133,6.279499731187995e-15
450,TE,72,180,576,0.054466237404979766,2.1177521713502888e-07,0.9455335508198031,0.9455337625950202,0.0,17.26736479997635,1700936704,2808086528,analytic,,,18.99047008737705,57496.748726077094,6.218460743293003,7.518653370158882e-15
450,TM,72,180,576,0.0009184296802198186,0.029737310110158496,0.9693442602096217,0.9990815703197802,0.0,17.26736479997635,1700936704,2808086528,analytic,,,18.99047008737705,57496.748726077094,6.218460743293003,7.518653370158882e-15
500,TE,72,180,576,0.09351934434310707,2.5748534959469825e-06,0.906478080803397,0.906480655656893,0.0,18.00911723310128,1700936704,2808086528,analytic,,,13.393098428562745,52050.3400131745,6.166638683683739,7.76096270164184e-15
500,TM,72,180,576,0.0010099679285456061,0.029915763362674926,0.9690742687087796,0.9989900320714544,0.0,18.00911723310128,1700936704,2808086528,analytic,,,13.393098428562745,52050.3400131745,6.166638683683739,7.76096270164184e-15
550,TE,72,180,576,0.511089898720861,2.0184165889625413e-07,0.48890989943748014,0.48891010127913903,0.0,17.334792461711913,1700936704,2808086528,analytic,,,18.180651020616192,147123.86799863423,21.28915397410921,1.1290075515952494e-14
550,TM,72,180,576,0.05692322746877421,0.15213593731460787,0.790940835216618,0.9430767725312258,0.0,17.334792461711913,1700936704,2808086528,analytic,,,18.180651020616192,147123.86799863423,21.28915397410921,1.1290075515952494e-14
600,TE,72,180,576,0.7819121237157988,1.162903784352322e-08,0.2180878646551634,0.21808787628420123,0.0,17.42483431380242,1700936704,2808086528,analytic,,,17.221135573484016,112417.72603461065,60.41148368301111,8.730418112638908e-15
600,TM,72,180,576,0.3705353852218336,0.14019589887407802,0.4892687159040884,0.6294646147781664,0.0,17.42483431380242,1700936704,2808086528,analytic,,,17.221135573484016,112417.72603461065,60.41148368301111,8.730418112638908e-15
650,TE,72,180,576,0.8956375808672661,1.4768679957602526e-09,0.10436241765586593,0.10436241913273392,0.0,17.411677220836282,1700936704,2808086528,analytic,,,30.312070544797432,150481.68749285422,31.307661130108613,7.320265777856488e-15
650,TM,72,180,576,0.6589459308317105,0.08004204387305733,0.26101202529523215,0.3410540691682895,0.0,17.411677220836282,1700936704,2808086528,analytic,,,30.312070544797432,150481.68749285422,31.307661130108613,7.320265777856488e-15
700,TE,72,180,576,0.9299949466143655,4.2531373146599656e-10,0.07000505296032072,0.07000505338563445,0.0,17.277458233293146,1700936704,2808086528,analytic,,,24.44451164750539,200012.92063058345,33.768319512857424,8.231226422558088e-15
700,TM,72,180,576,0.7466916544766254,0.05780511519219791,0.19550323033117664,0.25330834552337456,0.0,17.277458233293146,1700936704,2808086528,analytic,,,24.44451164750539,200012.92063058345,33.768319512857424,8.231226422558088e-15
400,TE,72,220,576,0.03787253992448255,4.989186167851302e-08,0.9621274101836558,0.9621274600755174,0.0,21.20730102295056,2063657984,2808086528,analytic,,,9.52175623672603,75416.76073527292,6.478747778035927,6.426646390919022e-15
400,TM,72,220,576,0.0008500047703790662,0.02635147168137634,0.9727985235482446,0.9991499952296209,0.0,21.20730102295056,2063657984,2808086528,analytic,,,9.52175623672603,75416.76073527292,6.478747778035927,6.426646390919022e-15
450,TE,72,220,576,0.054472668343557365,2.1178153568882584e-07,0.945527119874907,0.9455273316564426,0.0,20.806258955039084,2063657984,2808086528,analytic,,,9.377761511794857,76218.49615597913,6.261316480462506,7.047591871349448e-15
450,TM,72,220,576,0.0009208663974561114,0.029867929022684862,0.969211204579859,0.9990791336025439,0.0,20.806258955039084,2063657984,2808086528,analytic,,,9.377761511794857,76218.49615597913,6.261316480462506,7.047591871349448e-15
500,TE,72,220,576,0.09352633163762425,2.5749059218469515e-06,0.9064710934564539,0.9064736683623758,0.0,20.76291118795052,2063657984,2808086528,analytic,,,15.940814318524788,60115.57053460337,6.201738650319262,7.536348164314515e-15
500,TM,72,220,576,0.0010142653005956435,0.03010088702304481,0.9688848476763595,0.9989857346994043,0.0,20.76291118795052,2063657984,2808086528,analytic,,,15.940814318524788,60115.57053460337,6.201738650319262,7.536348164314515e-15
550,TE,72,220,576,0.5111005168025013,2.0184720533785862e-07,0.4888992813502933,0.48889948319749865,0.0,21.44707953510806,2063657984,2808086528,analytic,,,14.891039347909958,120559.15204167676,21.628168335894035,1.3796037766372537e-14
550,TM,72,220,576,0.05791139323403705,0.15272554443207081,0.7893630623338921,0.942088606765963,0.0,21.44707953510806,2063657984,2808086528,analytic,,,14.891039347909958,120559.15204167676,21.628168335894035,1.3796037766372537e-14
600,TE,72,220,576,0.7819184976002773,1.1629538400599738e-08,0.2180814907701843,0.21808150239972268,0.0,20.645930785220116,2063657984,2808086528,analytic,,,18.06877489494322,107456.9595476762,65.86294889694926,8.800241395069836e-15
600,TM,72,220,576,0.37721083247209886,0.14075459573041893,0.4820345717974822,0.6227891675279011,0.0,20.645930785220116,2063657984,2808086528,analytic,,,18.06877489494322,107456.9595476762,65.86294889694926,8.800241395069836e-15
650,TE,72,220,576,0.8956410033627333,1.476950696429206e-09,0.10435899516031596,0.10435899663726667,0.0,20.73257392877713,2063657984,2808086528,analytic,,,22.070620468159607,111581.74950137059,42.806291913732366,7.37513503519294e-15
650,TM,72,220,576,0.6671466522710049,0.07980887742006797,0.2530444703089271,0.3328533477289951,0.0,20.73257392877713,2063657984,2808086528,analytic,,,22.070620468159607,111581.74950137059,42.806291913732366,7.37513503519294e-15
700,TE,72,220,576,0.92999734936766,4.253416539579866e-10,0.07000265020699836,0.07000265063234001,0.0,21.09080263786018,2063657984,2808086528,analytic,,,21.17147948549448,188794.36958126293,29.66973301552171,7.46945001547124e-15
700,TM,72,220,576,0.7458890778627876,0.05821115703257954,0.1958997651046329,0.2541109221372124,0.0,21.09080263786018,2063657984,2808086528,analytic,,,21.17147948549448,188794.36958126293,29.66973301552171,7.46945001547124e-15
400,TE,72,260,576,0.03787606393472966,4.9893028002212104e-08,0.9621238861722423,0.9621239360652704,0.0,25.046773243695498,2426379264,2808086528,analytic,,,10.388603973620016,84778.36814924692,6.516175628023433,6.532613012761689e-15
400,TM,72,260,576,0.0008524473173060692,0.02642798398201456,0.9727195687006794,0.999147552682694,0.0,25.046773243695498,2426379264,2808086528,analytic,,,10.388603973620016,84778.36814924692,6.516175628023433,6.532613012761689e-15
450,TE,72,260,576,0.054476369394619265,2.1178517277121725e-07,0.945523418820208,0.9455236306053807,0.0,24.200005164835602,2426379264,2808086528,analytic,,,10.910186459103567,74089.51824342806,6.279510920970682,7.177185501585747e-15
450,TM,72,260,576,0.0009224464033978126,0.029949569089207144,0.9691279845073951,0.9990775535966022,0.0,24.200005164835602,2426379264,2808086528,analytic,,,10.910186459103567,74089.51824342806,6.279510920970682,7.177185501585747e-15
500,TE,72,260,576,0.09353035228728425,2.574936125684891e-06,0.9064670727765901,0.9064696477127158,0.0,24.375975826755166,2426379264,2808086528,analytic,,,44.09903108991749,155524.7634341605,6.18971169398543,7.312948437987122e-15
500,TM,72,260,576,0.0010170116135319813,0.03021294043815241,0.9687700479483157,0.998982988386468,0.0,24.375975826755166,2426379264,2808086528,analytic,,,44.09903108991749,155524.7634341605,6.18971169398543,7.312948437987122e-15
550,TE,72,260,576,0.5111066282856946,2.0185040352937744e-07,0.48889316986390186,0.48889337171430536,0.0,24.55159804224968,2426379264,2808086528,analytic,,,11.758142654083416,102787.86708506674,20.365329618797126,7.97950199296976e-15
550,TM,72,260,576,0.058628110894208586,0.1531969800272292,0.7881749090785621,0.9413718891057914,0.0,24.55159804224968,2426379264,2808086528,analytic,,,11.758142654083416,102787.86708506674,20.365329618797126,7.97950199296976e-15
600,TE,72,260,576,0.7819221674585071,1.1629826954523642e-08,0.21807782091166597,0.21807783254149293,0.0,24.432659842073917,2426379264,2808086528,analytic,,,13.225500366583955,95200.65142314263,58.73813902642908,7.94527056315231e-15
600,TM,72,260,576,0.38340877163963927,0.14101638461076121,0.4755748437495995,0.6165912283603607,0.0,24.432659842073917,2426379264,2808086528,analytic,,,13.225500366583955,95200.65142314263,58.73813902642908,7.94527056315231e-15
650,TE,72,260,576,0.895642974405468,1.4769983640441823e-09,0.1043570241175336,0.10435702559453197,0.0,24.905850161332637,2426379264,2808086528,analytic,,,16.317325115273462,147749.2859708908,55.918865233684244,7.764023495769599e-15
650,TM,72,260,576,0.6662507679292278,0.07961614746036215,0.25413308461041006,0.33374923207077223,0.0,24.905850161332637,2426379264,2808086528,analytic,,,16.317325115273462,147749.2859708908,55.918865233684244,7.764023495769599e-15
700,TE,72,260,576,0.9299987334121818,4.253577469055584e-10,0.0700012661624605,0.07000126658781824,0.0,24.974505259189755,2426379264,2808086528,analytic,,,37.41701010284508,204275.66645683043,31.48007457877594,7.752357454072698e-15
700,TM,72,260,576,0.754051969450208,0.0581168896051384,0.18783114094465359,0.24594803054979197,0.0,24.974505259189755,2426379264,2808086528,analytic,,,37.41701010284508,204275.66645683043,31.48007457877594,7.752357454072698e-15
400,TE,72,300,576,0.037878275885516496,4.989376012720038e-08,0.9621216742207234,0.9621217241144835,0.0,28.286722536198795,2789100544,2808086528,analytic,,,12.525962669890633,55410.05812233245,6.5375231625967425,6.232867651719674e-15
400,TM,72,300,576,0.0008540672841225607,0.026479175950703693,0.9726667567651738,0.9991459327158775,0.0,28.286722536198795,2789100544,2808086528,analytic,,,12.525962669890633,55410.05812233245,6.5375231625967425,6.232867651719674e-15
450,TE,72,300,576,0.05447869237976333,2.117874559068048e-07,0.9455210958327808,0.9455213076202367,0.0,28.421015828847885,2789100544,2808086528,analytic,,,14.695740663225084,59330.76583587542,6.28754498731484,7.31385569890869e-15
450,TM,72,300,576,0.0009235208427744474,0.030004083050823697,0.9690723961064018,0.9990764791572255,0.0,28.421015828847885,2789100544,2808086528,analytic,,,14.695740663225084,59330.76583587542,6.28754498731484,7.31385569890869e-15
500,TE,72,300,576,0.09353287563877212,2.5749550966493876e-06,0.9064645494061312,0.9064671243612279,0.0,28.905876401811838,2789100544,2808086528,analytic,,,11.564061098013482,55138.08513221725,6.201703672275786,7.0876128998696876e-15
500,TM,72,300,576,0.0010188825141360588,0.0302867064728251,0.9686944110130389,0.9989811174858639,0.0,28.905876401811838,2789100544,2808086528,analytic,,,11.564061098013482,55138.08513221725,6.201703672275786,7.0876128998696876e-15
550,TE,72,300,576,0.5111104644683769,2.018524134318812e-07,0.4888893336792096,0.48888953553162307,0.0,28.48849610891193,2789100544,2808086528,analytic,,,10.836406693021775,85469.68721683857,21.39822058661697,7.53048193967995e-15
550,TM,72,300,576,0.05917997045130098,0.15360218279824606,0.7872178467504529,0.940820029548699,0.0,28.48849610891193,2789100544,2808086528,analytic,,,10.836406693021775,85469.68721683857,21.39822058661697,7.53048193967995e-15
600,TE,72,300,576,0.7819244715103982,1.1630008264358165e-08,0.2180755168595935,0.21807552848960177,0.0,28.33473041187972,2789100544,2808086528,analytic,,,12.30398785365106,95687.72636129841,51.788735679393874,7.711259703104942e-15
600,TM,72,300,576,0.3861348719602924,0.14107418644387434,0.47279094159583324,0.6138651280397076,0.0,28.33473041187972,2789100544,2808086528,analytic,,,12.30398785365106,95687.72636129841,51.788735679393874,7.711259703104942e-15
650,TE,72,300,576,0.8956442120944562,1.4770283128207131e-09,0.10435578642851547,0.10435578790554378,0.0,28.352490233257413,2789100544,2808086528,analytic,,,38.76019333511131,165033.63119963932,70.6216286314628,7.578544338136301e-15
650,TM,72,300,576,0.6681999887118839,0.0800006063907747,0.2517994048973414,0.3318000112881161,0.0,28.352490233257413,2789100544,2808086528,analytic,,,38.76019333511131,165033.63119963932,70.6216286314628,7.578544338136301e-15
700,TE,72,300,576,0.9299996026042249,4.2536785731660183e-10,0.07000039697040727,0.07000039739577513,0.0,28.75344210397452,2789100544,2808086528,analytic,,,13.775331958928097,114904.67034621762,35.93535185845936,7.013583257178821e-15
700,TM,72,300,576,0.7549798488690325,0.057923449620542064,0.18709670151042546,0.24502015113096753,0.0,28.75344210397452,2789100544,2808086528,analytic,,,13.775331958928097,114904.67034621762,35.93535185845936,7.013583257178821e-15
