layer,kind,top_z_nm,bottom_z_nm,thickness_nm,pmma_core_radius_nm,gold_outer_radius_nm
0,top_disk,530.0,500.0,30.0,,35.0
1,shell,500.0,484.3333333333333,15.666666666666666,5.9399999999999995,35.94
2,shell,484.3333333333333,468.6666666666667,15.666666666666666,7.82,37.82
3,shell,468.6666666666667,453.0,15.666666666666668,9.7,39.7
4,shell,453.0,437.3333333333333,15.666666666666664,11.58,41.58
5,shell,437.3333333333333,421.6666666666667,15.666666666666664,13.459999999999999,43.46
6,shell,421.6666666666667,406.0,15.666666666666671,15.339999999999998,45.339999999999996
7,shell,406.0,390.3333333333333,15.666666666666671,17.22,47.22
8,shell,390.3333333333333,374.6666666666667,15.666666666666657,19.1,49.1
9,shell,374.6666666666667,359.0,15.666666666666671,20.979999999999997,50.98
10,shell,359.0,343.33333333333337,15.666666666666657,22.86,52.86
11,shell,343.33333333333337,327.66666666666663,15.666666666666686,24.740000000000002,54.74
12,shell,327.66666666666663,312.0,15.666666666666657,26.620000000000005,56.620000000000005
13,shell,312.0,296.33333333333337,15.666666666666657,28.499999999999996,58.5
14,shell,296.33333333333337,280.66666666666663,15.666666666666686,30.38,60.379999999999995
15,shell,280.66666666666663,265.0,15.666666666666657,32.260000000000005,62.260000000000005
16,shell,265.0,249.33333333333334,15.666666666666657,34.14,64.14
17,shell,249.33333333333334,233.66666666666669,15.666666666666657,36.019999999999996,66.02
18,shell,233.66666666666669,218.0,15.666666666666686,37.89999999999999,67.89999999999999
19,shell,218.0,202.33333333333331,15.666666666666686,39.78000000000001,69.78
20,shell,202.33333333333331,186.66666666666669,15.666666666666629,41.66,71.66
21,shell,186.66666666666669,171.0,15.666666666666686,43.54,73.53999999999999
22,shell,171.0,155.33333333333331,15.666666666666686,45.42,75.42
23,shell,155.33333333333331,139.66666666666669,15.666666666666629,47.3,77.3
24,shell,139.66666666666669,124.0,15.666666666666686,49.18,79.18
25,shell,124.0,108.33333333333331,15.666666666666686,51.06,81.06
26,shell,108.33333333333331,92.66666666666669,15.666666666666629,52.940000000000005,82.94
27,shell,92.66666666666669,77.0,15.666666666666686,54.81999999999999,84.82
28,shell,77.0,61.333333333333314,15.666666666666686,56.7,86.7
29,shell,61.333333333333314,45.666666666666686,15.666666666666629,58.58,88.58
30,shell,45.666666666666686,30.0,15.666666666666686,60.459999999999994,90.46
31,valley,30.0,15.0,15.0,62.3,fills_cell_outside_pmma
32,valley,15.0,0.0,15.0,64.1,fills_cell_outside_pmma
